"date","solar.time","DO.obs","DO.sat","depth","temp.water","light","DO.mod"
2022-07-26,2022-07-26 23:58:50.660809,7.48,8.28648081549621,0.21,22.241,0,NA
2022-07-26,2022-07-27 00:13:50.660809,7.535,8.31281779675693,0.22,22.074,0,NA
2022-07-26,2022-07-27 00:28:50.660809,7.563,8.32984124078988,0.22,21.965,0,NA
2022-07-26,2022-07-27 00:43:50.660809,7.597,8.35363191427938,0.22,21.831,0,NA
2022-07-26,2022-07-27 00:58:50.660809,7.62,8.37592198125718,0.22,21.689,0,NA
2022-07-26,2022-07-27 01:13:50.660809,7.648,8.39626813458055,0.21,21.563,0,NA
2022-07-26,2022-07-27 01:28:50.660809,7.65,8.41352794118719,0.21,21.463,0,NA
2022-07-26,2022-07-27 01:43:50.660809,7.673,8.43030119651904,0.21,21.363,0,NA
2022-07-26,2022-07-27 01:58:50.660809,7.674,8.4464901468519,0.21,21.262,0,NA
2022-07-26,2022-07-27 02:13:50.660809,7.715,8.46998200689716,0.21,21.137,0,NA
2022-07-26,2022-07-27 02:28:50.660809,7.755,8.4841127419829,0.22,21.028,0,NA
2022-07-26,2022-07-27 02:43:50.660809,7.775,8.50108314506173,0.22,20.928,0,NA
2022-07-26,2022-07-27 02:58:50.660809,7.789,8.51738426810958,0.22,20.844,0,NA
2022-07-26,2022-07-27 03:13:50.660809,7.794,8.53488001156454,0.21,20.752,0,NA
2022-07-26,2022-07-27 03:28:50.660809,7.836,8.55429295575066,0.21,20.66,0,NA
2022-07-26,2022-07-27 03:43:50.660809,7.862,8.56757591024283,0.22,20.559,0,NA
2022-07-26,2022-07-27 03:58:50.660809,7.88,8.58553957452842,0.21,20.484,0,NA
2022-07-27,2022-07-27 04:13:50.660809,7.897,8.59293597966137,0.22,20.417,0,7.897
2022-07-27,2022-07-27 04:28:50.660809,7.894,8.60236651699353,0.22,20.35,0,7.87132283455592
2022-07-27,2022-07-27 04:43:50.660809,7.921,8.62561736733796,0.22,20.241,37.3436684380573,7.86157883639885
2022-07-27,2022-07-27 04:58:50.660809,7.949,8.63516363163527,0.22,20.183,129.582055949181,7.87704541179582
2022-07-27,2022-07-27 05:13:50.660809,7.998,8.6525788711181,0.22,20.099,223.666119106944,7.91873056426321
2022-07-27,2022-07-27 05:28:50.660809,8.037,8.66892622582453,0.21,20.015,319.192976164969,7.97842123069956
2022-07-27,2022-07-27 05:43:50.660809,8.077,8.68210044753599,0.22,19.948,415.753566944267,8.05410583189111
2022-07-27,2022-07-27 05:58:50.660809,8.156,8.69129374808795,0.22,19.889,512.934404486189,8.14383179827081
2022-07-27,2022-07-27 06:13:50.660809,8.252,8.70082030107189,0.22,19.839,610.319345768592,8.24097096395481
2022-07-27,2022-07-27 06:28:50.660809,8.343,8.70174208487005,0.22,19.831,707.491373511043,8.34267375568489
2022-07-27,2022-07-27 06:43:50.660809,8.473,8.70063571452924,0.23,19.822,804.034382088276,8.44580399311721
2022-07-27,2022-07-27 06:58:50.660809,8.601,8.70205534965668,0.22,19.831,899.534959256295,8.55038992624584
2022-07-27,2022-07-27 07:13:50.660809,8.729,8.69423578835819,0.22,19.856,993.584156448752,8.65539716534514
2022-07-27,2022-07-27 07:28:50.660809,8.86,8.68230405629882,0.22,19.923,1085.77924006171,8.75793200057796
2022-07-27,2022-07-27 07:43:50.660809,8.986,8.66863184628872,0.23,19.998,1175.72541587484,8.85429499970746
2022-07-27,2022-07-27 07:58:50.660809,9.069,8.65300761722938,0.23,20.074,1263.03751970368,8.94423431270852
2022-07-27,2022-07-27 08:13:50.660809,9.129,8.64569690366128,0.23,20.132,1347.34166680566,9.03170348217953
2022-07-27,2022-07-27 08:28:50.660809,9.168,8.63624227888118,0.23,20.174,1428.2768527802,9.11721474010892
2022-07-27,2022-07-27 08:43:50.660809,9.285,8.62703769805669,0.22,20.25,1505.49649954698,9.20493232867457
2022-07-27,2022-07-27 08:58:50.660809,9.283,8.61780430247837,0.23,20.283,1578.6699394325,9.28820702962045
2022-07-27,2022-07-27 09:13:50.660809,9.333,8.60489995494196,0.23,20.342,1647.48383115,9.36152366420074
2022-07-27,2022-07-27 09:28:50.660809,9.483,8.57238341204391,0.24,20.492,1711.64350160298,9.42205010541986
2022-07-27,2022-07-27 09:43:50.660809,9.567,8.54307038754074,0.24,20.668,1770.8742076653,9.46887206133837
2022-07-27,2022-07-27 09:58:50.660809,9.59,8.49844616665856,0.23,20.936,1824.92231280164,9.51387933679203
2022-07-27,2022-07-27 10:13:50.660809,9.606,8.47258517370277,0.23,21.103,1873.55637307815,9.55670841757142
2022-07-27,2022-07-27 10:28:50.660809,9.615,8.45947619187894,0.23,21.195,1916.56812832961,9.5948911206209
2022-07-27,2022-07-27 10:43:50.660809,9.616,8.42107477270676,0.24,21.396,1953.77339392363,9.6190201118218
2022-07-27,2022-07-27 10:58:50.660809,9.612,8.38999419760394,0.23,21.589,1985.01284951994,9.63546380800659
2022-07-27,2022-07-27 11:13:50.660809,9.656,8.33177732707429,0.24,21.898,2010.15272130548,9.64102287612647
2022-07-27,2022-07-27 11:28:50.660809,9.635,8.27983003642508,0.24,22.216,2029.08535485311,9.62619236612555
2022-07-27,2022-07-27 11:43:50.660809,9.598,8.22787422820448,0.24,22.534,2041.72967611596,9.60273562914216
2022-07-27,2022-07-27 11:58:50.660809,9.551,8.17602336240438,0.25,22.852,2048.03153862158,9.56417392166751
2022-07-27,2022-07-27 12:13:50.660809,9.543,8.12865973989213,0.25,23.145,2047.96395535676,9.51363114366761
2022-07-27,2022-07-27 12:28:50.660809,9.506,8.08036566527615,0.25,23.447,2041.52721433589,9.46032589733911
2022-07-27,2022-07-27 12:43:50.660809,9.46,8.02872870728892,0.25,23.774,2028.74887738156,9.40267766103125
2022-07-27,2022-07-27 12:58:50.660809,9.421,7.98170007595607,0.25,24.076,2009.68366212229,9.340500331683
2022-07-27,2022-07-27 13:13:50.660809,9.341,7.93315763335093,0.25,24.403,1984.41320768217,9.27395962353965
2022-07-27,2022-07-27 13:28:50.660809,9.276,7.8826778584814,0.26,24.689,1953.04572511247,9.19638455192344
2022-07-27,2022-07-27 13:43:50.660809,9.142,7.85111480223481,0.26,24.908,1915.7155340354,9.11255163844416
2022-07-27,2022-07-27 13:58:50.660809,9.032,7.82962876457685,0.25,25.093,1872.58248744822,9.03924814380354
2022-07-27,2022-07-27 14:13:50.660809,8.968,7.80950462628814,0.25,25.236,1823.83128725827,8.9739077978234
2022-07-27,2022-07-27 14:28:50.660809,8.974,7.78035639707512,0.25,25.405,1769.67069330847,8.90611482180176
2022-07-27,2022-07-27 14:43:50.660809,8.905,7.74418350189558,0.25,25.658,1710.33262953845,8.83260989336854
2022-07-27,2022-07-27 14:58:50.660809,8.804,7.71978837813448,0.25,25.843,1646.07119075989,8.75451508183071
2022-07-27,2022-07-27 15:13:50.660809,8.717,7.69510325061426,0.25,26.012,1577.16155462713,8.67405442936315
2022-07-27,2022-07-27 15:28:50.660809,8.621,7.67774191918152,0.24,26.139,1503.8988033484,8.59624588906445
2022-07-27,2022-07-27 15:43:50.660809,8.548,7.65871192612784,0.25,26.257,1426.59666001471,8.51624324107332
2022-07-27,2022-07-27 15:58:50.660809,8.454,7.64898650252921,0.25,26.333,1345.58614517883,8.43096769000596
2022-07-27,2022-07-27 16:13:50.660809,8.365,7.64443657952273,0.24,26.384,1261.21415948198,8.35042816416854
2022-07-27,2022-07-27 16:28:50.660809,8.249,7.64456725148826,0.24,26.401,1173.84199808915,8.27362565110759
2022-07-27,2022-07-27 16:43:50.660809,8.124,7.64436250219297,0.24,26.384,1083.84380358671,8.19625194465369
2022-07-27,2022-07-27 16:58:50.660809,7.97,7.65027896088605,0.24,26.342,991.604963843112,8.11879383002803
2022-07-27,2022-07-27 17:13:50.660809,7.851,7.66172811370987,0.24,26.266,897.520461713368,8.0425058517575
2022-07-27,2022-07-27 17:28:50.660809,7.702,7.67550522923031,0.24,26.164,801.993183657579,7.96776928483383
2022-07-27,2022-07-27 17:43:50.660809,7.611,7.69347307652742,0.24,26.071,705.432194484314,7.89467295055616
2022-07-27,2022-07-27 17:58:50.660809,7.515,7.70010354688159,0.24,25.995,608.250985768205,7.82134856418355
2022-07-27,2022-07-27 18:13:50.660809,7.426,7.71556481315578,0.23,25.919,510.865705024795,7.74611497115372
2022-07-27,2022-07-27 18:28:50.660809,7.355,7.738243571353,0.22,25.801,413.693373872321,7.66934076757448
2022-07-27,2022-07-27 18:43:50.660809,7.31,7.74994738305827,0.23,25.691,317.150102140403,7.5934077798863
2022-07-27,2022-07-27 18:58:50.660809,7.253,7.76547771139072,0.22,25.598,221.649306113191,7.51594490569797
2022-07-27,2022-07-27 19:13:50.660809,7.197,7.78328134696712,0.22,25.48,127.599938124633,7.43601841908944
2022-07-27,2022-07-27 19:28:50.660809,7.135,7.80624100184656,0.22,25.346,35.4047353738423,7.35817450264435
2022-07-27,2022-07-27 19:43:50.660809,7.103,7.83040190615285,0.22,25.177,0,7.29085835586531
2022-07-27,2022-07-27 19:58:50.660809,7.072,7.85123156450085,0.22,25.042,0,7.2437462332063
2022-07-27,2022-07-27 20:13:50.660809,7.129,7.87214126868875,0.22,24.908,0,7.21556895649976
2022-07-27,2022-07-27 20:28:50.660809,7.128,7.89721716599029,0.22,24.765,0,7.20140685040908
2022-07-27,2022-07-27 20:43:50.660809,7.136,7.9191235599496,0.22,24.622,0,7.19731567451745
2022-07-27,2022-07-27 20:58:50.660809,7.129,7.93673001556459,0.22,24.496,0,7.19936047116747
2022-07-27,2022-07-27 21:13:50.660809,7.143,7.96147501429827,0.21,24.344,0,7.2012560345374
2022-07-27,2022-07-27 21:28:50.660809,7.175,7.98411447549668,0.22,24.185,0,7.20853095167309
2022-07-27,2022-07-27 21:43:50.660809,7.189,8.00582772509382,0.22,24.042,0,7.22412608806969
2022-07-27,2022-07-27 21:58:50.660809,7.217,8.03305840058088,0.22,23.866,0,7.24139018164321
2022-07-27,2022-07-27 22:13:50.660809,7.243,8.06259587685536,0.21,23.698,0,7.25597139487423
2022-07-27,2022-07-27 22:28:50.660809,7.277,8.08140953294554,0.22,23.547,0,7.27239067401795
2022-07-27,2022-07-27 22:43:50.660809,7.297,8.10779890653213,0.21,23.388,0,7.28970356559333
2022-07-27,2022-07-27 22:58:50.660809,7.333,8.1304486634806,0.21,23.237,0,7.30327966771448
2022-07-27,2022-07-27 23:13:50.660809,7.355,8.15754653039424,0.21,23.061,0,7.31909092555931
2022-07-27,2022-07-27 23:28:50.660809,7.382,8.17972480181338,0.21,22.911,0,7.33644404226728
2022-07-27,2022-07-27 23:43:50.660809,7.419,8.2052986127703,0.21,22.752,0,7.35473679166896
2022-07-27,2022-07-27 23:58:50.660809,7.432,8.22511404901056,0.21,22.626,0,7.37344801040477
2022-07-27,2022-07-28 00:13:50.660809,7.452,8.25004029012711,0.21,22.492,0,7.3924357841246
2022-07-27,2022-07-28 00:28:50.660809,7.472,8.2731462972864,0.2,22.341,0,7.40658561496901
2022-07-27,2022-07-28 00:43:50.660809,7.49,8.29502850686998,0.2,22.208,0,7.41678611964805
2022-07-27,2022-07-28 00:58:50.660809,7.508,8.3186023406902,0.21,22.057,0,7.43498413171801
2022-07-27,2022-07-28 01:13:50.660809,7.552,8.33665545357906,0.21,21.931,0,7.45851806284085
2022-07-27,2022-07-28 01:28:50.660809,7.583,8.35810182741471,0.21,21.814,0,7.48034261254038
2022-07-27,2022-07-28 01:43:50.660809,7.626,8.38311685995166,0.21,21.655,0,7.50175986610593
2022-07-27,2022-07-28 01:58:50.660809,7.655,8.40095064987413,0.21,21.53,0,7.52237415571131
2022-07-27,2022-07-28 02:13:50.660809,7.657,8.42163119345124,0.2,21.421,0,7.5365329287995
2022-07-27,2022-07-28 02:28:50.660809,7.662,8.44167419994498,0.21,21.304,0,7.55169770173167
2022-07-27,2022-07-28 02:43:50.660809,7.696,8.46148838146311,0.21,21.179,0,7.57286691567375
2022-07-27,2022-07-28 02:58:50.660809,7.715,8.48656371315425,0.2,21.045,0,7.58819513435951
2022-07-27,2022-07-28 03:13:50.660809,7.735,8.50856080068512,0.2,20.928,0,7.59952901197235
2022-07-27,2022-07-28 03:28:50.660809,7.753,8.5247714437151,0.21,20.819,0,7.61769113032978
2022-07-27,2022-07-28 03:43:50.660809,7.778,8.54806009770633,0.21,20.685,0,7.64100205830582
2022-07-27,2022-07-28 03:58:50.660809,7.798,8.56702132599183,0.21,20.559,0,7.66298550686224
2022-07-28,2022-07-28 04:13:50.660809,7.837,8.58557486095402,0.21,20.442,0,7.837
2022-07-28,2022-07-28 04:28:50.660809,7.874,8.60772028269065,0.21,20.325,0,7.81358365001852
2022-07-28,2022-07-28 04:43:50.660809,7.902,8.6277263847777,0.21,20.224,30.4741935367202,7.80470245888714
2022-07-28,2022-07-28 04:58:50.660809,7.942,8.65232842499769,0.2,20.107,122.841679776788,7.81609404302904
2022-07-28,2022-07-28 05:13:50.660809,7.986,8.66915578749783,0.2,20.015,217.057306230126,7.85235591419224
2022-07-28,2022-07-28 05:28:50.660809,8.028,8.6839485753629,0.21,19.915,312.717622112022,7.91478760755605
2022-07-28,2022-07-28 05:43:50.660809,8.066,8.69641703771388,0.2,19.847,409.412990050217,7.99420225013405
2022-07-28,2022-07-28 05:58:50.660809,8.148,8.70968932511255,0.21,19.739,506.729340184954,8.08529694017751
2022-07-28,2022-07-28 06:13:50.660809,8.241,8.72290329404039,0.21,19.697,604.249943300895,8.18784040390372
2022-07-28,2022-07-28 06:28:50.660809,8.335,8.72603020581848,0.21,19.663,701.557195401047,8.2958918359183
2022-07-28,2022-07-28 06:43:50.660809,8.433,8.72613187179788,0.21,19.663,798.234406001502,8.40656346761195
2022-07-28,2022-07-28 06:58:50.660809,8.579,8.72283863826372,0.21,19.697,893.867582336133,8.51831027611766
2022-07-28,2022-07-28 07:13:50.660809,8.722,8.7204986926612,0.21,19.705,988.047202318731,8.6302215602021
2022-07-28,2022-07-28 07:28:50.660809,8.841,8.7057833065231,0.22,19.755,1080.36996820403,8.73803312237684
2022-07-28,2022-07-28 07:43:50.660809,8.95,8.69446097660128,0.22,19.814,1170.44053345164,8.84042817592609
2022-07-28,2022-07-28 07:58:50.660809,9.044,8.67528832327083,0.22,19.889,1257.87319586293,8.93915683614554
2022-07-28,2022-07-28 08:13:50.660809,9.142,8.66024952417998,0.22,19.99,1342.29354912515,9.03374457707372
2022-07-28,2022-07-28 08:28:50.660809,9.227,8.64610988963163,0.22,20.074,1423.34008622112,9.12478149748471
2022-07-28,2022-07-28 08:43:50.660809,9.294,8.62243286118217,0.22,20.199,1500.66574733385,9.2109477797421
2022-07-28,2022-07-28 08:58:50.660809,9.379,8.60328654313101,0.22,20.3,1573.93940619255,9.29159498723854
2022-07-28,2022-07-28 09:13:50.660809,9.436,8.56790876059463,0.23,20.442,1642.84728794981,9.35980953476707
2022-07-28,2022-07-28 09:28:50.660809,9.475,8.53192378316586,0.24,20.626,1707.09431286576,9.40921254197339
2022-07-28,2022-07-28 09:43:50.660809,9.522,8.50277050606493,0.24,20.794,1766.40535991389,9.44836243338882
2022-07-28,2022-07-28 09:58:50.660809,9.566,8.47379947835276,0.23,20.986,1820.52644492172,9.49016127815805
2022-07-28,2022-07-28 10:13:50.660809,9.59,8.43775726378691,0.23,21.212,1869.22580819776,9.53172663617574
2022-07-28,2022-07-28 10:28:50.660809,9.619,8.39685001872487,0.23,21.455,1912.29490698993,9.56416648469524
2022-07-28,2022-07-28 10:43:50.660809,9.626,8.34402267490653,0.24,21.731,1949.54930852427,9.57909318426259
2022-07-28,2022-07-28 10:58:50.660809,9.616,8.2960937046509,0.24,22.04,1980.82947980002,9.57780982582806
2022-07-28,2022-07-28 11:13:50.660809,9.614,8.25218386686909,0.23,22.316,2006.00147075831,9.57720582346387
2022-07-28,2022-07-28 11:28:50.660809,9.594,8.19952479853572,0.24,22.626,2024.95748790029,9.56783667104804
2022-07-28,2022-07-28 11:43:50.660809,9.566,8.14933145619924,0.23,22.952,2037.61635589887,9.54937658967146
2022-07-28,2022-07-28 11:58:50.660809,9.53,8.10036985404037,0.24,23.246,2043.9238652119,9.52278284309171
2022-07-28,2022-07-28 12:13:50.660809,9.493,8.04753543673135,0.24,23.572,2043.853004253,9.48098514560898
2022-07-28,2022-07-28 12:28:50.660809,9.456,7.998879505517,0.25,23.866,2037.40407505937,9.42685935985181
2022-07-28,2022-07-28 12:43:50.660809,9.407,7.9483610978107,0.25,24.185,2024.60469202075,9.36239338817552
2022-07-28,2022-07-28 12:58:50.660809,9.357,7.90454409153238,0.25,24.487,2005.50966363398,9.29596820600366
2022-07-28,2022-07-28 13:13:50.660809,9.3,7.86292846249119,0.24,24.79,1980.20075782871,9.2341447793829
2022-07-28,2022-07-28 13:28:50.660809,9.229,7.81457950549315,0.25,25.076,1948.78635182078,9.1675438818383
2022-07-28,2022-07-28 13:43:50.660809,9.172,7.77549641095065,0.25,25.354,1911.40096802185,9.0902776386147
2022-07-28,2022-07-28 13:58:50.660809,9.111,7.73226456531395,0.25,25.624,1868.20469802525,9.01085122630662
2022-07-28,2022-07-28 14:13:50.660809,9.039,7.71397576740836,0.24,25.793,1819.38251703027,8.93725175393124
2022-07-28,2022-07-28 14:28:50.660809,8.958,7.68554303461333,0.24,25.995,1765.14349179353,8.86869921667431
2022-07-28,2022-07-28 14:43:50.660809,8.858,7.65871091192308,0.24,26.173,1705.71988533339,8.79578054115037
2022-07-28,2022-07-28 14:58:50.660809,8.765,7.64970108771128,0.23,26.291,1641.36616232995,8.72639477031926
2022-07-28,2022-07-28 15:13:50.660809,8.672,7.61916645729087,0.23,26.477,1572.35789950998,8.65759913423407
2022-07-28,2022-07-28 15:28:50.660809,8.579,7.6063211289038,0.23,26.57,1498.99060550422,8.58244304499187
2022-07-28,2022-07-28 15:43:50.660809,8.469,7.58101386741892,0.23,26.757,1421.578455472,8.50239268109062
2022-07-28,2022-07-28 15:58:50.660809,8.366,7.56912671052919,0.23,26.825,1340.45294574448,8.4180827129388
2022-07-28,2022-07-28 16:13:50.660809,8.279,7.56144490805332,0.23,26.893,1255.96147422187,8.33261254908791
2022-07-28,2022-07-28 16:28:50.660809,8.172,7.55956029391347,0.22,26.927,1168.46585282798,8.24961818491014
2022-07-28,2022-07-28 16:43:50.660809,8.053,7.55743205995176,0.23,26.935,1078.34075806244,8.16601534151508
2022-07-28,2022-07-28 16:58:50.660809,7.904,7.5625072023464,0.22,26.901,985.972126620441,8.08138106795448
2022-07-28,2022-07-28 17:13:50.660809,7.741,7.57481527209093,0.22,26.825,891.755502702874,7.99963996969377
2022-07-28,2022-07-28 17:28:50.660809,7.558,7.5880225426318,0.22,26.732,796.094344231081,7.91858616748767
2022-07-28,2022-07-28 17:43:50.660809,7.473,7.60169048061685,0.21,26.647,699.398295070704,7.83767230470252
2022-07-28,2022-07-28 17:58:50.660809,7.363,7.61792492217535,0.21,26.545,602.081430915639,7.75632424721929
2022-07-28,2022-07-28 18:13:50.660809,7.304,7.62676739793373,0.21,26.469,504.560486092589,7.67328393952054
2022-07-28,2022-07-28 18:28:50.660809,7.252,7.64092249347707,0.21,26.393,407.253069031254,7.58861870953814
2022-07-28,2022-07-28 18:43:50.660809,7.166,7.65451145975866,0.21,26.308,310.575873858739,7.50343918324399
2022-07-28,2022-07-28 18:58:50.660809,7.099,7.67097915809347,0.21,26.181,214.942896194229,7.41829651594588
2022-07-28,2022-07-28 19:13:50.660809,7.021,7.68722355813891,0.21,26.088,120.763660136369,7.33376375857843
2022-07-28,2022-07-28 19:28:50.660809,6.991,7.70555418497511,0.2,25.97,28.4414646807465,7.24539625681936
2022-07-28,2022-07-28 19:43:50.660809,6.961,7.72712600909024,0.2,25.826,0,7.16378775694997
2022-07-28,2022-07-28 19:58:50.660809,6.939,7.74331865085651,0.21,25.683,0,7.10956773015611
2022-07-28,2022-07-28 20:13:50.660809,6.92,7.76162181581395,0.21,25.548,0,7.0790390739574
2022-07-28,2022-07-28 20:28:50.660809,6.928,7.78564451521982,0.21,25.396,0,7.06172686460798
2022-07-28,2022-07-28 20:43:50.660809,6.918,7.80277562266999,0.21,25.287,0,7.05394212907779
2022-07-28,2022-07-28 20:58:50.660809,6.924,7.81626983215143,0.21,25.185,0,7.05181719764968
2022-07-28,2022-07-28 21:13:50.660809,6.931,7.83457367127469,0.21,25.051,0,7.05391932270992
2022-07-28,2022-07-28 21:28:50.660809,6.949,7.85906506601431,0.21,24.908,0,7.06046350504954
2022-07-28,2022-07-28 21:43:50.660809,6.973,7.87820241130835,0.21,24.756,0,7.07031907146835
2022-07-28,2022-07-28 21:58:50.660809,7.002,7.90069933406725,0.21,24.622,0,7.08235137551798
2022-07-28,2022-07-28 22:13:50.660809,7.037,7.93029047155775,0.21,24.42,0,7.0972156340929
2022-07-28,2022-07-28 22:28:50.660809,7.067,7.95473007755081,0.21,24.269,0,7.11436390707978
2022-07-28,2022-07-28 22:43:50.660809,7.099,7.98113398057411,0.21,24.109,0,7.13287138771883
2022-07-28,2022-07-28 22:58:50.660809,7.128,8.00551393081307,0.21,23.95,0,7.15234544766707
2022-07-28,2022-07-28 23:13:50.660809,7.166,8.02493136692733,0.21,23.807,0,7.17166711217016
2022-07-28,2022-07-28 23:28:50.660809,7.202,8.05358080624653,0.21,23.631,0,7.19137517307384
2022-07-28,2022-07-28 23:43:50.660809,7.224,8.07491927503735,0.21,23.489,0,7.21161695763525
2022-07-28,2022-07-28 23:58:50.660809,7.265,8.10821555234371,0.21,23.296,0,7.23279270850585
2022-07-28,2022-07-29 00:13:50.660809,7.301,8.12875510214719,0.2,23.17,0,7.24949524837232
2022-07-28,2022-07-29 00:28:50.660809,7.324,8.15518975795794,0.21,22.994,0,7.26712288502563
2022-07-28,2022-07-29 00:43:50.660809,7.359,8.18055211932902,0.2,22.86,0,7.28602328135506
2022-07-28,2022-07-29 00:58:50.660809,7.393,8.20924657736898,0.2,22.676,0,7.30101201517414
2022-07-28,2022-07-29 01:13:50.660809,7.432,8.23062111984596,0.21,22.526,0,7.32274293580893
2022-07-28,2022-07-29 01:28:50.660809,7.459,8.25973463162922,0.21,22.358,0,7.34960438200138
2022-07-28,2022-07-29 01:43:50.660809,7.484,8.28349593440511,0.21,22.191,0,7.37544863139487
2022-07-28,2022-07-29 01:58:50.660809,7.537,8.31124814886773,0.21,22.015,0,7.40033688850658
2022-07-28,2022-07-29 02:13:50.660809,7.547,8.33831826182895,0.2,21.873,0,7.41986327660813
2022-07-28,2022-07-29 02:28:50.660809,7.562,8.36555903946946,0.21,21.706,0,7.44043448793947
2022-07-28,2022-07-29 02:43:50.660809,7.632,8.39400516732588,0.21,21.538,0,7.4670081442707
2022-07-28,2022-07-29 02:58:50.660809,7.676,8.41731348644969,0.21,21.396,0,7.49255650793208
2022-07-28,2022-07-29 03:13:50.660809,7.711,8.44400273262149,0.21,21.237,0,7.51714015874296
2022-07-28,2022-07-29 03:28:50.660809,7.739,8.46298349393471,0.21,21.095,0,7.54046984997804
2022-07-28,2022-07-29 03:43:50.660809,7.776,8.4901550556025,0.21,20.953,0,7.56295622263732
2022-07-28,2022-07-29 03:58:50.660809,7.797,8.51152136323143,0.21,20.81,0,7.58509475010489
2022-07-29,2022-07-29 04:13:50.660809,7.824,8.54232635534018,0.21,20.668,0,7.824
2022-07-29,2022-07-29 04:28:50.660809,7.847,8.57007548632489,0.2,20.526,0,7.78190105723098
2022-07-29,2022-07-29 04:43:50.660809,7.878,8.58253796666504,0.21,20.409,23.4895880471492,7.75746783905709
2022-07-29,2022-07-29 04:58:50.660809,7.923,8.60866687742584,0.21,20.266,115.989365959942,7.76525321819288
2022-07-29,2022-07-29 05:13:50.660809,7.954,8.6211796097178,0.22,20.166,210.339514481245,7.80630127817146
2022-07-29,2022-07-29 05:28:50.660809,8.005,8.64183724705759,0.22,20.049,306.136001048919,7.87205702305329
2022-07-29,2022-07-29 05:43:50.660809,8.048,8.66219859952338,0.21,19.965,402.968599338068,7.95198194215842
2022-07-29,2022-07-29 05:58:50.660809,8.12,8.67720271565839,0.21,19.889,500.422646035516,8.0431341935937
2022-07-29,2022-07-29 06:13:50.660809,8.217,8.68288615549929,0.21,19.847,598.08081636066,8.14415962618423
2022-07-29,2022-07-29 06:28:50.660809,8.32,8.69266291441961,0.21,19.806,695.524911368751,8.25225112348115
2022-07-29,2022-07-29 06:43:50.660809,8.406,8.68931414467116,0.21,19.797,792.337648611838,8.36465783350364
2022-07-29,2022-07-29 06:58:50.660809,8.556,8.68983837448963,0.22,19.789,888.104449136255,8.47790364071295
2022-07-29,2022-07-29 07:13:50.660809,8.707,8.69162822944086,0.21,19.797,982.415212901686,8.59323731309596
2022-07-29,2022-07-29 07:28:50.660809,8.829,8.67725826643658,0.22,19.847,1074.86607479064,8.70667756945855
2022-07-29,2022-07-29 07:43:50.660809,8.937,8.66914938229728,0.22,19.889,1165.06113417854,8.81504930234051
2022-07-29,2022-07-29 07:58:50.660809,9.028,8.66459304470481,0.22,19.915,1252.61415026653,8.92177976424957
2022-07-29,2022-07-29 08:13:50.660809,9.128,8.6453119613253,0.23,19.99,1337.150196101,9.02118977224291
2022-07-29,2022-07-29 08:28:50.660809,9.213,8.63428631406338,0.22,20.082,1418.30726403117,9.1170529566927
2022-07-29,2022-07-29 08:43:50.660809,9.288,8.61024910017694,0.22,20.191,1495.73781608805,9.21233375857468
2022-07-29,2022-07-29 08:58:50.660809,9.355,8.58935902232281,0.22,20.325,1569.11027209584,9.30083072609149
2022-07-29,2022-07-29 09:13:50.660809,9.421,8.54785294464298,0.25,20.451,1638.11042970261,9.36492034727783
2022-07-29,2022-07-29 09:28:50.660809,9.461,8.51722468375155,0.25,20.618,1702.44280979933,9.40661808850767
2022-07-29,2022-07-29 09:43:50.660809,9.514,8.49468906428512,0.24,20.777,1761.83192197884,9.45211709717785
2022-07-29,2022-07-29 09:58:50.660809,9.56,8.46529640423206,0.24,20.978,1816.02344416572,9.49943287591588
2022-07-29,2022-07-29 10:13:50.660809,9.581,8.42866481125271,0.24,21.179,1864.78531171939,9.53963831633558
2022-07-29,2022-07-29 10:28:50.660809,9.603,8.38934275800609,0.24,21.404,1907.90871130253,9.57155277746882
2022-07-29,2022-07-29 10:43:50.660809,9.626,8.3459355831063,0.24,21.655,1945.20897495326,9.59451468280971
2022-07-29,2022-07-29 10:58:50.660809,9.631,8.29656807674963,0.24,21.94,1976.52637102718,9.60753207592869
2022-07-29,2022-07-29 11:13:50.660809,9.605,8.24732481238312,0.24,22.249,2001.72678814686,9.61033179280313
2022-07-29,2022-07-29 11:28:50.660809,9.587,8.2017092843536,0.24,22.551,2020.70230953388,9.60403326659158
2022-07-29,2022-07-29 11:43:50.660809,9.579,8.14880583166223,0.24,22.852,2033.37167518758,9.5886816992824
2022-07-29,2022-07-29 11:58:50.660809,9.541,8.09548246357794,0.25,23.179,2039.68062982764,9.55684431133294
2022-07-29,2022-07-29 12:13:50.660809,9.515,8.03987288280295,0.25,23.497,2039.60215528057,9.51049588665678
2022-07-29,2022-07-29 12:28:50.660809,9.457,7.9951666998161,0.25,23.807,2033.13658617928,9.45964145879393
2022-07-29,2022-07-29 12:43:50.660809,9.405,7.94815438520395,0.25,24.109,2020.31160854422,9.40500066787827
2022-07-29,2022-07-29 12:58:50.660809,9.364,7.9010517670191,0.25,24.412,2001.18214124659,9.34572290153305
2022-07-29,2022-07-29 13:13:50.660809,9.335,7.85640497112708,0.25,24.689,1975.83010082916,9.28190130334315
2022-07-29,2022-07-29 13:28:50.660809,9.263,7.807463477353,0.26,25,1944.36405074106,9.20713007991965
2022-07-29,2022-07-29 13:43:50.660809,9.2,7.77237287495139,0.25,25.261,1906.91873645941,9.13000135063276
2022-07-29,2022-07-29 13:58:50.660809,9.136,7.73611795487724,0.25,25.497,1863.65450845379,9.05758438789251
2022-07-29,2022-07-29 14:13:50.660809,9.083,7.70738999993554,0.25,25.7,1814.75663555802,8.98258811958714
2022-07-29,2022-07-29 14:28:50.660809,8.986,7.67457873588695,0.25,25.928,1760.43451161516,8.90492840113432
2022-07-29,2022-07-29 14:43:50.660809,8.931,7.6530158829607,0.24,26.105,1700.92075874405,8.83023195588594
2022-07-29,2022-07-29 14:58:50.660809,8.855,7.62572042640128,0.24,26.283,1636.47023129968,8.75716643189452
2022-07-29,2022-07-29 15:13:50.660809,8.766,7.60759404889638,0.24,26.427,1567.35892441556,8.67939121423938
2022-07-29,2022-07-29 15:28:50.660809,8.657,7.58811111678891,0.24,26.57,1493.88279220325,8.59828229530107
2022-07-29,2022-07-29 15:43:50.660809,8.557,7.57147437568523,0.24,26.689,1416.35648030584,8.51404415296543
2022-07-29,2022-07-29 15:58:50.660809,8.456,7.56356158003396,0.23,26.757,1335.11197863918,8.431863629649
2022-07-29,2022-07-29 16:13:50.660809,8.35,7.55534060737989,0.24,26.808,1250.4971995576,8.34821854787478
2022-07-29,2022-07-29 16:28:50.660809,8.222,7.54897423317026,0.23,26.833,1162.87448816843,8.26210215819636
2022-07-29,2022-07-29 16:43:50.660809,8.078,7.55429231507723,0.23,26.825,1072.61907051549,8.17841224958022
2022-07-29,2022-07-29 16:58:50.660809,7.935,7.56421236947722,0.23,26.74,980.117446843028,8.09525400706057
2022-07-29,2022-07-29 17:13:50.660809,7.768,7.57268523315691,0.23,26.664,885.76573644393,8.01242734954087
2022-07-29,2022-07-29 17:28:50.660809,7.608,7.59444525019406,0.22,26.545,789.967981463392,7.93141641358686
2022-07-29,2022-07-29 17:43:50.660809,7.471,7.60656352795545,0.22,26.469,693.134416521784,7.85120541372229
2022-07-29,2022-07-29 17:58:50.660809,7.368,7.62248821704682,0.22,26.367,595.679712042427,7.76936579713083
2022-07-29,2022-07-29 18:13:50.660809,7.29,7.63597635192164,0.21,26.291,498.021198588466,7.68489674050752
2022-07-29,2022-07-29 18:28:50.660809,7.249,7.65414180127706,0.21,26.181,400.577079572243,7.59803685186471
2022-07-29,2022-07-29 18:43:50.660809,7.168,7.66744167010311,0.21,26.088,303.76464045869,7.51017086262063
2022-07-29,2022-07-29 18:58:50.660809,7.108,7.68020086714289,0.21,25.995,207.998461873055,7.4209710852955
2022-07-29,2022-07-29 19:13:50.660809,7.046,7.70100133246089,0.2,25.885,113.688644160072,7.3276588411791
2022-07-29,2022-07-29 19:28:50.660809,7.004,7.71361144927822,0.2,25.784,21.2390512321847,7.2309753242117
2022-07-29,2022-07-29 19:43:50.660809,6.972,7.73187649702455,0.21,25.674,0,7.15140112662287
2022-07-29,2022-07-29 19:58:50.660809,6.944,7.75339231064521,0.21,25.531,0,7.09957266886735
2022-07-29,2022-07-29 20:13:50.660809,6.93,7.77521531423501,0.2,25.396,0,7.06135348752422
2022-07-29,2022-07-29 20:28:50.660809,6.921,7.7924308773222,0.21,25.261,0,7.03771507589132
2022-07-29,2022-07-29 20:43:50.660809,6.919,7.81418589463783,0.2,25.143,0,7.02479246473511
2022-07-29,2022-07-29 20:58:50.660809,6.919,7.82837564417686,0.2,25.042,0,7.01422121326177
2022-07-29,2022-07-29 21:13:50.660809,6.93,7.8467670594606,0.2,24.933,0,7.01013487184531
2022-07-29,2022-07-29 21:28:50.660809,6.944,7.86578227579561,0.2,24.807,0,7.01138255164545
2022-07-29,2022-07-29 21:43:50.660809,6.955,7.88544245555098,0.2,24.681,0,7.01667489836489
2022-07-29,2022-07-29 21:58:50.660809,6.973,7.90742608195259,0.2,24.546,0,7.02530261575355
2022-07-29,2022-07-29 22:13:50.660809,6.995,7.92685667723204,0.19,24.42,0,7.0305976869306
2022-07-29,2022-07-29 22:28:50.660809,6.995,7.94155368332637,0.2,24.328,0,7.03833832405726
2022-07-29,2022-07-29 22:43:50.660809,7.019,7.96203100498324,0.19,24.185,0,7.04796913077697
2022-07-29,2022-07-29 22:58:50.660809,7.049,7.98249269375351,0.19,24.067,0,7.05389752352761
2022-07-29,2022-07-29 23:13:50.660809,7.069,8.00388375576537,0.19,23.908,0,7.06288832432161
2022-07-29,2022-07-29 23:28:50.660809,7.076,8.02195296352568,0.19,23.79,0,7.07383894240333
2022-07-29,2022-07-29 23:43:50.660809,7.119,8.04438273417361,0.19,23.648,0,7.086415120903
2022-07-29,2022-07-29 23:58:50.660809,7.139,8.06640549718717,0.19,23.514,0,7.10064921945166
2022-07-29,2022-07-30 00:13:50.660809,7.166,8.08589946703831,0.19,23.388,0,7.11578565910235
2022-07-29,2022-07-30 00:28:50.660809,7.184,8.10290346354112,0.19,23.271,0,7.13100637207766
2022-07-29,2022-07-30 00:43:50.660809,7.209,8.12218396765557,0.19,23.128,0,7.14620981830993
2022-07-29,2022-07-30 00:58:50.660809,7.225,8.14098754836772,0.19,23.028,0,7.16167230294049
2022-07-29,2022-07-30 01:13:50.660809,7.257,8.15654077441805,0.19,22.927,0,7.17698131897528
2022-07-29,2022-07-30 01:28:50.660809,7.283,8.17471688453327,0.2,22.793,0,7.19778299958088
2022-07-29,2022-07-30 01:43:50.660809,7.319,8.20278500281188,0.19,22.643,0,7.2183369719192
2022-07-29,2022-07-30 01:58:50.660809,7.338,8.22044042939304,0.2,22.5,0,7.23861549566083
2022-07-29,2022-07-30 02:13:50.660809,7.374,8.25069698533244,0.2,22.341,0,7.26471785139946
2022-07-29,2022-07-30 02:28:50.660809,7.396,8.26756577919599,0.2,22.224,0,7.2893958818403
2022-07-29,2022-07-30 02:43:50.660809,7.415,8.29193782710742,0.19,22.09,0,7.30654980095523
2022-07-29,2022-07-30 02:58:50.660809,7.462,8.31757439519993,0.19,21.931,0,7.31897708958822
2022-07-29,2022-07-30 03:13:50.660809,7.488,8.33938128501452,0.19,21.814,0,7.33335887982634
2022-07-29,2022-07-30 03:28:50.660809,7.52,8.36009001494196,0.19,21.681,0,7.34867932193409
2022-07-29,2022-07-30 03:43:50.660809,7.543,8.38276770685012,0.2,21.538,0,7.37053850783396
2022-07-29,2022-07-30 03:58:50.660809,7.556,8.40244478357747,0.2,21.438,0,7.39732228099538
2022-07-30,2022-07-30 04:13:50.660809,7.594,8.42579796751619,0.2,21.312,0,7.594
2022-07-30,2022-07-30 04:28:50.660809,7.623,8.44412012737701,0.2,21.204,0,7.56687198273403
2022-07-30,2022-07-30 04:43:50.660809,7.648,8.45622749796931,0.2,21.103,16.3928450159175,7.5520389971494
2022-07-30,2022-07-30 04:58:50.660809,7.688,8.4853812622172,0.2,20.978,109.02797288368,7.56274338843067
2022-07-30,2022-07-30 05:13:50.660809,7.73,8.50384761419921,0.2,20.861,203.515460875875,7.60621425795857
2022-07-30,2022-07-30 05:28:50.660809,7.777,8.52947563058305,0.19,20.735,299.450682549171,7.67126444235121
2022-07-30,2022-07-30 05:43:50.660809,7.841,8.5479580093743,0.2,20.601,396.422811655644,7.7566758214729
2022-07-30,2022-07-30 05:58:50.660809,7.899,8.56682480682377,0.2,20.509,494.016581411445,7.8607385696745
2022-07-30,2022-07-30 06:13:50.660809,7.974,8.57863410046821,0.2,20.434,591.81406280463,7.97510503035889
2022-07-30,2022-07-30 06:28:50.660809,8.095,8.59071936566297,0.2,20.392,689.396454306592,8.09670696070653
2022-07-30,2022-07-30 06:43:50.660809,8.235,8.59579562200917,0.2,20.35,786.345875320309,8.22302461596884
2022-07-30,2022-07-30 06:58:50.660809,8.391,8.59247841309941,0.2,20.367,882.247155685501,8.35095532866525
2022-07-30,2022-07-30 07:13:50.660809,8.552,8.57971968796064,0.21,20.4,976.689613603061,8.47561202948723
2022-07-30,2022-07-30 07:28:50.660809,8.685,8.57514284191766,0.2,20.442,1069.26881421751,8.59910680376772
2022-07-30,2022-07-30 07:43:50.660809,8.816,8.56171011480999,0.21,20.501,1159.58830171899,8.71948873165755
2022-07-30,2022-07-30 07:58:50.660809,8.92,8.55434612402946,0.21,20.551,1247.26129693328,8.83355932463759
2022-07-30,2022-07-30 08:13:50.660809,9.015,8.5437336670588,0.21,20.601,1331.91235374561,8.94497292225175
2022-07-30,2022-07-30 08:28:50.660809,9.094,8.51424148548083,0.22,20.735,1413.17896689066,9.04561429342371
2022-07-30,2022-07-30 08:43:50.660809,9.185,8.4992630358145,0.22,20.827,1490.71312426469,9.13570862432981
2022-07-30,2022-07-30 08:58:50.660809,9.271,8.47943245798454,0.22,20.944,1564.18279730739,9.22200114111084
2022-07-30,2022-07-30 09:13:50.660809,9.359,8.44759238194483,0.23,21.061,1633.27336284643,9.29605565735749
2022-07-30,2022-07-30 09:28:50.660809,9.411,8.42069479363867,0.23,21.212,1697.68895044774,9.35798196472472
2022-07-30,2022-07-30 09:43:50.660809,9.477,8.39757441306417,0.23,21.354,1757.15370939217,9.41563283565255
2022-07-30,2022-07-30 09:58:50.660809,9.535,8.375300932422,0.22,21.53,1811.41299002737,9.47597529976447
2022-07-30,2022-07-30 10:13:50.660809,9.583,8.34843557508693,0.23,21.681,1860.23443427034,9.52920290877573
2022-07-30,2022-07-30 10:28:50.660809,9.614,8.30840294525754,0.23,21.923,1903.40897061639,9.56589674364197
2022-07-30,2022-07-30 10:43:50.660809,9.631,8.26964775556156,0.23,22.149,1940.75170951986,9.59360472111254
2022-07-30,2022-07-30 10:58:50.660809,9.643,8.22302516042495,0.23,22.425,1972.10273512176,9.61172238758933
2022-07-30,2022-07-30 11:13:50.660809,9.639,8.18192587449235,0.23,22.693,1997.32779011193,9.62027091778744
2022-07-30,2022-07-30 11:28:50.660809,9.632,8.13577574821172,0.23,22.986,2016.3188506708,9.61968914707292
2022-07-30,2022-07-30 11:43:50.660809,9.616,8.09000952512301,0.23,23.279,2028.99458906514,9.60965133087374
2022-07-30,2022-07-30 11:58:50.660809,9.591,8.04019179755229,0.23,23.589,2035.3007219441,9.59007484295935
2022-07-30,2022-07-30 12:13:50.660809,9.556,7.99454475280913,0.23,23.883,2035.21024282047,9.56148280510102
2022-07-30,2022-07-30 12:28:50.660809,9.535,7.94586945430609,0.24,24.185,2028.72353772752,9.51681585274913
2022-07-30,2022-07-30 12:43:50.660809,9.477,7.89865204140029,0.24,24.487,2015.86838358036,9.45820744723768
2022-07-30,2022-07-30 12:58:50.660809,9.437,7.8531761253041,0.24,24.781,1996.69982924802,9.39569605283548
2022-07-30,2022-07-30 13:13:50.660809,9.375,7.81040939630467,0.24,25.076,1971.29995981484,9.32927278549307
2022-07-30,2022-07-30 13:28:50.660809,9.337,7.77843258011595,0.23,25.312,1939.7775450882,9.26751778267924
2022-07-30,2022-07-30 13:43:50.660809,9.27,7.73538443683119,0.23,25.582,1902.26757382979,9.20752442983457
2022-07-30,2022-07-30 13:58:50.660809,9.188,7.69697225913102,0.24,25.843,1858.93067567077,9.13237175741798
2022-07-30,2022-07-30 14:13:50.660809,9.122,7.66287144758005,0.24,26.08,1809.95243329186,9.04617329460276
2022-07-30,2022-07-30 14:28:50.660809,9.046,7.63050970525562,0.23,26.333,1755.54258765874,8.96427713743292
2022-07-30,2022-07-30 14:43:50.660809,8.974,7.5969688264402,0.24,26.537,1695.93413988584,8.87844059798249
2022-07-30,2022-07-30 14:58:50.660809,8.881,7.57557136731321,0.23,26.723,1631.38235344219,8.78953622875315
2022-07-30,2022-07-30 15:13:50.660809,8.792,7.55585697531004,0.23,26.859,1562.16366105453,8.7049865495447
2022-07-30,2022-07-30 15:28:50.660809,8.689,7.53355177040409,0.23,27.02,1488.57448085808,8.61678871394599
2022-07-30,2022-07-30 15:43:50.660809,8.571,7.51612831540243,0.22,27.164,1410.92994717047,8.52956808379541
2022-07-30,2022-07-30 15:58:50.660809,8.476,7.5061950817268,0.22,27.232,1329.56256087178,8.44356083049806
2022-07-30,2022-07-30 16:13:50.660809,8.358,7.49847681207346,0.22,27.283,1244.82076551445,8.35421101674373
2022-07-30,2022-07-30 16:28:50.660809,8.234,7.49303524563683,0.22,27.317,1157.06745528071,8.26226419066274
2022-07-30,2022-07-30 16:43:50.660809,8.081,7.49826200568415,0.22,27.3,1066.67842088689,8.16957033539075
2022-07-30,2022-07-30 16:58:50.660809,7.914,7.50042489609685,0.22,27.249,974.040740265556,8.07684250528016
2022-07-30,2022-07-30 17:13:50.660809,7.736,7.52028463073325,0.21,27.156,879.551121035421,7.9867342900516
2022-07-30,2022-07-30 17:28:50.660809,7.558,7.53380613780488,0.21,27.071,783.614201636278,7.89890237195935
2022-07-30,2022-07-30 17:43:50.660809,7.415,7.54975278540933,0.2,26.969,686.640818524925,7.80971728677458
2022-07-30,2022-07-30 17:58:50.660809,7.302,7.55765946193057,0.21,26.876,589.046246827298,7.7185996651199
2022-07-30,2022-07-30 18:13:50.660809,7.21,7.57894381176567,0.21,26.757,491.248421979274,7.62671223681395
2022-07-30,2022-07-30 18:28:50.660809,7.146,7.59773646094666,0.2,26.655,393.666149978379,7.53302980308139
2022-07-30,2022-07-30 18:43:50.660809,7.092,7.61595629007991,0.2,26.528,296.717313901702,7.43685139400356
2022-07-30,2022-07-30 18:58:50.660809,7.04,7.63685707558233,0.2,26.401,200.817084377038,7.34087587609821
2022-07-30,2022-07-30 19:13:50.660809,6.985,7.65623601767606,0.2,26.266,106.376141669033,7.24541269037753
2022-07-30,2022-07-30 19:28:50.660809,6.934,7.6780574322943,0.19,26.122,13.7989169916964,7.14493061158305
2022-07-30,2022-07-30 19:43:50.660809,6.88,7.69218198099959,0.2,26.021,0,7.05862222737657
2022-07-30,2022-07-30 19:58:50.660809,6.848,7.71847886676739,0.19,25.869,0,6.99776487867191
2022-07-30,2022-07-30 20:13:50.660809,6.827,7.7381473815006,0.19,25.733,0,6.95251150729802
2022-07-30,2022-07-30 20:28:50.660809,6.824,7.76174094939236,0.19,25.573,0,6.92419652448683
2022-07-30,2022-07-30 20:43:50.660809,6.812,7.7846962187252,0.19,25.438,0,6.90870591568515
2022-07-30,2022-07-30 20:58:50.660809,6.821,7.80344171789864,0.19,25.295,0,6.90201132835235
2022-07-30,2022-07-30 21:13:50.660809,6.832,7.81998767165884,0.19,25.185,0,6.90099553182224
2022-07-30,2022-07-30 21:28:50.660809,6.84,7.84197106947711,0.18,25.076,0,6.89802948543437
2022-07-30,2022-07-30 21:43:50.660809,6.849,7.85488545096717,0.19,24.967,0,6.89976111079458
2022-07-30,2022-07-30 21:58:50.660809,6.861,7.87398598892635,0.19,24.84,0,6.91115647442443
2022-07-30,2022-07-30 22:13:50.660809,6.9,7.89616585276559,0.2,24.664,0,6.93004305162286
2022-07-30,2022-07-30 22:28:50.660809,6.918,7.9215307951417,0.19,24.529,0,6.94928629924317
2022-07-30,2022-07-30 22:43:50.660809,6.941,7.9376125934868,0.19,24.428,0,6.96224373973175
2022-07-30,2022-07-30 22:58:50.660809,6.972,7.96183659460506,0.19,24.269,0,6.97628582620126
2022-07-30,2022-07-30 23:13:50.660809,6.991,7.97847304980387,0.19,24.135,0,6.99110337551308
2022-07-30,2022-07-30 23:28:50.660809,7.006,7.99652462445438,0.19,24.025,0,7.00584537809043
2022-07-30,2022-07-30 23:43:50.660809,7.033,8.01763245788137,0.19,23.9,0,7.02112394004593
2022-07-30,2022-07-30 23:58:50.660809,7.054,8.03572290742442,0.18,23.782,0,7.03012138204406
2022-07-30,2022-07-31 00:13:50.660809,7.082,8.05770657923327,0.19,23.631,0,7.04111086945453
2022-07-30,2022-07-31 00:28:50.660809,7.117,8.08293924950863,0.19,23.464,0,7.06099243419357
2022-07-30,2022-07-31 00:43:50.660809,7.155,8.10836195505354,0.19,23.304,0,7.08125354421681
2022-07-30,2022-07-31 00:58:50.660809,7.192,8.12904701087056,0.2,23.153,0,7.10727424544476
2022-07-30,2022-07-31 01:13:50.660809,7.219,8.14571605504341,0.2,23.036,0,7.13665095702336
2022-07-30,2022-07-31 01:28:50.660809,7.242,8.17764571020974,0.19,22.86,0,7.15786917708986
2022-07-30,2022-07-31 01:43:50.660809,7.279,8.19304173435986,0.2,22.743,0,7.17881983965705
2022-07-30,2022-07-31 01:58:50.660809,7.318,8.21957643327486,0.19,22.593,0,7.19897002743563
2022-07-30,2022-07-31 02:13:50.660809,7.337,8.24077696217692,0.2,22.459,0,7.2191876308983
2022-07-30,2022-07-31 02:28:50.660809,7.38,8.26731232951522,0.19,22.3,0,7.23942169658899
2022-07-30,2022-07-31 02:43:50.660809,7.386,8.29040672115958,0.19,22.157,0,7.25384924176239
2022-07-30,2022-07-31 02:58:50.660809,7.405,8.31378143804901,0.2,22.015,0,7.27559220232881
2022-07-30,2022-07-31 03:13:50.660809,7.443,8.33698628033641,0.2,21.873,0,7.30287389071697
2022-07-30,2022-07-31 03:28:50.660809,7.493,8.36405455233006,0.19,21.722,0,7.32271273723038
2022-07-30,2022-07-31 03:43:50.660809,7.523,8.38320054324898,0.21,21.572,0,7.34788796096929
2022-07-30,2022-07-31 03:58:50.660809,7.57,8.40957938279334,0.2,21.413,0,7.37757322924746
2022-07-31,2022-07-31 04:13:50.660809,7.606,8.43357780176248,0.2,21.279,0,7.606
2022-07-31,2022-07-31 04:28:50.660809,7.652,8.46019173667166,0.2,21.128,0,7.57487200584703
2022-07-31,2022-07-31 04:43:50.660809,7.693,8.48409099506003,0.21,20.978,9.18695920278708,7.56392961955394
2022-07-31,2022-07-31 04:58:50.660809,7.738,8.51344274929034,0.2,20.836,101.960356259268,7.57908674527815
2022-07-31,2022-07-31 05:13:50.660809,7.781,8.52886236809551,0.21,20.693,196.587855720193,7.62626967518586
2022-07-31,2022-07-31 05:28:50.660809,7.84,8.553318629953,0.21,20.551,292.664225785874,7.7025039937304
2022-07-31,2022-07-31 05:43:50.660809,7.881,8.58685621579601,0.2,20.417,389.778029843073,7.79622320388685
2022-07-31,2022-07-31 05:58:50.660809,7.972,8.60644087209447,0.2,20.291,487.513388473734,7.90385064637084
2022-07-31,2022-07-31 06:13:50.660809,8.065,8.61898274847746,0.21,20.199,585.45176033664,8.02390574830345
2022-07-31,2022-07-31 06:28:50.660809,8.153,8.62458140305789,0.21,20.183,683.173734549587,8.15121350502728
2022-07-31,2022-07-31 06:43:50.660809,8.261,8.62795286736356,0.2,20.157,780.260826774431,8.28215241532843
2022-07-31,2022-07-31 06:58:50.660809,8.453,8.62601037418156,0.21,20.149,876.297271333651,8.41389245340671
2022-07-31,2022-07-31 07:13:50.660809,8.604,8.62088469393936,0.21,20.191,970.871801660664,8.54404665410953
2022-07-31,2022-07-31 07:28:50.660809,8.737,8.60665806795808,0.21,20.25,1063.57941158509,8.67175890977478
2022-07-31,2022-07-31 07:43:50.660809,8.845,8.60194375884848,0.22,20.3,1154.02308965866,8.7933473453459
2022-07-31,2022-07-31 07:58:50.660809,8.966,8.58150998532735,0.22,20.375,1241.81551934706,8.90795370553328
2022-07-31,2022-07-31 08:13:50.660809,9.069,8.56585326291695,0.22,20.459,1326.58073767827,9.01778274407419
2022-07-31,2022-07-31 08:28:50.660809,9.16,8.54866359203248,0.22,20.534,1407.95574527435,9.12324357968865
2022-07-31,2022-07-31 08:43:50.660809,9.233,8.52177639758537,0.23,20.651,1485.5920608673,9.21719524406877
2022-07-31,2022-07-31 08:58:50.660809,9.336,8.51146834544438,0.22,20.735,1559.15721364313,9.30740463989749
2022-07-31,2022-07-31 09:13:50.660809,9.411,8.48282516161584,0.24,20.861,1628.33616702548,9.38611894766002
2022-07-31,2022-07-31 09:28:50.660809,9.476,8.46181886432884,0.23,20.986,1692.83266778068,9.4531634556387
2022-07-31,2022-07-31 09:43:50.660809,9.543,8.43512733369354,0.24,21.137,1752.37051477273,9.51517887170045
2022-07-31,2022-07-31 09:58:50.660809,9.597,8.4146897319851,0.23,21.287,1806.69474167531,9.57248816094101
2022-07-31,2022-07-31 10:13:50.660809,9.643,8.38721355315901,0.22,21.48,1855.57270892218,9.63900717075015
2022-07-31,2022-07-31 10:28:50.660809,9.692,8.35444843025223,0.23,21.664,1898.79509995827,9.69419770945414
2022-07-31,2022-07-31 10:43:50.660809,9.717,8.30816640755637,0.24,21.906,1936.17681763095,9.72047350522484
2022-07-31,2022-07-31 10:58:50.660809,9.725,8.26627217309916,0.24,22.166,1967.55777686416,9.72943002734046
2022-07-31,2022-07-31 11:13:50.660809,9.74,8.22343146577363,0.24,22.434,1992.80359022099,9.73140877609076
2022-07-31,2022-07-31 11:28:50.660809,9.746,8.18152955028625,0.24,22.71,2011.80614341928,9.72615375439917
2022-07-31,2022-07-31 11:43:50.660809,9.716,8.13943352045537,0.24,22.986,2024.48405833773,9.7136063158539
2022-07-31,2022-07-31 11:58:50.660809,9.712,8.0920927110451,0.24,23.262,2030.78304151249,9.69298516190905
2022-07-31,2022-07-31 12:13:50.660809,9.684,8.05211235148663,0.24,23.531,2030.67611667765,9.66473237344352
2022-07-31,2022-07-31 12:28:50.660809,9.669,8.00596593390452,0.24,23.799,2024.16374028721,9.6290919173991
2022-07-31,2022-07-31 12:43:50.660809,9.63,7.96776074294871,0.24,24.059,2011.27379958309,9.58638048735519
2022-07-31,2022-07-31 12:58:50.660809,9.587,7.92602673191014,0.24,24.328,1992.06149318222,9.53716748535337
2022-07-31,2022-07-31 13:13:50.660809,9.564,7.88845034897792,0.24,24.596,1966.60909470019,9.48141339478841
2022-07-31,2022-07-31 13:28:50.660809,9.505,7.84355502081128,0.24,24.857,1935.02560046407,9.41872054903264
2022-07-31,2022-07-31 13:43:50.660809,9.429,7.80307907974143,0.24,25.135,1897.44626270798,9.3488139964861
2022-07-31,2022-07-31 13:58:50.660809,9.37,7.77196335312333,0.24,25.371,1854.03201042277,9.27394492740626
2022-07-31,2022-07-31 14:13:50.660809,9.278,7.73797283669869,0.24,25.607,1804.9687602199,9.19496559776386
2022-07-31,2022-07-31 14:28:50.660809,9.207,7.70711937390345,0.24,25.818,1750.46662009607,9.1116663653173
2022-07-31,2022-07-31 14:43:50.660809,9.111,7.67385997286213,0.24,26.037,1690.75898976226,9.02399478705102
2022-07-31,2022-07-31 14:58:50.660809,9.031,7.65080911459842,0.23,26.215,1626.10156107296,8.93886597594858
2022-07-31,2022-07-31 15:13:50.660809,8.936,7.62673900194371,0.23,26.376,1556.77122314031,8.85540387115923
2022-07-31,2022-07-31 15:28:50.660809,8.826,7.60683732097627,0.23,26.52,1483.06487644654,8.76625001058415
2022-07-31,2022-07-31 15:43:50.660809,8.725,7.58805175362968,0.23,26.647,1405.29816160671,8.67267139320463
2022-07-31,2022-07-31 15:58:50.660809,8.608,7.57188100808621,0.23,26.74,1323.80410746147,8.57552412931217
2022-07-31,2022-07-31 16:13:50.660809,8.497,7.57090281042956,0.22,26.774,1238.93170507487,8.48132067186123
2022-07-31,2022-07-31 16:28:50.660809,8.377,7.56686541964591,0.22,26.799,1151.0444131105,8.38963897164594
2022-07-31,2022-07-31 16:43:50.660809,8.219,7.56742960431018,0.22,26.799,1060.51860144644,8.29490873844091
2022-07-31,2022-07-31 16:58:50.660809,8.053,7.57684922433293,0.22,26.715,967.741939312759,8.19929620702492
2022-07-31,2022-07-31 17:13:50.660809,7.832,7.59204694915508,0.21,26.63,873.111735229178,8.10593420669311
2022-07-31,2022-07-31 17:28:50.660809,7.681,7.60514670637661,0.21,26.537,777.033235494542,8.01338457069016
2022-07-31,2022-07-31 17:43:50.660809,7.504,7.62478030716587,0.21,26.41,679.917888751851,7.91943716236542
2022-07-31,2022-07-31 17:58:50.660809,7.45,7.63718316380967,0.2,26.342,582.181584043299,7.82313549557141
2022-07-31,2022-07-31 18:13:50.660809,7.345,7.64678592351881,0.2,26.257,484.242869801547,7.72265542971453
2022-07-31,2022-07-31 18:28:50.660809,7.256,7.66194832865629,0.2,26.173,386.52116139323,7.61943077542734
2022-07-31,2022-07-31 18:43:50.660809,7.182,7.67855141483363,0.2,26.054,289.434945005241,7.51516296469998
2022-07-31,2022-07-31 18:58:50.660809,7.126,7.69663583367558,0.2,25.945,193.39998555859,7.41065729276673
2022-07-31,2022-07-31 19:13:50.660809,7.052,7.71320539184858,0.2,25.835,98.827546222314,7.30623892505451
2022-07-31,2022-07-31 19:28:50.660809,6.993,7.73192004723842,0.2,25.708,6.12262712930023,7.20234386103088
2022-07-31,2022-07-31 19:43:50.660809,6.961,7.75516957879122,0.2,25.573,0,7.11466836555266
2022-07-31,2022-07-31 19:58:50.660809,6.924,7.77037752434711,0.2,25.464,0,7.05415219500157
2022-07-31,2022-07-31 20:13:50.660809,6.91,7.79256255088735,0.19,25.329,0,7.00812833620102
2022-07-31,2022-07-31 20:28:50.660809,6.879,7.80521532128434,0.19,25.244,0,6.97235388299227
2022-07-31,2022-07-31 20:43:50.660809,6.878,7.82063997504145,0.2,25.127,0,6.95550033290222
2022-07-31,2022-07-31 20:58:50.660809,6.868,7.83213512049288,0.19,25.059,0,6.9462179962013
2022-07-31,2022-07-31 21:13:50.660809,6.879,7.84702227154265,0.19,24.958,0,6.93626608772786
2022-07-31,2022-07-31 21:28:50.660809,6.876,7.86474621127471,0.19,24.849,0,6.93268198907883
2022-07-31,2022-07-31 21:43:50.660809,6.895,7.88583623675434,0.19,24.697,0,6.93442560635511
2022-07-31,2022-07-31 21:58:50.660809,6.895,7.90719238595871,0.19,24.571,0,6.94049374594559
2022-07-31,2022-07-31 22:13:50.660809,6.916,7.92883542318274,0.18,24.437,0,6.94297951847237
2022-07-31,2022-07-31 22:28:50.660809,6.923,7.9449672291147,0.18,24.328,0,6.94216464765396
2022-07-31,2022-07-31 22:43:50.660809,6.946,7.96315488327678,0.19,24.202,0,6.95220513568732
2022-07-31,2022-07-31 22:58:50.660809,6.943,7.97915990099433,0.19,24.084,0,6.97021153543994
2022-07-31,2022-07-31 23:13:50.660809,6.988,7.99234754455175,0.19,23.983,0,6.98665702666129
2022-07-31,2022-07-31 23:28:50.660809,7.026,8.01103600509168,0.19,23.866,0,7.00230105603902
2022-07-31,2022-07-31 23:43:50.660809,7.054,8.03409649166675,0.2,23.723,0,7.02469661930951
2022-07-31,2022-07-31 23:58:50.660809,7.082,8.05694817216705,0.19,23.598,0,7.04641506404704
2022-07-31,2022-08-01 00:13:50.660809,7.102,8.07057177380456,0.19,23.497,0,7.06034593612306
2022-07-31,2022-08-01 00:28:50.660809,7.12,8.08890177923273,0.19,23.363,0,7.07408154402974
2022-07-31,2022-08-01 00:43:50.660809,7.146,8.11152876642467,0.19,23.229,0,7.08872165020322
2022-07-31,2022-08-01 00:58:50.660809,7.173,8.13351483322264,0.19,23.103,0,7.10451913337669
2022-07-31,2022-08-01 01:13:50.660809,7.197,8.14866504087984,0.19,22.986,0,7.12027060618441
2022-07-31,2022-08-01 01:28:50.660809,7.238,8.16952871176851,0.19,22.86,0,7.13583972720308
2022-07-31,2022-08-01 01:43:50.660809,7.246,8.18516703172829,0.19,22.76,0,7.15138716623994
2022-07-31,2022-08-01 01:58:50.660809,7.259,8.19578010784646,0.19,22.676,0,7.1657492137427
2022-07-31,2022-08-01 02:13:50.660809,7.286,8.21256422914441,0.19,22.576,0,7.17937117974144
2022-07-31,2022-08-01 02:28:50.660809,7.309,8.231171526357,0.19,22.475,0,7.19339592948949
2022-07-31,2022-08-01 02:43:50.660809,7.334,8.24215782574912,0.2,22.383,0,7.21323609537545
2022-07-31,2022-08-01 02:58:50.660809,7.37,8.26410779675559,0.19,22.275,0,7.2316072995894
2022-07-31,2022-08-01 03:13:50.660809,7.395,8.27644053776914,0.19,22.191,0,7.24285315504004
2022-07-31,2022-08-01 03:28:50.660809,7.413,8.28693389870738,0.19,22.107,0,7.25362044544361
2022-07-31,2022-08-01 03:43:50.660809,7.425,8.30529640748968,0.19,22.007,0,7.26473029106111
2022-07-31,2022-08-01 03:58:50.660809,7.437,8.31980114083969,0.19,21.906,0,7.27654242030628
2022-08-01,2022-08-01 04:13:50.660809,7.476,8.33751550926021,0.2,21.798,0,7.476
2022-08-01,2022-08-01 04:28:50.660809,7.488,8.3504945915016,0.19,21.731,0,7.49089711816636
2022-08-01,2022-08-01 04:43:50.660809,7.518,8.3665116541025,0.19,21.63,1.87492484120719,7.50197468103539
2022-08-01,2022-08-01 04:58:50.660809,7.551,8.38541430064067,0.2,21.53,94.7893670853184,7.52627432166719
2022-08-01,2022-08-01 05:13:50.660809,7.57,8.39749413210521,0.2,21.455,189.559400687186,7.56978295579549
2022-08-01,2022-08-01 05:28:50.660809,7.62,8.4174524966362,0.19,21.354,285.77917761243,7.6236608728584
2022-08-01,2022-08-01 05:43:50.660809,7.675,8.43049928937264,0.2,21.271,383.036641211873,7.6886109712989
2022-08-01,2022-08-01 05:58:50.660809,7.798,8.444934067629,0.19,21.195,480.915290832798,7.76336172848805
2022-08-01,2022-08-01 06:13:50.660809,7.822,8.44584325519155,0.19,21.162,578.995965489689,7.84354427773735
2022-08-01,2022-08-01 06:28:50.660809,7.834,8.45439054811129,0.19,21.12,676.858638797321,7.92949181092663
2022-08-01,2022-08-01 06:43:50.660809,7.874,8.46141164656425,0.19,21.087,774.084217898598,8.02066475086214
2022-08-01,2022-08-01 06:58:50.660809,8.01,8.4724259698854,0.2,21.02,870.256338029878,8.11554816943078
2022-08-01,2022-08-01 07:13:50.660809,8.125,8.47773170629034,0.2,20.995,964.963145694443,8.21265720909455
2022-08-01,2022-08-01 07:28:50.660809,8.183,8.48420631918977,0.2,20.953,1057.79906238244,8.3111172886993
2022-08-01,2022-08-01 07:43:50.660809,8.169,8.4872567069465,0.2,20.928,1148.36652147417,8.41012793924476
2022-08-01,2022-08-01 07:58:50.660809,8.288,8.49087894509314,0.2,20.903,1236.27767073491,8.50891068078963
2022-08-01,2022-08-01 08:13:50.660809,8.416,8.50033030922935,0.2,20.861,1321.15603335624,8.60756312345509
2022-08-01,2022-08-01 08:28:50.660809,8.567,8.49778953108916,0.2,20.861,1402.63812018597,8.70497803082401
2022-08-01,2022-08-01 08:43:50.660809,8.784,8.49545402447228,0.2,20.886,1480.37498638355,8.7996506500002
2022-08-01,2022-08-01 08:58:50.660809,8.994,8.49292086865769,0.2,20.903,1554.03372569037,8.89131476210366
2022-08-01,2022-08-01 09:13:50.660809,9.113,8.47765954561768,0.2,20.995,1623.29889625734,8.97847898452296
2022-08-01,2022-08-01 09:28:50.660809,9.192,8.45706795276012,0.2,21.095,1687.87387131044,9.05935813139415
2022-08-01,2022-08-01 09:43:50.660809,9.218,8.45234501798783,0.21,21.128,1747.48210966093,9.13061943752493
2022-08-01,2022-08-01 09:58:50.660809,9.397,8.42487283008506,0.21,21.279,1801.86833985001,9.19201614332881
2022-08-01,2022-08-01 10:13:50.660809,9.433,8.41216481886005,0.21,21.354,1850.79965342266,9.24774634799629
2022-08-01,2022-08-01 10:28:50.660809,9.501,8.39716993161239,0.21,21.446,1894.06650235482,9.29896986596922
2022-08-01,2022-08-01 10:43:50.660809,9.573,8.37796694572535,0.21,21.547,1931.48359641401,9.34478850703841
2022-08-01,2022-08-01 10:58:50.660809,9.627,8.36908645933533,0.21,21.639,1962.89069670929,9.38561205722631
2022-08-01,2022-08-01 11:13:50.660809,9.793,8.33562583051871,0.21,21.806,1988.15330191564,9.41977115998589
2022-08-01,2022-08-01 11:28:50.660809,9.77,8.33437747263875,0.2,21.856,2007.16322426447,9.45373528107383
2022-08-01,2022-08-01 11:43:50.660809,9.762,8.30560891900546,0.21,21.99,2019.83905289483,9.48123315066694
2022-08-01,2022-08-01 11:58:50.660809,10.023,8.26317543238589,0.21,22.233,2026.12650248766,9.49241463439926
2022-08-01,2022-08-01 12:13:50.660809,10.035,8.23246027921398,0.22,22.4,2025.99864576868,9.48920459410816
2022-08-01,2022-08-01 12:28:50.660809,9.998,8.18234603039336,0.22,22.693,2019.45602883151,9.47219159293038
2022-08-01,2022-08-01 12:43:50.660809,10.053,8.12808302602636,0.22,23.019,2006.5266688177,9.44534116776008
2022-08-01,2022-08-01 12:58:50.660809,9.942,8.10588721987946,0.22,23.145,1987.26593394004,9.41239112953961
2022-08-01,2022-08-01 13:13:50.660809,9.591,8.06284180332735,0.22,23.422,1961.75630639849,9.37456052969778
2022-08-01,2022-08-01 13:28:50.660809,9.23,8.07683589428865,0.22,23.405,1930.1070291459,9.33550028819507
2022-08-01,2022-08-01 13:43:50.660809,8.87,8.08536322483901,0.21,23.388,1892.45363809881,9.30469612567761
2022-08-01,2022-08-01 13:58:50.660809,8.741,8.10153417103058,0.21,23.271,1848.95738168847,9.27989090240322
2022-08-01,2022-08-01 14:13:50.660809,8.751,8.10384479633356,0.2,23.229,1799.80453037094,9.2583290755679
2022-08-01,2022-08-01 14:28:50.660809,8.876,8.09576812047461,0.2,23.304,1745.20557889542,9.23543199074043
2022-08-01,2022-08-01 14:43:50.660809,8.786,8.08370766374324,0.21,23.355,1685.39434492938,9.19978987071424
2022-08-01,2022-08-01 14:58:50.660809,8.73,8.07976430797118,0.2,23.38,1620.62696769391,9.1575357428078
2022-08-01,2022-08-01 15:13:50.660809,8.784,8.07466060557856,0.2,23.413,1551.1808111079,9.1138959424809
2022-08-01,2022-08-01 15:28:50.660809,8.889,8.06829653423515,0.2,23.438,1477.35327600022,9.0638822432006
2022-08-01,2022-08-01 15:43:50.660809,8.771,8.0557615941681,0.2,23.522,1399.46052646974,9.00711042418853
2022-08-01,2022-08-01 15:58:50.660809,8.932,8.02699877172224,0.21,23.656,1317.83613589967,8.9392601399518
2022-08-01,2022-08-01 16:13:50.660809,8.874,8.01566471592958,0.21,23.732,1232.82965859664,8.86228830247296
2022-08-01,2022-08-01 16:28:50.660809,8.805,8.00319611809337,0.21,23.807,1144.80513259888,8.78194877968677
2022-08-01,2022-08-01 16:43:50.660809,8.537,8.00554053647807,0.21,23.807,1054.1395209416,8.69982216229856
2022-08-01,2022-08-01 16:58:50.660809,8.336,8.01383418051621,0.2,23.749,961.221097167282,8.61896584499523
2022-08-01,2022-08-01 17:13:50.660809,8.324,8.02157120319871,0.2,23.707,866.447782550004,8.53890285028584
2022-08-01,2022-08-01 17:28:50.660809,8.28,8.03159229602378,0.2,23.673,770.22544215827,8.45787697246108
2022-08-01,2022-08-01 17:43:50.660809,8.217,8.03266391790121,0.2,23.656,672.96614659824,8.37516399205396
2022-08-01,2022-08-01 17:58:50.660809,8.128,8.04000490577378,0.2,23.598,575.086407327166,8.29066494269647
2022-08-01,2022-08-01 18:13:50.660809,8.032,8.05306408231096,0.2,23.497,477.005393105469,8.20576543232937
2022-08-01,2022-08-01 18:28:50.660809,7.934,8.06990734080447,0.2,23.388,379.143134757954,8.12137636651612
2022-08-01,2022-08-01 18:43:50.660809,7.871,8.09302754745457,0.2,23.254,281.918726395803,8.03832332395853
2022-08-01,2022-08-01 18:58:50.660809,7.801,8.11150677172655,0.2,23.128,185.74853080517,7.95655811155344
2022-08-01,2022-08-01 19:13:50.660809,7.735,8.13426248255497,0.19,23.003,91.0443961953163,7.87276500438353
2022-08-01,2022-08-01 19:28:50.660809,7.681,8.15415878246206,0.2,22.86,0,7.79096204628556
2022-08-01,2022-08-01 19:43:50.660809,7.623,8.18575979708904,0.19,22.693,0,7.71979291835744
2022-08-01,2022-08-01 19:58:50.660809,7.585,8.20860107017476,0.19,22.559,0,7.66276338757431
2022-08-01,2022-08-01 20:13:50.660809,7.55,8.22907884587319,0.19,22.459,0,7.61985232692861
2022-08-01,2022-08-01 20:28:50.660809,7.525,8.24537291920714,0.19,22.367,0,7.58787382157705
2022-08-01,2022-08-01 20:43:50.660809,7.501,8.25735247099776,0.19,22.325,0,7.5641065342487
2022-08-01,2022-08-01 20:58:50.660809,7.472,8.26558077914156,0.18,22.291,0,7.54237269704786
2022-08-01,2022-08-01 21:13:50.660809,7.47,8.28315006233183,0.19,22.182,0,7.5267037964445
2022-08-01,2022-08-01 21:28:50.660809,7.471,8.29712995023467,0.19,22.082,0,7.52041278606062
2022-08-01,2022-08-01 21:43:50.660809,7.467,8.31629808230418,0.18,21.982,0,7.51390407311736
2022-08-01,2022-08-01 21:58:50.660809,7.47,8.32753100559162,0.19,21.906,0,7.51101192391418
2022-08-01,2022-08-01 22:13:50.660809,7.478,8.34687483546246,0.18,21.814,0,7.51109801400616
2022-08-01,2022-08-01 22:28:50.660809,7.497,8.36153345018566,0.19,21.706,0,7.51386593988086
2022-08-01,2022-08-01 22:43:50.660809,7.51,8.37879046190237,0.19,21.605,0,7.52263836839599
2022-08-01,2022-08-01 22:58:50.660809,7.509,8.39628215443908,0.18,21.522,0,7.52858927659011
2022-08-01,2022-08-01 23:13:50.660809,7.534,8.41095211666218,0.19,21.421,0,7.53600621306663
2022-08-01,2022-08-01 23:28:50.660809,7.563,8.43285649116353,0.18,21.312,0,7.5449634605731
2022-08-01,2022-08-01 23:43:50.660809,7.589,8.45221938642424,0.18,21.179,0,7.55151040865919
2022-08-01,2022-08-01 23:58:50.660809,7.599,8.47410064139268,0.19,21.078,0,7.56412589784807
2022-08-01,2022-08-02 00:13:50.660809,7.624,8.49721431410442,0.18,20.961,0,7.57806281409065
2022-08-01,2022-08-02 00:28:50.660809,7.637,8.51058225181101,0.18,20.869,0,7.588321222777
2022-08-01,2022-08-02 00:43:50.660809,7.676,8.52975638813459,0.18,20.744,0,7.59920687796453
2022-08-01,2022-08-02 00:58:50.660809,7.672,8.54219131212345,0.18,20.685,0,7.61059072843229
2022-08-01,2022-08-02 01:13:50.660809,7.685,8.55603422511297,0.18,20.601,0,7.62199607654361
2022-08-01,2022-08-02 01:28:50.660809,7.708,8.5711290215613,0.18,20.509,0,7.6335847843488
2022-08-01,2022-08-02 01:43:50.660809,7.735,8.58819613376934,0.18,20.417,0,7.64558820778725
2022-08-01,2022-08-02 01:58:50.660809,7.758,8.60750115278074,0.18,20.325,0,7.65829781095807
2022-08-01,2022-08-02 02:13:50.660809,7.804,8.62253986473138,0.19,20.224,0,7.67542531156623
2022-08-01,2022-08-02 02:28:50.660809,7.833,8.64845313693183,0.18,20.099,0,7.69267337585812
2022-08-01,2022-08-02 02:43:50.660809,7.862,8.66442752425168,0.19,19.973,0,7.71005106623365
2022-08-01,2022-08-02 02:58:50.660809,7.877,8.70282858437809,0.17,19.839,0,7.72407550737986
2022-08-01,2022-08-02 03:13:50.660809,7.906,8.70793311032876,0.18,19.755,0,7.7349467456254
2022-08-01,2022-08-02 03:28:50.660809,7.913,8.73339212286491,0.18,19.638,0,7.75066705776353
2022-08-01,2022-08-02 03:43:50.660809,7.923,8.74154502565993,0.18,19.562,0,7.76617278124315
2022-08-01,2022-08-02 03:58:50.660809,7.958,8.76640251428465,0.18,19.453,0,7.78146185010791
2022-08-02,2022-08-02 04:13:50.660809,7.992,8.7816240495905,0.18,19.344,0,7.992
2022-08-02,2022-08-02 04:28:50.660809,8.011,8.8021127037522,0.18,19.235,0,7.95434433065162
2022-08-02,2022-08-02 04:43:50.660809,8.055,8.82602379788927,0.18,19.109,0,7.9297250731665
2022-08-02,2022-08-02 04:58:50.660809,8.089,8.84942898832266,0.18,18.975,87.5178496748911,7.93068474754304
2022-08-02,2022-08-02 05:13:50.660809,8.138,8.86463626500636,0.18,18.882,182.432786947063,7.96709971973651
2022-08-02,2022-08-02 05:28:50.660809,8.18,8.88631726354005,0.18,18.773,278.798070908163,8.03239977356079
2022-08-02,2022-08-02 05:43:50.660809,8.222,8.9045148845548,0.18,18.672,376.201015809715,8.12088433827306
2022-08-02,2022-08-02 05:58:50.660809,8.291,8.92823635441335,0.18,18.563,474.22449194587,8.22794342917994
2022-08-02,2022-08-02 06:13:50.660809,8.385,8.94093656150085,0.18,18.496,572.448712041795,8.34910111483475
2022-08-02,2022-08-02 06:28:50.660809,8.484,8.934724829092,0.18,18.504,670.453028896829,8.47812497465574
2022-08-02,2022-08-02 06:43:50.660809,8.614,8.93621724525109,0.18,18.504,767.817736995404,8.61198328768534
2022-08-02,2022-08-02 06:58:50.660809,8.787,8.93005229317497,0.19,18.529,864.125869723139,8.74713565751709
2022-08-02,2022-08-02 07:13:50.660809,8.969,8.91529398123842,0.19,18.605,958.964985142164,8.88015759695965
2022-08-02,2022-08-02 07:28:50.660809,9.123,8.90810980349881,0.19,18.639,1051.92893225943,9.01207456142829
2022-08-02,2022-08-02 07:43:50.660809,9.256,8.89167330430743,0.19,18.714,1142.61959037959,9.14215184990652
2022-08-02,2022-08-02 07:58:50.660809,9.368,8.87964213908594,0.2,18.765,1230.64857409538,9.26436556938684
2022-08-02,2022-08-02 08:13:50.660809,9.45,8.86424316788274,0.2,18.849,1315.63889646936,9.37883055683226
2022-08-02,2022-08-02 08:28:50.660809,9.547,8.85383331088593,0.2,18.924,1397.22658365695,9.49058586664597
2022-08-02,2022-08-02 08:43:50.660809,9.634,8.82950748878397,0.2,19.042,1475.06223350239,9.59791662782096
2022-08-02,2022-08-02 08:58:50.660809,9.728,8.81072792607236,0.2,19.168,1548.81251187839,9.699394800784
2022-08-02,2022-08-02 09:13:50.660809,9.795,8.77921460069281,0.21,19.311,1618.16158032684,9.78654793440179
2022-08-02,2022-08-02 09:28:50.660809,9.873,8.75366313472544,0.21,19.453,1682.81244851571,9.85973104128139
2022-08-02,2022-08-02 09:43:50.660809,9.943,8.73304495997162,0.21,19.579,1742.4882461969,9.92869693405685
2022-08-02,2022-08-02 09:58:50.660809,9.994,8.70117031745996,0.21,19.747,1796.93340890228,9.99191382579082
2022-08-02,2022-08-02 10:13:50.660809,10.043,8.67555399466249,0.21,19.906,1845.91477242986,10.0482604770708
2022-08-02,2022-08-02 10:28:50.660809,10.089,8.65150951650306,0.21,20.049,1889.2225713482,10.0984979232312
2022-08-02,2022-08-02 10:43:50.660809,10.132,8.61719328786806,0.21,20.233,1926.67133737888,10.1410602036173
2022-08-02,2022-08-02 10:58:50.660809,10.147,8.58640669681922,0.21,20.425,1958.10069366729,10.1748213629912
2022-08-02,2022-08-02 11:13:50.660809,10.16,8.54632521065026,0.21,20.66,1983.3760416215,10.1989498759916
2022-08-02,2022-08-02 11:28:50.660809,10.157,8.50044669400569,0.21,20.919,2002.38913732751,10.2116033978242
2022-08-02,2022-08-02 11:43:50.660809,10.134,8.44959276295344,0.21,21.204,2015.05855514816,10.2119145300786
2022-08-02,2022-08-02 11:58:50.660809,10.119,8.39639303135053,0.22,21.488,2021.33003642453,10.1903333344872
2022-08-02,2022-08-02 12:13:50.660809,10.1,8.35677331824614,0.22,21.747,2021.17672187415,10.1515352297913
2022-08-02,2022-08-02 12:28:50.660809,10.059,8.31082030935185,0.22,22.024,2014.59926661282,10.1080402389753
2022-08-02,2022-08-02 12:43:50.660809,10.029,8.26155354289378,0.22,22.308,2001.62583737638,10.0578600360532
2022-08-02,2022-08-02 12:58:50.660809,9.974,8.2136078596828,0.22,22.601,1982.31199190669,10.0004846148473
2022-08-02,2022-08-02 13:13:50.660809,9.932,8.16475666133338,0.23,22.877,1956.74044103696,9.9278297272927
2022-08-02,2022-08-02 13:28:50.660809,9.902,8.12978935439117,0.22,23.12,1925.02069448502,9.85196863171015
2022-08-02,2022-08-02 13:43:50.660809,9.853,8.09013595878583,0.22,23.38,1887.28859191179,9.78143450049052
2022-08-02,2022-08-02 13:58:50.660809,9.775,8.0583990385871,0.22,23.581,1843.70572116345,9.70578740968672
2022-08-02,2022-08-02 14:13:50.660809,9.738,8.04329073605679,0.21,23.715,1794.45872631789,9.63627114768432
2022-08-02,2022-08-02 14:28:50.660809,9.649,8.01566010761161,0.22,23.866,1739.75850835714,9.56279403121286
2022-08-02,2022-08-02 14:43:50.660809,9.576,8.00079382134254,0.21,23.975,1679.83932197961,9.48430130430888
2022-08-02,2022-08-02 14:58:50.660809,9.513,7.98320464439326,0.22,24.076,1614.95777245513,9.40294922093656
2022-08-02,2022-08-02 15:13:50.660809,9.426,7.97007793896102,0.22,24.151,1545.39171666773,9.31148359123721
2022-08-02,2022-08-02 15:28:50.660809,9.329,7.96082830914512,0.22,24.218,1471.43907318806,9.21948774572091
2022-08-02,2022-08-02 15:43:50.660809,9.245,7.95237828054005,0.22,24.269,1393.41654647102,9.12664789033453
2022-08-02,2022-08-02 15:58:50.660809,9.141,7.94825271846397,0.21,24.302,1311.65827056982,9.03747708175912
2022-08-02,2022-08-02 16:13:50.660809,9.082,7.95426148553765,0.22,24.252,1226.5143781601,8.94763932319427
2022-08-02,2022-08-02 16:28:50.660809,8.951,7.96374690763528,0.21,24.193,1138.34950108417,8.8572168295429
2022-08-02,2022-08-02 16:43:50.660809,8.812,7.97802593305052,0.21,24.126,1047.5412088758,8.77055374360727
2022-08-02,2022-08-02 16:58:50.660809,8.648,7.99253488781508,0.21,24.009,954.478391713911,8.68264756989554
2022-08-02,2022-08-02 17:13:50.660809,8.456,8.01570018980318,0.21,23.841,859.559595084037,8.59439640366633
2022-08-02,2022-08-02 17:28:50.660809,8.28,8.04998160837866,0.21,23.64,763.191312921584,8.50782288937205
2022-08-02,2022-08-02 17:43:50.660809,8.115,8.07486747006471,0.2,23.489,665.786246780971,8.42237482483533
2022-08-02,2022-08-02 17:58:50.660809,7.987,8.10030096054976,0.2,23.329,567.761538477863,8.33541564383077
2022-08-02,2022-08-02 18:13:50.660809,7.882,8.11922634836643,0.2,23.204,469.536983660689,8.24525094073346
2022-08-02,2022-08-02 18:28:50.660809,7.798,8.13665244546235,0.2,23.103,371.533233937103,8.15148663210017
2022-08-02,2022-08-02 18:43:50.660809,7.747,8.15437993441734,0.2,22.994,274.169995516557,8.05484745729854
2022-08-02,2022-08-02 18:58:50.660809,7.699,8.17792762731486,0.19,22.844,177.864231717876,7.95319766853325
2022-08-02,2022-08-02 19:13:50.660809,7.644,8.20525821977891,0.19,22.685,83.0283772754719,7.84834332551984
2022-08-02,2022-08-02 19:28:50.660809,7.583,8.22694585359991,0.19,22.551,0,7.74571962522743
2022-08-02,2022-08-02 19:43:50.660809,7.523,8.24507789127859,0.19,22.442,0,7.65906996773336
2022-08-02,2022-08-02 19:58:50.660809,7.461,8.26833981666248,0.19,22.291,0,7.59811454483198
2022-08-02,2022-08-02 20:13:50.660809,7.442,8.29848202653995,0.19,22.141,0,7.55785811210895
2022-08-02,2022-08-02 20:28:50.660809,7.419,8.32465240672976,0.19,21.99,0,7.53351809507662
2022-08-02,2022-08-02 20:43:50.660809,7.422,8.34894874287219,0.19,21.831,0,7.52042993238576
2022-08-02,2022-08-02 20:58:50.660809,7.405,8.36957481175986,0.18,21.722,0,7.50951435774527
2022-08-02,2022-08-02 21:13:50.660809,7.426,8.39353477398403,0.18,21.58,0,7.5001960239738
2022-08-02,2022-08-02 21:28:50.660809,7.424,8.42216644696439,0.18,21.43,0,7.4986407176304
2022-08-02,2022-08-02 21:43:50.660809,7.44,8.44041265932875,0.18,21.321,0,7.50236096623101
2022-08-02,2022-08-02 21:58:50.660809,7.451,8.45820160512458,0.18,21.204,0,7.5088704944011
2022-08-02,2022-08-02 22:13:50.660809,7.466,8.48217057297102,0.18,21.078,0,7.51812224186814
2022-08-02,2022-08-02 22:28:50.660809,7.488,8.49622704346078,0.18,20.986,0,7.52908238910209
2022-08-02,2022-08-02 22:43:50.660809,7.512,8.51682276235281,0.18,20.861,0,7.54093936847918
2022-08-02,2022-08-02 22:58:50.660809,7.542,8.54038693974608,0.18,20.735,0,7.55449876587225
2022-08-02,2022-08-02 23:13:50.660809,7.549,8.55773959603898,0.18,20.626,0,7.56901534607541
2022-08-02,2022-08-02 23:28:50.660809,7.565,8.57527897290571,0.18,20.526,0,7.58362502674037
2022-08-02,2022-08-02 23:43:50.660809,7.586,8.5948683783712,0.18,20.417,0,7.59856404592875
2022-08-02,2022-08-02 23:58:50.660809,7.596,8.61679918543286,0.18,20.283,0,7.61416574381469
2022-08-02,2022-08-03 00:13:50.660809,7.609,8.63090704778604,0.18,20.191,0,7.62968333741107
2022-08-02,2022-08-03 00:28:50.660809,7.639,8.64915516298596,0.18,20.074,0,7.64475389712214
2022-08-02,2022-08-03 00:43:50.660809,7.684,8.68034241185626,0.18,19.915,0,7.66125936707718
2022-08-02,2022-08-03 00:58:50.660809,7.694,8.69498583216063,0.18,19.806,0,7.67847053651524
2022-08-02,2022-08-03 01:13:50.660809,7.739,8.7235290041739,0.18,19.655,0,7.69593030956795
2022-08-02,2022-08-03 01:28:50.660809,7.785,8.74880688759319,0.18,19.504,0,7.71467482255674
2022-08-02,2022-08-03 01:43:50.660809,7.767,8.77545196048488,0.18,19.336,0,7.73412896591889
2022-08-02,2022-08-03 01:58:50.660809,7.797,8.80228207321132,0.18,19.218,0,7.75439571405476
2022-08-02,2022-08-03 02:13:50.660809,7.832,8.82135461823946,0.18,19.109,0,7.77459867546327
2022-08-02,2022-08-03 02:28:50.660809,7.905,8.84605870352081,0.18,18.975,0,7.79445902204946
2022-08-02,2022-08-03 02:43:50.660809,7.922,8.86165805076952,0.18,18.874,0,7.81368677762858
2022-08-02,2022-08-03 02:58:50.660809,7.972,8.88936758258887,0.18,18.723,0,7.83270827957277
2022-08-02,2022-08-03 03:13:50.660809,8.01,8.90677049002615,0.18,18.613,0,7.85174698205009
2022-08-02,2022-08-03 03:28:50.660809,8.024,8.92678193241976,0.18,18.487,0,7.87000580712819
2022-08-02,2022-08-03 03:43:50.660809,8.035,8.94848849773518,0.18,18.369,0,7.88811625859879
2022-08-02,2022-08-03 03:58:50.660809,8.087,8.97843585780437,0.17,18.235,0,7.90071001575009
2022-08-03,2022-08-03 04:13:50.660809,8.129,9.00269635102217,0.18,18.083,0,8.129
2022-08-03,2022-08-03 04:28:50.660809,8.143,9.03228326941654,0.17,17.956,0,8.09296144730103
2022-08-03,2022-08-03 04:43:50.660809,8.19,9.05657843273391,0.18,17.821,0,8.06962411043342
2022-08-03,2022-08-03 04:58:50.660809,8.218,9.07703381050715,0.18,17.703,80.1486396061225,8.07576679355645
2022-08-03,2022-08-03 05:13:50.660809,8.292,9.09990492496429,0.18,17.585,175.210693276307,8.11527323926129
2022-08-03,2022-08-03 05:28:50.660809,8.354,9.11997360706431,0.18,17.475,271.723422755709,8.1839867395331
2022-08-03,2022-08-03 05:43:50.660809,8.416,9.1460234772886,0.18,17.348,369.273504911532,8.27657524107778
2022-08-03,2022-08-03 05:58:50.660809,8.482,9.16199768705573,0.18,17.272,467.443173804964,8.38805644708546
2022-08-03,2022-08-03 06:13:50.660809,8.576,9.1761000091745,0.17,17.213,565.81200998613,8.51301519752869
2022-08-03,2022-08-03 06:28:50.660809,8.683,9.17726151130564,0.18,17.179,663.958740844095,8.64783011933228
2022-08-03,2022-08-03 06:43:50.660809,8.804,9.18020586359251,0.18,17.187,761.463044869927,8.78986783497561
2022-08-03,2022-08-03 06:58:50.660809,8.992,9.17194571782233,0.18,17.213,857.907351539383,8.93582211624611
2022-08-03,2022-08-03 07:13:50.660809,9.196,9.15553861288158,0.18,17.28,952.87862977606,9.08240540545298
2022-08-03,2022-08-03 07:28:50.660809,9.362,9.14589774227657,0.18,17.331,1045.9701566651,9.22868725880855
2022-08-03,2022-08-03 07:43:50.660809,9.509,9.13600490314435,0.19,17.382,1136.78325940814,9.36984272446518
2022-08-03,2022-08-03 07:58:50.660809,9.64,9.11846101465266,0.18,17.475,1224.92902250539,9.50986246462044
2022-08-03,2022-08-03 08:13:50.660809,9.751,9.10123706375498,0.18,17.56,1310.02995349649,9.65180175174753
2022-08-03,2022-08-03 08:28:50.660809,9.85,9.07835138130043,0.19,17.661,1391.72159951322,9.78156193944099
2022-08-03,2022-08-03 08:43:50.660809,9.954,9.05424797543365,0.19,17.779,1469.65410811235,9.89878588586692
2022-08-03,2022-08-03 08:58:50.660809,10.046,9.02895607370882,0.19,17.906,1543.49372555832,10.0106638709641
2022-08-03,2022-08-03 09:13:50.660809,10.132,8.99485426628971,0.19,18.049,1612.92422614279,10.1155998490033
2022-08-03,2022-08-03 09:28:50.660809,10.227,8.96905373116099,0.19,18.201,1677.64826651614,10.2132273926815
2022-08-03,2022-08-03 09:43:50.660809,10.293,8.9334545148362,0.19,18.403,1737.38865903848,10.302910527343
2022-08-03,2022-08-03 09:58:50.660809,10.351,8.89832752388338,0.19,18.571,1791.88955889192,10.3833733239841
2022-08-03,2022-08-03 10:13:50.660809,10.418,8.86093401148425,0.19,18.756,1840.91755977081,10.4544532431164
2022-08-03,2022-08-03 10:28:50.660809,10.457,8.82625608848531,0.19,18.95,1884.2626934675,10.5160513017022
2022-08-03,2022-08-03 10:43:50.660809,10.483,8.7889844781595,0.19,19.143,1921.73932913667,10.5680783785586
2022-08-03,2022-08-03 10:58:50.660809,10.538,8.75215855226256,0.19,19.336,1953.18696821429,10.6102285155412
2022-08-03,2022-08-03 11:13:50.660809,10.541,8.70585779644775,0.19,19.579,1978.47093185394,10.6412137701796
2022-08-03,2022-08-03 11:28:50.660809,10.468,8.67028100471016,0.2,19.789,1997.48293767439,10.6499645400208
2022-08-03,2022-08-03 11:43:50.660809,10.548,8.61285954050685,0.2,20.074,2010.14156351388,10.6375820913384
2022-08-03,2022-08-03 11:58:50.660809,10.549,8.56827680933343,0.2,20.333,2016.39259614201,10.6165648641781
2022-08-03,2022-08-03 12:13:50.660809,10.531,8.51300164572669,0.21,20.618,2016.20926345225,10.5765758092255
2022-08-03,2022-08-03 12:28:50.660809,10.503,8.4599485631723,0.21,20.911,2009.59234912353,10.5187232042805
2022-08-03,2022-08-03 12:43:50.660809,10.474,8.41017001701944,0.21,21.204,1996.57018928246,10.456074835814
2022-08-03,2022-08-03 12:58:50.660809,10.419,8.36102443815428,0.21,21.496,1977.19855116425,10.3883005246727
2022-08-03,2022-08-03 13:13:50.660809,10.372,8.3107693839089,0.21,21.798,1951.56039429907,10.3146406391723
2022-08-03,2022-08-03 13:28:50.660809,10.304,8.26149337820843,0.21,22.082,1919.76551524436,10.234702053537
2022-08-03,2022-08-03 13:43:50.660809,10.214,8.20728968962529,0.22,22.383,1881.95007738366,10.1392762954666
2022-08-03,2022-08-03 13:58:50.660809,10.144,8.17750627474728,0.22,22.576,1838.27602780774,10.0334015684731
2022-08-03,2022-08-03 14:13:50.660809,10.081,8.1469966473669,0.21,22.785,1788.93040378635,9.93790273687232
2022-08-03,2022-08-03 14:28:50.660809,9.995,8.11105019769935,0.22,23.011,1734.12453172192,9.84017060951759
2022-08-03,2022-08-03 14:43:50.660809,9.871,8.08293378289221,0.22,23.187,1674.09312223011,9.73197155006338
2022-08-03,2022-08-03 14:58:50.660809,9.742,8.05417686584463,0.22,23.38,1609.09326488131,9.62336336415115
2022-08-03,2022-08-03 15:13:50.660809,9.657,8.03099968197777,0.22,23.531,1539.40332725621,9.51393598298699
2022-08-03,2022-08-03 15:28:50.660809,9.545,8.01488208026749,0.22,23.648,1465.32176280545,9.40458723186952
2022-08-03,2022-08-03 15:43:50.660809,9.428,7.99705655133554,0.21,23.765,1387.16583270044,9.30014371541326
2022-08-03,2022-08-03 15:58:50.660809,9.308,7.9882898217306,0.21,23.816,1305.27024713926,9.19900285884119
2022-08-03,2022-08-03 16:13:50.660809,9.202,7.98793342413317,0.21,23.832,1219.98573192351,9.09618653303138
2022-08-03,2022-08-03 16:28:50.660809,9.02,7.98621193614307,0.21,23.816,1131.67752644471,8.9922375165424
2022-08-03,2022-08-03 16:43:50.660809,8.894,7.99119444940389,0.21,23.782,1040.72381954058,8.88737039549861
2022-08-03,2022-08-03 16:58:50.660809,8.723,8.00856587386441,0.21,23.698,947.514129768222,8.78350387426926
2022-08-03,2022-08-03 17:13:50.660809,8.506,8.0258065883573,0.21,23.564,852.447637424731,8.68138760675708
2022-08-03,2022-08-03 17:28:50.660809,8.305,8.0425652846599,0.21,23.472,755.931474821601,8.57992048676569
2022-08-03,2022-08-03 17:43:50.660809,8.133,8.05676075785399,0.2,23.388,658.378982900012,8.47825000320997
2022-08-03,2022-08-03 17:58:50.660809,8.026,8.07634447304293,0.2,23.279,560.207940877896,8.37568466431463
2022-08-03,2022-08-03 18:13:50.660809,7.886,8.0928971680265,0.2,23.187,461.838777140684,8.27149374924165
2022-08-03,2022-08-03 18:28:50.660809,7.823,8.11187584954695,0.19,23.053,363.692768789745,8.1637303566463
2022-08-03,2022-08-03 18:43:50.660809,7.752,8.13341625647273,0.2,22.919,266.190237320286,8.05594001986994
2022-08-03,2022-08-03 18:58:50.660809,7.704,8.15701021832071,0.2,22.777,169.748748648602,7.95086818253257
2022-08-03,2022-08-03 19:13:50.660809,7.634,8.17964054876606,0.2,22.626,74.7813248104304,7.84605855402366
2022-08-03,2022-08-03 19:28:50.660809,7.573,8.2061523782735,0.19,22.467,0,7.7398262594038
2022-08-03,2022-08-03 19:43:50.660809,7.492,8.22875754864396,0.2,22.333,0,7.65221508103625
2022-08-03,2022-08-03 19:58:50.660809,7.468,8.25286368042491,0.19,22.191,0,7.59008180269353
2022-08-03,2022-08-03 20:13:50.660809,7.435,8.2741043565075,0.19,22.09,0,7.54214708890555
2022-08-03,2022-08-03 20:28:50.660809,7.413,8.2964265952474,0.19,21.957,0,7.50993223635993
2022-08-03,2022-08-03 20:43:50.660809,7.379,8.31376703366211,0.19,21.865,0,7.48929333561003
2022-08-03,2022-08-03 20:58:50.660809,7.383,8.33761963257668,0.19,21.722,0,7.47764596152779
2022-08-03,2022-08-03 21:13:50.660809,7.376,8.3567794982066,0.19,21.605,0,7.47302614904214
2022-08-03,2022-08-03 21:28:50.660809,7.391,8.37942504288565,0.19,21.48,0,7.47368136809766
2022-08-03,2022-08-03 21:43:50.660809,7.402,8.3866206920566,0.19,21.404,0,7.47710964165015
2022-08-03,2022-08-03 21:58:50.660809,7.388,8.4032694592884,0.19,21.321,0,7.48207971394893
2022-08-03,2022-08-03 22:13:50.660809,7.407,8.42261757858428,0.19,21.212,0,7.48953635742329
2022-08-03,2022-08-03 22:28:50.660809,7.425,8.44311074863323,0.19,21.103,0,7.49927194146736
2022-08-03,2022-08-03 22:43:50.660809,7.428,8.46586836261818,0.19,20.961,0,7.51105559390769
2022-08-03,2022-08-03 22:58:50.660809,7.445,8.48275871414681,0.19,20.836,0,7.52396062183707
2022-08-03,2022-08-03 23:13:50.660809,7.483,8.51077180092181,0.19,20.702,0,7.5383351568761
2022-08-03,2022-08-03 23:28:50.660809,7.51,8.53824012539005,0.18,20.576,0,7.54932071753218
2022-08-03,2022-08-03 23:43:50.660809,7.532,8.55867607153135,0.18,20.459,0,7.55685460948035
2022-08-03,2022-08-03 23:58:50.660809,7.559,8.57600122823125,0.18,20.325,0,7.56624228251003
2022-08-03,2022-08-04 00:13:50.660809,7.596,8.60487093748856,0.18,20.166,0,7.57787747546669
2022-08-03,2022-08-04 00:28:50.660809,7.601,8.62692562207851,0.18,20.015,0,7.591723282947
2022-08-03,2022-08-04 00:43:50.660809,7.648,8.65198005232368,0.19,19.873,0,7.61261004463982
2022-08-03,2022-08-04 00:58:50.660809,7.658,8.6794733554056,0.18,19.764,0,7.63397360434372
2022-08-03,2022-08-04 01:13:50.660809,7.698,8.69796785692009,0.18,19.63,0,7.64928196358428
2022-08-03,2022-08-04 01:28:50.660809,7.736,8.72209382825443,0.19,19.495,0,7.67086141680872
2022-08-03,2022-08-04 01:43:50.660809,7.743,8.74524449661148,0.18,19.395,0,7.69221725858721
2022-08-03,2022-08-04 01:58:50.660809,7.802,8.76423539372546,0.18,19.286,0,7.70718279433503
2022-08-03,2022-08-04 02:13:50.660809,7.843,8.77943072489117,0.19,19.176,0,7.72771059675272
2022-08-03,2022-08-04 02:28:50.660809,7.871,8.81305128662294,0.18,19.042,0,7.74837761263669
2022-08-03,2022-08-04 02:43:50.660809,7.917,8.83774689515358,0.18,18.891,0,7.76433353457718
2022-08-03,2022-08-04 02:58:50.660809,7.931,8.85789881909941,0.18,18.773,0,7.78090656131894
2022-08-03,2022-08-04 03:13:50.660809,7.966,8.87629789986553,0.18,18.681,0,7.79744858928761
2022-08-03,2022-08-04 03:28:50.660809,7.983,8.89459145082407,0.18,18.588,0,7.81383683345891
2022-08-03,2022-08-04 03:43:50.660809,8.022,8.91365939405896,0.18,18.479,0,7.83012477694455
2022-08-03,2022-08-04 03:58:50.660809,8.048,8.92897087291367,0.19,18.369,0,7.85170415617575
2022-08-04,2022-08-04 04:13:50.660809,8.071,8.94964037040275,0.19,18.285,0,8.071
2022-08-04,2022-08-04 04:28:50.660809,8.09,8.96788518047011,0.18,18.201,0,8.0619847984196
2022-08-04,2022-08-04 04:43:50.660809,8.128,8.9925534004971,0.18,18.074,0,8.05361316127048
2022-08-04,2022-08-04 04:58:50.660809,8.155,9.00967398772958,0.18,17.973,72.6845615015157,8.0644099434247
2022-08-04,2022-08-04 05:13:50.660809,8.225,9.03315253826983,0.18,17.847,167.89578397475,8.10741718974755
2022-08-04,2022-08-04 05:28:50.660809,8.271,9.05329314662087,0.18,17.754,264.557732639517,8.18030619947023
2022-08-04,2022-08-04 05:43:50.660809,8.332,9.07319105852521,0.18,17.669,362.256439225511,8.27673070789925
2022-08-04,2022-08-04 05:58:50.660809,8.455,9.07725517135081,0.18,17.644,460.573495318831,8.39028332544208
2022-08-04,2022-08-04 06:13:50.660809,8.571,9.07462946968186,0.19,17.636,559.08784409904,8.51528961738349
2022-08-04,2022-08-04 06:28:50.660809,8.66,9.08191162710716,0.18,17.61,657.377583677586,8.64942558095633
2022-08-04,2022-08-04 06:43:50.660809,8.722,9.08549583660749,0.18,17.61,755.021773927435,8.79104776957417
2022-08-04,2022-08-04 06:58:50.660809,8.918,9.09116598255576,0.18,17.585,851.602239222106,8.93825006610819
2022-08-04,2022-08-04 07:13:50.660809,9.149,9.09793409636831,0.18,17.585,946.705359333639,9.08970489281052
2022-08-04,2022-08-04 07:28:50.660809,9.338,9.09637108362763,0.19,17.568,1039.92384082632,9.23866061095205
2022-08-04,2022-08-04 07:43:50.660809,9.529,9.09469540246124,0.18,17.593,1130.85846135329,9.38840687905932
2022-08-04,2022-08-04 07:58:50.660809,9.666,9.08075059581717,0.19,17.644,1219.11977939003,9.53470745545951
2022-08-04,2022-08-04 08:13:50.660809,9.799,9.06927338857407,0.19,17.712,1304.32980208092,9.6708061547087
2022-08-04,2022-08-04 08:28:50.660809,9.908,9.05420095563233,0.18,17.805,1386.12360405606,9.81060278273515
2022-08-04,2022-08-04 08:43:50.660809,10.024,9.03415825597922,0.19,17.897,1464.15089028684,9.9431372072383
2022-08-04,2022-08-04 08:58:50.660809,10.097,9.01216901631829,0.19,18.007,1538.07749628351,10.0599040332543
2022-08-04,2022-08-04 09:13:50.660809,10.187,8.99415911309698,0.19,18.108,1607.58681923312,10.170716399282
2022-08-04,2022-08-04 09:28:50.660809,10.263,8.96323261783631,0.19,18.285,1672.3811738354,10.2739092754572
2022-08-04,2022-08-04 09:43:50.660809,10.358,8.92994971711605,0.19,18.437,1732.18306730613,10.367415336905
2022-08-04,2022-08-04 09:58:50.660809,10.426,8.90577692040019,0.19,18.58,1786.73638771841,10.4522784015775
2022-08-04,2022-08-04 10:13:50.660809,10.487,8.87618452895412,0.19,18.74,1835.80750088464,10.5287503669438
2022-08-04,2022-08-04 10:28:50.660809,10.549,8.85130564022041,0.19,18.891,1879.18625089159,10.5964877949221
2022-08-04,2022-08-04 10:43:50.660809,10.589,8.82709436149471,0.19,19.034,1916.68686021706,10.655976229982
2022-08-04,2022-08-04 10:58:50.660809,10.621,8.79009242585849,0.19,19.218,1948.14872531764,10.7053194561008
2022-08-04,2022-08-04 11:13:50.660809,10.675,8.75835494702807,0.19,19.428,1973.43710443406,10.7433348382302
2022-08-04,2022-08-04 11:28:50.660809,10.689,8.72121043747177,0.2,19.621,1992.4436947119,10.7580253261129
2022-08-04,2022-08-04 11:43:50.660809,10.704,8.68029273085448,0.2,19.856,2005.08709598628,10.7511048504898
2022-08-04,2022-08-04 11:58:50.660809,10.636,8.64109131614376,0.21,20.082,2011.31315944537,10.7257740053278
2022-08-04,2022-08-04 12:13:50.660809,10.618,8.6052037896988,0.2,20.283,2011.09521951824,10.6960662908234
2022-08-04,2022-08-04 12:28:50.660809,10.641,8.5574344219378,0.2,20.568,2004.43420810658,10.6706523273145
2022-08-04,2022-08-04 12:43:50.660809,10.657,8.5212964462827,0.21,20.76,1991.35865059541,10.6242951889166
2022-08-04,2022-08-04 12:58:50.660809,10.628,8.47146722342299,0.21,21.061,1971.9245437137,10.5596177142751
2022-08-04,2022-08-04 13:13:50.660809,10.54,8.42673073302994,0.21,21.312,1946.2151157362,10.4887251576354
2022-08-04,2022-08-04 13:28:50.660809,10.477,8.38545024686103,0.21,21.572,1914.34047003134,10.4124827714861
2022-08-04,2022-08-04 13:43:50.660809,10.412,8.34699631266669,0.2,21.839,1876.43711358029,10.3410806534009
2022-08-04,2022-08-04 13:58:50.660809,10.357,8.31114085871314,0.2,22.057,1832.66737235252,10.2721576745113
2022-08-04,2022-08-04 14:13:50.660809,10.297,8.27585242308956,0.2,22.275,1783.2186961371,10.1936426506663
2022-08-04,2022-08-04 14:28:50.660809,10.211,8.24453723226025,0.2,22.467,1728.3028557717,10.1068368478078
2022-08-04,2022-08-04 14:43:50.660809,10.146,8.21805516935758,0.2,22.643,1668.15503621166,10.0134330018505
2022-08-04,2022-08-04 14:58:50.660809,10.021,8.19100797094481,0.2,22.81,1603.0328293417,9.91416403145103
2022-08-04,2022-08-04 15:13:50.660809,9.943,8.1682323222236,0.2,22.952,1533.21513073655,9.8096564047675
2022-08-04,2022-08-04 15:28:50.660809,9.838,8.14709601219824,0.21,23.07,1459.00094535983,9.69401653924925
2022-08-04,2022-08-04 15:43:50.660809,9.707,8.13080178802798,0.2,23.179,1380.70810694532,9.57649006512983
2022-08-04,2022-08-04 15:58:50.660809,9.601,8.12481832016049,0.2,23.221,1298.67191693152,9.46537217272092
2022-08-04,2022-08-04 16:13:50.660809,9.447,8.1194394480032,0.2,23.262,1213.24370836106,9.35283170031267
2022-08-04,2022-08-04 16:28:50.660809,9.315,8.12143302946132,0.2,23.262,1124.7893413274,9.23935645853221
2022-08-04,2022-08-04 16:43:50.660809,9.14,8.123395809908,0.2,23.221,1033.68763610387,9.12544649419379
2022-08-04,2022-08-04 16:58:50.660809,8.948,8.13789207733434,0.2,23.145,940.328750787919,9.01213917059692
2022-08-04,2022-08-04 17:13:50.660809,8.734,8.15754347300415,0.2,23.003,845.112510387068,8.90094910706797
2022-08-04,2022-08-04 17:28:50.660809,8.512,8.19136612687909,0.2,22.81,748.446694479253,8.79325912331907
2022-08-04,2022-08-04 17:43:50.660809,8.329,8.21423805059636,0.2,22.651,650.745290932551,8.68798561773774
2022-08-04,2022-08-04 17:58:50.660809,8.2,8.23823350564735,0.2,22.509,552.426722779819,8.58272812174588
2022-08-04,2022-08-04 18:13:50.660809,8.104,8.26499971502184,0.2,22.358,453.912056353146,8.4775862944526
2022-08-04,2022-08-04 18:28:50.660809,8.041,8.2999833276453,0.2,22.166,355.623197943655,8.37365912305642
2022-08-04,2022-08-04 18:43:50.660809,7.984,8.32364319586272,0.2,22.007,257.981087016965,8.27017016249889
2022-08-04,2022-08-04 18:58:50.660809,7.921,8.35035717175695,0.2,21.856,161.403893309476,8.16603318504866
2022-08-04,2022-08-04 19:13:50.660809,7.85,8.38020969073464,0.19,21.706,66.3052260207131,8.05794035118683
2022-08-04,2022-08-04 19:28:50.660809,7.803,8.41007527177414,0.19,21.538,0,7.95132228565643
2022-08-04,2022-08-04 19:43:50.660809,7.748,8.4426376551376,0.19,21.346,0,7.86573659899931
2022-08-04,2022-08-04 19:58:50.660809,7.697,8.47212091493612,0.2,21.162,0,7.81221914444848
2022-08-04,2022-08-04 20:13:50.660809,7.669,8.4953000164565,0.2,21.028,0,7.78198741925576
2022-08-04,2022-08-04 20:28:50.660809,7.65,8.5339703059472,0.19,20.869,0,7.76060717651416
2022-08-04,2022-08-04 20:43:50.660809,7.632,8.55183293930831,0.19,20.735,0,7.74529168963817
2022-08-04,2022-08-04 20:58:50.660809,7.633,8.56989913653474,0.2,20.618,0,7.74218092438678
2022-08-04,2022-08-04 21:13:50.660809,7.625,8.58530673999427,0.2,20.518,0,7.74817979261235
2022-08-04,2022-08-04 21:28:50.660809,7.64,8.60905817137508,0.19,20.392,0,7.75182246612487
2022-08-04,2022-08-04 21:43:50.660809,7.644,8.64185841604226,0.19,20.25,0,7.75555536142902
2022-08-04,2022-08-04 21:58:50.660809,7.665,8.65772228640366,0.2,20.099,0,7.76831905992456
2022-08-04,2022-08-04 22:13:50.660809,7.681,8.68366859645557,0.19,19.965,0,7.78223829974062
2022-08-04,2022-08-04 22:28:50.660809,7.713,8.71497704968585,0.18,19.814,0,7.78828127231524
2022-08-04,2022-08-04 22:43:50.660809,7.733,8.73779208397301,0.19,19.655,0,7.79834123110266
2022-08-04,2022-08-04 22:58:50.660809,7.763,8.75981993746262,0.2,19.512,0,7.82096829054803
2022-08-04,2022-08-04 23:13:50.660809,7.81,8.7966629659343,0.19,19.302,0,7.84419903626035
2022-08-04,2022-08-04 23:28:50.660809,7.837,8.82053320723675,0.19,19.176,0,7.86314959996741
2022-08-04,2022-08-04 23:43:50.660809,7.872,8.84368226291812,0.2,19.042,0,7.8874276593821
2022-08-04,2022-08-04 23:58:50.660809,7.9,8.87413196124161,0.19,18.899,0,7.91152158946286
2022-08-04,2022-08-05 00:13:50.660809,7.944,8.89561934272515,0.19,18.79,0,7.93035015748082
2022-08-04,2022-08-05 00:28:50.660809,7.962,8.91963872988986,0.19,18.647,0,7.94937126353038
2022-08-04,2022-08-05 00:43:50.660809,8.004,8.9480928688606,0.19,18.512,0,7.96924479550089
2022-08-04,2022-08-05 00:58:50.660809,8.042,8.96606477705043,0.2,18.369,0,7.99410965684912
2022-08-04,2022-08-05 01:13:50.660809,8.083,9.00488167927146,0.19,18.176,0,8.01882897626296
2022-08-04,2022-08-05 01:28:50.660809,8.142,9.04108882208898,0.19,17.99,0,8.04031830643258
2022-08-04,2022-08-05 01:43:50.660809,8.175,9.07073130537179,0.19,17.83,0,8.06336225806383
2022-08-04,2022-08-05 01:58:50.660809,8.2,9.0974165072529,0.19,17.703,0,8.08672190782241
2022-08-04,2022-08-05 02:13:50.660809,8.225,9.12753005894774,0.19,17.568,0,8.11044267317764
2022-08-04,2022-08-05 02:28:50.660809,8.3,9.15596747984887,0.19,17.416,0,8.13456054873276
2022-08-04,2022-08-05 02:43:50.660809,8.333,9.17978271243453,0.19,17.297,0,8.15834332478326
2022-08-04,2022-08-05 02:58:50.660809,8.342,9.19085351681098,0.19,17.23,0,8.18022012885508
2022-08-04,2022-08-05 03:13:50.660809,8.364,9.21399958206115,0.19,17.12,0,8.20056058019495
2022-08-04,2022-08-05 03:28:50.660809,8.399,9.23771684559735,0.19,17.001,0,8.220922167525
2022-08-04,2022-08-05 03:43:50.660809,8.438,9.26431567113651,0.19,16.865,0,8.24159502850019
2022-08-04,2022-08-05 03:58:50.660809,8.466,9.28792989280786,0.19,16.755,0,8.26252261796497
2022-08-05,2022-08-05 04:13:50.660809,8.486,9.29842923686141,0.19,16.704,0,8.486
2022-08-05,2022-08-05 04:28:50.660809,8.529,9.3285892706481,0.19,16.568,0,8.47656958726371
2022-08-05,2022-08-05 04:43:50.660809,8.557,9.3498638227457,0.19,16.449,0,8.47444489387868
2022-08-05,2022-08-05 04:58:50.660809,8.616,9.377897042865,0.19,16.321,65.1284270860876,8.48965985325875
2022-08-05,2022-08-05 05:13:50.660809,8.671,9.40198585328132,0.19,16.21,160.490707050342,8.53613534222851
2022-08-05,2022-08-05 05:28:50.660809,8.727,9.42931321172778,0.19,16.091,257.303480586681,8.61264600790344
2022-08-05,2022-08-05 05:43:50.660809,8.796,9.45695379517444,0.19,15.972,355.152127519147,8.71337623323836
2022-08-05,2022-08-05 05:58:50.660809,8.873,9.4767377791656,0.19,15.886,453.617591095329,8.8325531943983
2022-08-05,2022-08-05 06:13:50.660809,8.988,9.4944936983897,0.19,15.792,552.278172838102,8.96528533107197
2022-08-05,2022-08-05 06:28:50.660809,9.064,9.49683624777168,0.19,15.766,650.711338450759,9.10681123154246
2022-08-05,2022-08-05 06:43:50.660809,9.184,9.51000545077742,0.18,15.749,748.495527433376,9.25685081603542
2022-08-05,2022-08-05 06:58:50.660809,9.396,9.49990341029325,0.19,15.775,845.211958503883,9.40971249744548
2022-08-05,2022-08-05 07:13:50.660809,9.618,9.48558264377904,0.2,15.809,940.446423117518,9.55538038718818
2022-08-05,2022-08-05 07:28:50.660809,9.799,9.47781835602764,0.2,15.843,1033.79105938069,9.69634132434753
2022-08-05,2022-08-05 07:43:50.660809,9.949,9.47357630253344,0.19,15.886,1124.84609890496,9.84220013408155
2022-08-05,2022-08-05 07:58:50.660809,10.091,9.46338747798388,0.19,15.937,1213.22157873434,9.99145334786001
2022-08-05,2022-08-05 08:13:50.660809,10.202,9.44991054368279,0.2,15.997,1298.53901164024,10.1295863066131
2022-08-05,2022-08-05 08:28:50.660809,10.309,9.43442351914653,0.2,16.057,1380.43300689302,10.2564278902584
2022-08-05,2022-08-05 08:43:50.660809,10.416,9.40999526484043,0.2,16.185,1458.55283529306,10.3779368915758
2022-08-05,2022-08-05 08:58:50.660809,10.549,9.399477429403,0.2,16.244,1532.56393115852,10.4943655421814
2022-08-05,2022-08-05 09:13:50.660809,10.634,9.36667356953523,0.2,16.398,1602.14932520744,10.604150790218
2022-08-05,2022-08-05 09:28:50.660809,10.712,9.33639178219763,0.2,16.542,1667.01100205524,10.7045028295093
2022-08-05,2022-08-05 09:43:50.660809,10.776,9.3082998141377,0.2,16.687,1726.87117652477,10.7961879890919
2022-08-05,2022-08-05 09:58:50.660809,10.861,9.27464193976516,0.2,16.848,1781.47348339406,10.8787077252258
2022-08-05,2022-08-05 10:13:50.660809,10.884,9.24102171391671,0.2,17.026,1830.58407523979,10.9512753064529
2022-08-05,2022-08-05 10:28:50.660809,10.953,9.20663632531841,0.21,17.187,1873.99262405664,11.0028462683029
2022-08-05,2022-08-05 10:43:50.660809,10.981,9.16911054816522,0.21,17.382,1911.51322198511,11.0351714637087
2022-08-05,2022-08-05 10:58:50.660809,11.024,9.13622682942999,0.21,17.543,1942.98517753151,11.061425556226
2022-08-05,2022-08-05 11:13:50.660809,11.06,9.09803340508112,0.2,17.754,1968.27370377737,11.0925019389891
2022-08-05,2022-08-05 11:28:50.660809,11.06,9.05677617255526,0.21,17.956,1987.27049564787,11.1120371256339
2022-08-05,2022-08-05 11:43:50.660809,11.052,9.00834132202734,0.21,18.209,1999.89419376387,11.1071934965071
2022-08-05,2022-08-05 11:58:50.660809,11.044,8.95652752199779,0.21,18.47,2006.09073290712,11.091637615652
2022-08-05,2022-08-05 12:13:50.660809,11.027,8.90565401695837,0.21,18.748,2005.83357356214,11.0652005172597
2022-08-05,2022-08-05 12:28:50.660809,10.987,8.85994323753232,0.21,19.008,1999.12381560776,11.0289727982405
2022-08-05,2022-08-05 12:43:50.660809,10.956,8.79814094893297,0.21,19.336,1985.99019361305,10.9814696987358
2022-08-05,2022-08-05 12:58:50.660809,10.927,8.75676910374331,0.21,19.571,1966.48895379824,10.9239558154914
2022-08-05,2022-08-05 13:13:50.660809,10.885,8.70615277409783,0.21,19.856,1940.70361314003,10.8583942059768
2022-08-05,2022-08-05 13:28:50.660809,10.784,8.66166954834097,0.21,20.107,1908.74460174572,10.7842634444169
2022-08-05,2022-08-05 13:43:50.660809,10.721,8.61539641874832,0.21,20.367,1870.74878988262,10.7024131600188
2022-08-05,2022-08-05 13:58:50.660809,10.649,8.5701798576064,0.21,20.626,1826.87890183922,10.6127464379927
2022-08-05,2022-08-05 14:13:50.660809,10.591,8.53373707308408,0.21,20.844,1777.32281902957,10.516897880312
2022-08-05,2022-08-05 14:28:50.660809,10.523,8.49313476823618,0.21,21.061,1722.29277537709,10.4155446861282
2022-08-05,2022-08-05 14:43:50.660809,10.427,8.45736490383527,0.21,21.287,1662.02444834354,10.3085064112121
2022-08-05,2022-08-05 14:58:50.660809,10.308,8.42450182852058,0.21,21.48,1596.77594962219,10.1968121432392
2022-08-05,2022-08-05 15:13:50.660809,10.207,8.39685557681796,0.21,21.622,1526.82671980306,10.0817059031854
2022-08-05,2022-08-05 15:28:50.660809,10.11,8.36935098389979,0.21,21.781,1452.47633143747,9.96358596492427
2022-08-05,2022-08-05 15:43:50.660809,9.975,8.34862389010753,0.21,21.898,1374.04320626001,9.84298161901911
2022-08-05,2022-08-05 15:58:50.660809,9.863,8.33263052678242,0.21,22.015,1291.8632513103,9.72105975213825
2022-08-05,2022-08-05 16:13:50.660809,9.729,8.32327253246895,0.21,22.065,1206.28842050816,9.59884733017241
2022-08-05,2022-08-05 16:28:50.660809,9.563,8.31733698362791,0.21,22.082,1117.68520721106,9.47714195600758
2022-08-05,2022-08-05 16:43:50.660809,9.38,8.31201775577365,0.21,22.124,1026.43307462071,9.35548715628183
2022-08-05,2022-08-05 16:58:50.660809,9.205,8.32493429785994,0.2,22.049,932.922830794174,9.2389990953374
2022-08-05,2022-08-05 17:13:50.660809,9.008,8.33580769872242,0.21,21.965,837.554954755564,9.12484285796212
2022-08-05,2022-08-05 17:28:50.660809,8.78,8.35310016932904,0.21,21.848,740.737881451734,9.00916860644049
2022-08-05,2022-08-05 17:43:50.660809,8.613,8.3714407781006,0.21,21.739,642.886252538578,8.89603450809103
2022-08-05,2022-08-05 17:58:50.660809,8.493,8.38864677290118,0.21,21.647,544.419140507521,8.78430207881799
2022-08-05,2022-08-05 18:13:50.660809,8.377,8.40547019518636,0.2,21.555,445.758253985758,8.67237371324309
2022-08-05,2022-08-05 18:28:50.660809,8.292,8.42473607595941,0.21,21.438,347.32613164575,8.56116895035087
2022-08-05,2022-08-05 18:43:50.660809,8.212,8.43900840246614,0.21,21.338,249.544332608772,8.45091541513083
2022-08-05,2022-08-05 18:58:50.660809,8.149,8.4671788841736,0.2,21.204,152.831630937722,8.33871091747294
2022-08-05,2022-08-05 19:13:50.660809,8.067,8.48852924673699,0.2,21.078,57.60222221533,8.2253747113467
2022-08-05,2022-08-05 19:28:50.660809,7.977,8.50835191967138,0.2,20.961,0,8.11901483829797
2022-08-05,2022-08-05 19:43:50.660809,7.923,8.52646356587755,0.21,20.819,0,8.0380354500018
2022-08-05,2022-08-05 19:58:50.660809,7.879,8.55395609558712,0.2,20.685,0,7.98240931881346
2022-08-05,2022-08-05 20:13:50.660809,7.852,8.5889081150437,0.19,20.551,0,7.93856360078909
2022-08-05,2022-08-05 20:28:50.660809,7.831,8.60906114083842,0.2,20.4,0,7.91178316867431
2022-08-05,2022-08-05 20:43:50.660809,7.812,8.63652642144076,0.2,20.266,0,7.90170795269065
2022-08-05,2022-08-05 20:58:50.660809,7.811,8.66056716436182,0.2,20.116,0,7.89979135754575
2022-08-05,2022-08-05 21:13:50.660809,7.806,8.67838157402034,0.21,20.007,0,7.90727166203309
2022-08-05,2022-08-05 21:28:50.660809,7.807,8.69977966049817,0.2,19.889,0,7.91718024831071
2022-08-05,2022-08-05 21:43:50.660809,7.827,8.72130245657859,0.2,19.78,0,7.92495991871508
2022-08-05,2022-08-05 21:58:50.660809,7.84,8.75599805112937,0.19,19.621,0,7.93215343104314
2022-08-05,2022-08-05 22:13:50.660809,7.847,8.77228702505246,0.2,19.504,0,7.94309882363655
2022-08-05,2022-08-05 22:28:50.660809,7.874,8.79832121887804,0.2,19.361,0,7.96073050990122
2022-08-05,2022-08-05 22:43:50.660809,7.892,8.82419156858827,0.2,19.227,0,7.97966693801495
2022-08-05,2022-08-05 22:58:50.660809,7.927,8.84594826817688,0.2,19.092,0,7.99909298930103
2022-08-05,2022-08-05 23:13:50.660809,7.958,8.86798427853723,0.2,18.975,0,8.01846998346687
2022-08-05,2022-08-05 23:28:50.660809,7.98,8.89603884337333,0.19,18.84,0,8.03367353885447
2022-08-05,2022-08-05 23:43:50.660809,8.016,8.9157314998039,0.2,18.731,0,8.050312567808
2022-08-05,2022-08-05 23:58:50.660809,8.044,8.93978334756527,0.2,18.597,0,8.07244745942748
2022-08-05,2022-08-06 00:13:50.660809,8.073,8.96138271729399,0.2,18.479,0,8.09409389565172
2022-08-05,2022-08-06 00:28:50.660809,8.124,8.98471116388864,0.2,18.369,0,8.1153425903072
2022-08-05,2022-08-06 00:43:50.660809,8.158,9.0149051021248,0.2,18.209,0,8.13718522310949
2022-08-05,2022-08-06 00:58:50.660809,8.19,9.03928653545174,0.2,18.066,0,8.15951546974486
2022-08-05,2022-08-06 01:13:50.660809,8.238,9.06247463832838,0.2,17.956,0,8.18152420460882
2022-08-05,2022-08-06 01:28:50.660809,8.272,9.08675830950406,0.19,17.83,0,8.19842116685216
2022-08-05,2022-08-06 01:43:50.660809,8.294,9.11484825607417,0.19,17.678,0,8.21184405273442
2022-08-05,2022-08-06 01:58:50.660809,8.323,9.13608916019308,0.2,17.568,0,8.23207394321665
2022-08-05,2022-08-06 02:13:50.660809,8.364,9.1625019197553,0.2,17.441,0,8.25740054707904
2022-08-05,2022-08-06 02:28:50.660809,8.406,9.1878263170093,0.2,17.297,0,8.2821269406149
2022-08-05,2022-08-06 02:43:50.660809,8.445,9.21187455369892,0.2,17.179,0,8.30614352651887
2022-08-05,2022-08-06 02:58:50.660809,8.488,9.24208118255955,0.2,17.035,0,8.33016984568526
2022-08-05,2022-08-06 03:13:50.660809,8.502,9.26455253605361,0.2,16.925,0,8.35404450399225
2022-08-05,2022-08-06 03:28:50.660809,8.541,9.28538666681172,0.2,16.806,0,8.3768000239421
2022-08-05,2022-08-06 03:43:50.660809,8.586,9.31497638273738,0.2,16.67,0,8.39942872749168
2022-08-05,2022-08-06 03:58:50.660809,8.623,9.33913925550607,0.2,16.542,0,8.42231136837213
2022-08-06,2022-08-06 04:13:50.660809,8.634,9.36715639499629,0.2,16.406,0,8.634
2022-08-06,2022-08-06 04:28:50.660809,8.676,9.39206791620554,0.2,16.279,0,8.6079638110404
2022-08-06,2022-08-06 04:43:50.660809,8.686,9.41696770097441,0.2,16.168,0,8.59293216593403
2022-08-06,2022-08-06 04:58:50.660809,8.745,9.44424591953717,0.2,16.04,57.4830329092318,8.5975298988946
2022-08-06,2022-08-06 05:13:50.660809,8.783,9.46480115557174,0.2,15.946,152.998092197003,8.63498328797999
2022-08-06,2022-08-06 05:28:50.660809,8.871,9.49839678549236,0.2,15.784,249.963125569979,8.70603439457163
2022-08-06,2022-08-06 05:43:50.660809,8.953,9.52258632370456,0.2,15.672,347.962854708558,8.80403809131435
2022-08-06,2022-08-06 05:58:50.660809,9.022,9.54126780144376,0.2,15.578,446.577569799966,8.92185257869295
2022-08-06,2022-08-06 06:13:50.660809,9.122,9.554768877688,0.2,15.518,545.384926979081,9.05421327528147
2022-08-06,2022-08-06 06:28:50.660809,9.239,9.57552046104035,0.2,15.424,643.96175723227,9.19821515189887
2022-08-06,2022-08-06 06:43:50.660809,9.339,9.58071417397182,0.2,15.415,741.885878626515,9.35031530122411
2022-08-06,2022-08-06 06:58:50.660809,9.549,9.57925347072818,0.2,15.424,838.737904524283,9.50606121484993
2022-08-06,2022-08-06 07:13:50.660809,9.757,9.57513448216586,0.2,15.433,934.103039616489,9.66312475894801
2022-08-06,2022-08-06 07:28:50.660809,9.935,9.57171996951673,0.2,15.45,1027.57285647778,9.82033010268387
2022-08-06,2022-08-06 07:43:50.660809,10.089,9.55922334102384,0.2,15.51,1118.74704476928,9.97583401938861
2022-08-06,2022-08-06 07:58:50.660809,10.238,9.54674543322162,0.2,15.57,1207.23512560678,10.1279329678762
2022-08-06,2022-08-06 08:13:50.660809,10.334,9.53446606747899,0.2,15.63,1292.65812399678,10.2762009551189
2022-08-06,2022-08-06 08:28:50.660809,10.465,9.50997980124161,0.21,15.732,1374.65019181158,10.4109130071908
2022-08-06,2022-08-06 08:43:50.660809,10.582,9.48755975046906,0.21,15.843,1452.86017471277,10.5316042469912
2022-08-06,2022-08-06 08:58:50.660809,10.7,9.46627756443081,0.21,15.937,1526.95311606929,10.6472288293893
2022-08-06,2022-08-06 09:13:50.660809,10.796,9.43590851912065,0.21,16.074,1596.6116914496,10.7562071571835
2022-08-06,2022-08-06 09:28:50.660809,10.869,9.40816191555054,0.21,16.219,1661.53756772373,10.8572657107284
2022-08-06,2022-08-06 09:43:50.660809,10.943,9.37494146083202,0.21,16.389,1721.45268076084,10.9497395968064
2022-08-06,2022-08-06 09:58:50.660809,11.036,9.34781013218515,0.21,16.534,1776.10042627881,11.0335699648502
2022-08-06,2022-08-06 10:13:50.660809,11.079,9.30520612241321,0.21,16.738,1825.246758898,11.1072971815985
2022-08-06,2022-08-06 10:28:50.660809,11.123,9.27358624663991,0.21,16.899,1868.68119446078,11.1703999164681
2022-08-06,2022-08-06 10:43:50.660809,11.179,9.22705752600562,0.22,17.12,1906.21771154314,11.211032362837
2022-08-06,2022-08-06 10:58:50.660809,11.183,9.1843110333446,0.22,17.34,1937.69554814226,11.2301462582245
2022-08-06,2022-08-06 11:13:50.660809,11.201,9.14253592283027,0.21,17.576,1962.97989020364,11.2538188352855
2022-08-06,2022-08-06 11:28:50.660809,11.217,9.09165731017016,0.21,17.83,1981.9624489935,11.2776377602158
2022-08-06,2022-08-06 11:43:50.660809,11.217,9.03736216879965,0.21,18.117,1994.56192491364,11.2856427558743
2022-08-06,2022-08-06 11:58:50.660809,11.18,8.98277323331414,0.22,18.395,2000.72435569628,11.2663268894439
2022-08-06,2022-08-06 12:13:50.660809,11.147,8.926649273652,0.22,18.689,2000.42334752226,11.2234506624404
2022-08-06,2022-08-06 12:28:50.660809,11.13,8.87617851366516,0.22,18.95,1993.66018808173,11.1730324806668
2022-08-06,2022-08-06 12:43:50.660809,11.122,8.82940018104235,0.22,19.227,1980.46384106594,11.1159014924277
2022-08-06,2022-08-06 12:58:50.660809,11.059,8.77826597833363,0.22,19.504,1960.89082215355,11.051312747167
2022-08-06,2022-08-06 13:13:50.660809,10.994,8.72596897059396,0.22,19.78,1935.02495695121,10.9782903858389
2022-08-06,2022-08-06 13:28:50.660809,10.912,8.68580508682028,0.22,20.023,1902.9770220328,10.8984123868454
2022-08-06,2022-08-06 13:43:50.660809,10.848,8.63715737431819,0.22,20.283,1864.88427050215,10.8119290871796
2022-08-06,2022-08-06 13:58:50.660809,10.78,8.59300899848158,0.22,20.551,1820.90984417272,10.7179077774631
2022-08-06,2022-08-06 14:13:50.660809,10.711,8.55207635694051,0.22,20.785,1771.24207491369,10.6175239629997
2022-08-06,2022-08-06 14:28:50.660809,10.621,8.51523405175906,0.22,21.02,1716.0936780617,10.5117632816131
2022-08-06,2022-08-06 14:43:50.660809,10.5,8.47388235693349,0.22,21.237,1655.70084135134,10.4003836140117
2022-08-06,2022-08-06 14:58:50.660809,10.406,8.43932571775082,0.22,21.455,1590.3222135379,10.2836542224229
2022-08-06,2022-08-06 15:13:50.660809,10.294,8.41282603811292,0.22,21.597,1520.2377965171,10.1637885042345
2022-08-06,2022-08-06 15:28:50.660809,10.165,8.3894203615636,0.22,21.756,1445.74774620318,10.0419785168171
2022-08-06,2022-08-06 15:43:50.660809,10.043,8.36323371242192,0.22,21.898,1367.17108707722,9.91749196042574
2022-08-06,2022-08-06 15:58:50.660809,9.904,8.34487180527377,0.22,22.015,1284.84434584628,9.79071257389341
2022-08-06,2022-08-06 16:13:50.660809,9.767,8.33393021723701,0.22,22.074,1199.12011010936,9.66349674206515
2022-08-06,2022-08-06 16:28:50.660809,9.639,8.32690922954487,0.22,22.116,1110.36551841083,9.53675252752952
2022-08-06,2022-08-06 16:43:50.660809,9.424,8.32313132055163,0.22,22.141,1018.96068787843,9.41051402473689
2022-08-06,2022-08-06 16:58:50.660809,9.234,8.32435338913882,0.22,22.099,925.297086145156,9.28518899296493
2022-08-06,2022-08-06 17:13:50.660809,9.034,8.3394031845231,0.22,22.007,829.775854848388,9.16258240056199
2022-08-06,2022-08-06 17:28:50.660809,8.806,8.35391746204346,0.21,21.94,732.806091703246,9.04486765278429
2022-08-06,2022-08-06 17:43:50.660809,8.623,8.36829147052952,0.21,21.848,634.803098247245,8.92934725098457
2022-08-06,2022-08-06 17:58:50.660809,8.489,8.38543117315538,0.21,21.764,536.186601369113,8.81286394809388
2022-08-06,2022-08-06 18:13:50.660809,8.385,8.40114264855687,0.21,21.664,437.378955601974,8.69555309667476
2022-08-06,2022-08-06 18:28:50.660809,8.293,8.41957236739581,0.2,21.563,338.803334317041,8.57609429425793
2022-08-06,2022-08-06 18:43:50.660809,8.211,8.43847584592954,0.2,21.455,240.881917252386,8.45456082073657
2022-08-06,2022-08-06 18:58:50.660809,8.13,8.46084052260541,0.21,21.321,144.034082557206,8.33610294169742
2022-08-06,2022-08-06 19:13:50.660809,8.05,8.48142637205916,0.2,21.22,48.6746105712921,8.21714071253006
2022-08-06,2022-08-06 19:28:50.660809,7.961,8.49653672313728,0.2,21.12,0,8.10241370682165
2022-08-06,2022-08-06 19:43:50.660809,7.891,8.51962999685115,0.2,20.995,0,8.01209763224948
2022-08-06,2022-08-06 19:58:50.660809,7.845,8.54633557320534,0.2,20.861,0,7.95039457336683
2022-08-06,2022-08-06 20:13:50.660809,7.828,8.57031246876221,0.2,20.727,0,7.91006542223443
2022-08-06,2022-08-06 20:28:50.660809,7.8,8.58303632400324,0.21,20.593,0,7.88848639142179
2022-08-06,2022-08-06 20:43:50.660809,7.779,8.6111009645144,0.2,20.476,0,7.87685132710154
2022-08-06,2022-08-06 20:58:50.660809,7.775,8.6284673586072,0.21,20.342,0,7.87321165094406
2022-08-06,2022-08-06 21:13:50.660809,7.757,8.64914267579461,0.21,20.258,0,7.87929498071062
2022-08-06,2022-08-06 21:28:50.660809,7.755,8.66600327651293,0.2,20.166,0,7.88351221554915
2022-08-06,2022-08-06 21:43:50.660809,7.771,8.68388228623738,0.2,20.074,0,7.88594493159181
2022-08-06,2022-08-06 21:58:50.660809,7.806,8.70863804431293,0.21,19.923,0,7.89704503354184
2022-08-06,2022-08-06 22:13:50.660809,7.833,8.73616744666162,0.2,19.797,0,7.91116236693868
2022-08-06,2022-08-06 22:28:50.660809,7.839,8.74530835664767,0.21,19.688,0,7.92573136626654
2022-08-06,2022-08-06 22:43:50.660809,7.852,8.77551686954275,0.2,19.571,0,7.9409796820232
2022-08-06,2022-08-06 22:58:50.660809,7.891,8.80025171394895,0.2,19.437,0,7.95397057691983
2022-08-06,2022-08-06 23:13:50.660809,7.913,8.81961007866908,0.2,19.319,0,7.96852152359433
2022-08-06,2022-08-06 23:28:50.660809,7.931,8.84503427851467,0.2,19.176,0,7.98429995299661
2022-08-06,2022-08-06 23:43:50.660809,7.97,8.86621758385626,0.2,19.067,0,8.00124522017814
2022-08-06,2022-08-06 23:58:50.660809,8.016,8.89260899487043,0.2,18.908,0,8.01913816709567
2022-08-06,2022-08-07 00:13:50.660809,8.021,8.91457932963047,0.2,18.807,0,8.03786011884254
2022-08-06,2022-08-07 00:28:50.660809,8.062,8.94367210061353,0.2,18.655,0,8.05754341911395
2022-08-06,2022-08-07 00:43:50.660809,8.096,8.96353073629404,0.2,18.529,0,8.07763403397472
2022-08-06,2022-08-07 00:58:50.660809,8.122,8.98512661397538,0.2,18.42,0,8.09724783604806
2022-08-06,2022-08-07 01:13:50.660809,8.153,9.01100941499111,0.2,18.285,0,8.11718910561432
2022-08-06,2022-08-07 01:28:50.660809,8.196,9.03973862040163,0.2,18.133,0,8.13810482027523
2022-08-06,2022-08-07 01:43:50.660809,8.234,9.06351938196489,0.2,18.007,0,8.15953224889877
2022-08-06,2022-08-07 01:58:50.660809,8.28,9.09250053538054,0.2,17.864,0,8.18139542766706
2022-08-06,2022-08-07 02:13:50.660809,8.299,9.1115829286328,0.2,17.754,0,8.2030806373245
2022-08-06,2022-08-07 02:28:50.660809,8.322,9.1315093877405,0.2,17.653,0,8.22367918049944
2022-08-06,2022-08-07 02:43:50.660809,8.361,9.157100751854,0.2,17.526,0,8.24416125645039
2022-08-06,2022-08-07 02:58:50.660809,8.402,9.18039921436088,0.2,17.407,0,8.26489701726306
2022-08-06,2022-08-07 03:13:50.660809,8.428,9.2062146587422,0.2,17.28,0,8.28584793402148
2022-08-06,2022-08-07 03:28:50.660809,8.461,9.22344008996693,0.2,17.162,0,8.30626082985339
2022-08-06,2022-08-07 03:43:50.660809,8.48,9.24747249780854,0.2,17.043,0,8.32607294205196
2022-08-06,2022-08-07 03:58:50.660809,8.518,9.27557820989624,0.2,16.908,0,8.34663030273153
2022-08-07,2022-08-07 04:13:50.660809,8.544,9.29653410435469,0.2,16.806,0,8.544
2022-08-07,2022-08-07 04:28:50.660809,8.598,9.32573674766068,0.2,16.661,0,8.62525805548028
2022-08-07,2022-08-07 04:43:50.660809,8.619,9.35119870084922,0.2,16.542,0,8.69625169030337
2022-08-07,2022-08-07 04:58:50.660809,8.661,9.37146292332364,0.2,16.44,49.751158408756,8.76128144988104
2022-08-07,2022-08-07 05:13:50.660809,8.721,9.39880488237512,0.2,16.313,145.420548796177,8.82764010542956
2022-08-07,2022-08-07 05:28:50.660809,8.792,9.41719813932421,0.2,16.219,242.539103453404,8.89794875441622
2022-08-07,2022-08-07 05:43:50.660809,8.877,9.44049833593266,0.2,16.108,340.690880535628,8.97135592823201
2022-08-07,2022-08-07 05:58:50.660809,8.952,9.46084646179953,0.2,16.023,439.455512925916,9.04764118510142
2022-08-07,2022-08-07 06:13:50.660809,9.061,9.47314894492427,0.2,15.963,538.410008566968,9.12544862496665
2022-08-07,2022-08-07 06:28:50.660809,9.151,9.4849259263374,0.2,15.929,637.130562115836,9.20381410761506
2022-08-07,2022-08-07 06:43:50.660809,9.271,9.48122596650556,0.21,15.903,735.194370057313,9.28040132462406
2022-08-07,2022-08-07 06:58:50.660809,9.48,9.48933313108107,0.2,15.895,832.181441343047,9.35591983140828
2022-08-07,2022-08-07 07:13:50.660809,9.68,9.47869290936007,0.21,15.946,927.67639630295,9.4292271674594
2022-08-07,2022-08-07 07:28:50.660809,9.864,9.47715034274137,0.2,15.972,1021.27024562174,9.50021231058177
2022-08-07,2022-08-07 07:43:50.660809,10.023,9.46213175889257,0.21,16.014,1112.56214189955,9.56805028537232
2022-08-07,2022-08-07 07:58:50.660809,10.158,9.45350850155948,0.21,16.074,1201.16109652,9.63068152727146
2022-08-07,2022-08-07 08:13:50.660809,10.257,9.43278562289235,0.21,16.176,1286.68765411996,9.6897678726878
2022-08-07,2022-08-07 08:28:50.660809,10.375,9.40591158712052,0.21,16.287,1368.77551774558,9.74382460811296
2022-08-07,2022-08-07 08:43:50.660809,10.479,9.38129187469521,0.21,16.415,1447.07311769416,9.79287323293627
2022-08-07,2022-08-07 08:58:50.660809,10.585,9.35534725430505,0.21,16.534,1521.24511723329,9.83733897637106
2022-08-07,2022-08-07 09:13:50.660809,10.235,9.32357634195278,0.3,16.653,1590.97384876043,9.85669153833591
2022-08-07,2022-08-07 09:28:50.660809,10.269,9.35893474755284,0.34,16.432,1655.96067432112,9.85388163989853
2022-08-07,2022-08-07 09:43:50.660809,10.013,9.3661436558074,0.33,16.44,1715.92726475653,9.85618726003651
2022-08-07,2022-08-07 09:58:50.660809,9.938,9.34972169253239,0.33,16.525,1770.61679158204,9.86281876083771
2022-08-07,2022-08-07 10:13:50.660809,9.948,9.35073467845466,0.33,16.5,1819.79502707492,9.87073018894148
2022-08-07,2022-08-07 10:28:50.660809,9.954,9.34868543369698,0.33,16.508,1863.25134741117,9.88065559874466
2022-08-07,2022-08-07 10:43:50.660809,9.991,9.33247298118526,0.34,16.568,1900.79963475511,9.88851220438118
2022-08-07,2022-08-07 10:58:50.660809,9.984,9.3048357899275,0.34,16.704,1932.27907436301,9.8916796171102
2022-08-07,2022-08-07 11:13:50.660809,9.973,9.25816083400682,0.34,16.933,1957.55484334841,9.88906834851175
2022-08-07,2022-08-07 11:28:50.660809,9.918,9.19725831947246,0.34,17.264,1976.51868813803,9.87785406265402
2022-08-07,2022-08-07 11:43:50.660809,9.87,9.12773668740713,0.34,17.619,1989.08938810827,9.85671415061379
2022-08-07,2022-08-07 11:58:50.660809,9.816,9.06622762309615,0.35,17.906,1995.2131034557,9.82529435941296
2022-08-07,2022-08-07 12:13:50.660809,9.776,9.00899151720767,0.34,18.243,1994.86360579309,9.78771698044643
2022-08-07,2022-08-07 12:28:50.660809,9.762,8.9650455825409,0.33,18.496,1988.04239050279,9.74962474210991
2022-08-07,2022-08-07 12:43:50.660809,9.728,8.91027828383345,0.35,18.723,1974.77867034713,9.70616401721138
2022-08-07,2022-08-07 12:58:50.660809,9.697,8.8826353688537,0.34,18.899,1955.12925036803,9.65947634093023
2022-08-07,2022-08-07 13:13:50.660809,9.67,8.85384583777553,0.35,19.042,1929.17828461354,9.61410627611365
2022-08-07,2022-08-07 13:28:50.660809,9.651,8.83595373103065,0.34,19.151,1897.03691572344,9.57038296473006
2022-08-07,2022-08-07 13:43:50.660809,9.629,8.82275658027107,0.34,19.218,1858.84279896168,9.53073273441704
2022-08-07,2022-08-07 13:58:50.660809,9.604,8.81598177354544,0.34,19.269,1814.75951265097,9.49359426819086
2022-08-07,2022-08-07 14:13:50.660809,9.54,8.79936838601295,0.34,19.336,1764.975857598,9.45774165799081
2022-08-07,2022-08-07 14:28:50.660809,9.503,8.79434320399058,0.34,19.361,1709.70504855424,9.42273925587744
2022-08-07,2022-08-07 14:43:50.660809,9.437,8.78419186611971,0.34,19.42,1649.18380096619,9.38867954181331
2022-08-07,2022-08-07 14:58:50.660809,9.344,8.75843395878972,0.34,19.554,1583.671317269,9.35284294931531
2022-08-07,2022-08-07 15:13:50.660809,9.251,8.7388158745481,0.33,19.671,1513.44817671463,9.31539306602514
2022-08-07,2022-08-07 15:28:50.660809,9.168,8.71694566895754,0.34,19.764,1438.81513369718,9.27560248138598
2022-08-07,2022-08-07 15:43:50.660809,9.111,8.7016493691313,0.33,19.856,1360.09182973465,9.23392389077542
2022-08-07,2022-08-07 15:58:50.660809,9.043,8.69410259566262,0.34,19.898,1277.61542446654,9.19209745185474
2022-08-07,2022-08-07 16:13:50.660809,8.967,8.69464591135517,0.33,19.906,1191.73915158618,9.15137596722251
2022-08-07,2022-08-07 16:28:50.660809,8.891,8.69115786557981,0.33,19.898,1102.83080613039,9.11265960491482
2022-08-07,2022-08-07 16:43:50.660809,8.833,8.70207317506108,0.33,19.839,1011.27116918863,9.07552222276504
2022-08-07,2022-08-07 16:58:50.660809,8.763,8.71377223816929,0.33,19.764,917.452377072947,9.04100273629412
2022-08-07,2022-08-07 17:13:50.660809,8.717,8.72839767499256,0.33,19.68,821.776241960615,9.00878453717052
2022-08-07,2022-08-07 17:28:50.660809,8.692,8.74861486431181,0.33,19.579,724.652530818337,8.97910412095635
2022-08-07,2022-08-07 17:43:50.660809,8.667,8.76612373116663,0.33,19.47,626.497210634464,8.95162514373505
2022-08-07,2022-08-07 17:58:50.660809,8.652,8.78261363672898,0.33,19.361,527.730666688727,8.92545139645991
2022-08-07,2022-08-07 18:13:50.660809,8.639,8.80555974866128,0.33,19.235,428.775902308677,8.9007829051899
2022-08-07,2022-08-07 18:28:50.660809,8.65,8.83067417332995,0.33,19.101,330.056726999979,8.87811743100478
2022-08-07,2022-08-07 18:43:50.660809,8.656,8.85763895543032,0.32,18.958,231.995941534742,8.85715194985765
2022-08-07,2022-08-07 18:58:50.660809,8.665,8.8774456728461,0.33,18.84,135.01352694778,8.83733599579373
2022-08-07,2022-08-07 19:13:50.660809,8.692,8.90706742222045,0.32,18.698,39.5248459931892,8.81851332309742
2022-08-07,2022-08-07 19:28:50.660809,8.705,8.93064678654115,0.32,18.555,0,8.80264508183414
2022-08-07,2022-08-07 19:43:50.660809,8.717,8.96249003432844,0.32,18.411,0,8.79343994274629
2022-08-07,2022-08-07 19:58:50.660809,8.711,8.9773895705029,0.32,18.319,0,8.79032928631543
2022-08-07,2022-08-07 20:13:50.660809,8.737,9.00388778634751,0.31,18.184,0,8.79103005701985
2022-08-07,2022-08-07 20:28:50.660809,8.748,9.0207403757695,0.32,18.083,0,8.79557416496182
2022-08-07,2022-08-07 20:43:50.660809,8.775,9.04530399804894,0.31,17.973,0,8.80304640160235
2022-08-07,2022-08-07 20:58:50.660809,8.792,9.06081391718027,0.31,17.889,0,8.81217891083106
2022-08-07,2022-08-07 21:13:50.660809,8.809,9.0758630627259,0.31,17.788,0,8.82235376672262
2022-08-07,2022-08-07 21:28:50.660809,8.826,9.08613150626378,0.31,17.729,0,8.83289742172022
2022-08-07,2022-08-07 21:43:50.660809,8.827,9.10299369469201,0.3,17.661,0,8.84329759609577
2022-08-07,2022-08-07 21:58:50.660809,8.843,9.12016346169614,0.3,17.568,0,8.85420122632556
2022-08-07,2022-08-07 22:13:50.660809,8.859,9.1371420126538,0.3,17.475,0,8.86613523392973
2022-08-07,2022-08-07 22:28:50.660809,8.878,9.1553084862469,0.3,17.382,0,8.87899590462001
2022-08-07,2022-08-07 22:43:50.660809,8.901,9.17457262547351,0.3,17.289,0,8.89281879561294
2022-08-07,2022-08-07 22:58:50.660809,8.923,9.18436985722754,0.3,17.213,0,8.90666121181047
2022-08-07,2022-08-07 23:13:50.660809,8.922,9.20758729643578,0.29,17.137,0,8.9202184094421
2022-08-07,2022-08-07 23:28:50.660809,8.947,9.21162663003302,0.31,17.035,0,8.93430224301052
2022-08-07,2022-08-07 23:43:50.660809,8.977,9.24159892353747,0.29,16.925,0,8.94877707068358
2022-08-07,2022-08-07 23:58:50.660809,8.975,9.24724343921133,0.3,16.865,0,8.96311905644325
2022-08-07,2022-08-08 00:13:50.660809,9.004,9.26689474476311,0.3,16.772,0,8.97772044725385
2022-08-07,2022-08-08 00:28:50.660809,9.022,9.30457227863887,0.28,16.653,0,8.99334198734104
2022-08-07,2022-08-08 00:43:50.660809,9.049,9.3181799591245,0.29,16.542,0,9.00995123956095
2022-08-07,2022-08-08 00:58:50.660809,9.065,9.33511447403283,0.28,16.474,0,9.02618628443309
2022-08-07,2022-08-08 01:13:50.660809,9.077,9.35207921347769,0.28,16.364,0,9.04169740250635
2022-08-07,2022-08-08 01:28:50.660809,9.095,9.37129546566811,0.28,16.27,0,9.05752550707197
2022-08-07,2022-08-08 01:43:50.660809,9.105,9.39110421161458,0.28,16.176,0,9.07387969406911
2022-08-07,2022-08-08 01:58:50.660809,9.141,9.40691206144149,0.28,16.083,0,9.09035716991839
2022-08-07,2022-08-08 02:13:50.660809,9.144,9.42880970921813,0.28,15.98,0,9.10711431864002
2022-08-07,2022-08-08 02:28:50.660809,9.169,9.44746926594207,0.27,15.886,0,9.12357660813858
2022-08-07,2022-08-08 02:43:50.660809,9.194,9.46833750474535,0.28,15.775,0,9.14047319878395
2022-08-07,2022-08-08 02:58:50.660809,9.205,9.48879155424809,0.27,15.698,0,9.15789741468892
2022-08-07,2022-08-08 03:13:50.660809,9.226,9.50034933291764,0.27,15.63,0,9.17417963975216
2022-08-07,2022-08-08 03:28:50.660809,9.236,9.51860636425648,0.27,15.553,0,9.19010585822023
2022-08-07,2022-08-08 03:43:50.660809,9.238,9.53678524330692,0.26,15.467,0,9.20547474762465
2022-08-07,2022-08-08 03:58:50.660809,9.265,9.55446182617371,0.26,15.381,0,9.22032483280179
2022-08-08,2022-08-08 04:13:50.660809,9.268,9.56319877571232,0.27,15.33,0,NA
2022-08-08,2022-08-08 04:28:50.660809,9.283,9.57729938459437,0.28,15.244,0,NA
2022-08-08,2022-08-08 04:43:50.660809,9.314,9.59612058486592,0.28,15.184,0,NA
2022-08-08,2022-08-08 04:58:50.660809,9.341,9.60445425016615,0.29,15.115,41.9355635727004,NA
2022-08-08,2022-08-08 05:13:50.660809,9.393,9.62910027174592,0.28,15.029,137.760664079497,NA
2022-08-08,2022-08-08 05:28:50.660809,9.437,9.64965441858874,0.29,14.943,235.033825520054,NA
2022-08-08,2022-08-08 05:43:50.660809,9.469,9.65856527313562,0.29,14.891,333.338437851475,NA
2022-08-08,2022-08-08 05:58:50.660809,9.529,9.67833037714256,0.3,14.796,432.253473334342,NA
2022-08-08,2022-08-08 06:13:50.660809,9.574,9.68185323349889,0.3,14.779,531.355289641258,NA
2022-08-08,2022-08-08 06:28:50.660809,9.626,9.69619478764765,0.29,14.753,630.219444351378,NA
2022-08-08,2022-08-08 06:43:50.660809,9.677,9.68908134328445,0.3,14.736,728.422512788693,NA
2022-08-08,2022-08-08 06:58:50.660809,9.745,9.6801439852615,0.3,14.788,825.543901429624,NA
2022-08-08,2022-08-08 07:13:50.660809,9.815,9.67591481888082,0.3,14.788,921.167649364577,NA
2022-08-08,2022-08-08 07:28:50.660809,9.858,9.66185148832642,0.31,14.857,1014.88420969157,NA
2022-08-08,2022-08-08 07:43:50.660809,9.892,9.64254038805539,0.31,14.943,1106.292203741,NA
2022-08-08,2022-08-08 07:58:50.660809,9.949,9.62850542009604,0.31,15.003,1195.00013999284,NA
2022-08-08,2022-08-08 08:13:50.660809,9.985,9.60371707230699,0.31,15.115,1280.62809080565,NA
2022-08-08,2022-08-08 08:28:50.660809,10.009,9.57655820808001,0.31,15.235,1362.80931975104,NA
2022-08-08,2022-08-08 08:43:50.660809,10.065,9.54725399184239,0.31,15.355,1441.19185215579,NA
2022-08-08,2022-08-08 08:58:50.660809,10.075,9.50828319342133,0.31,15.535,1515.43998269155,NA
2022-08-08,2022-08-08 09:13:50.660809,10.09,9.46388905927298,0.32,15.724,1585.2357130752,NA
2022-08-08,2022-08-08 09:28:50.660809,10.095,9.4190473836646,0.32,15.92,1650.28011416804,NA
2022-08-08,2022-08-08 09:43:50.660809,10.13,9.38183243544189,0.31,16.125,1710.29460613763,NA
2022-08-08,2022-08-08 09:58:50.660809,10.127,9.32792128536696,0.32,16.372,1765.02215167327,NA
2022-08-08,2022-08-08 10:13:50.660809,10.113,9.28351595142111,0.32,16.593,1814.22835685644,NA
2022-08-08,2022-08-08 10:28:50.660809,10.115,9.23706234270622,0.32,16.84,1857.70247500847,NA
2022-08-08,2022-08-08 10:43:50.660809,10.091,9.18572431045857,0.33,17.086,1895.25830938902,NA
2022-08-08,2022-08-08 10:58:50.660809,10.064,9.13149673810184,0.33,17.357,1926.73501062572,NA
2022-08-08,2022-08-08 11:13:50.660809,10.05,9.08498604028942,0.32,17.627,1951.99776561775,NA
2022-08-08,2022-08-08 11:28:50.660809,9.999,9.02837325788912,0.32,17.906,1970.93837497051,NA
2022-08-08,2022-08-08 11:43:50.660809,9.967,8.97357234513994,0.33,18.176,1983.4757164042,NA
2022-08-08,2022-08-08 11:58:50.660809,9.939,8.92270139613045,0.33,18.428,1989.556092219,NA
2022-08-08,2022-08-08 12:13:50.660809,9.89,8.87086767982926,0.33,18.706,1989.1534592715,NA
2022-08-08,2022-08-08 12:28:50.660809,9.83,8.82261088801713,0.33,19,1982.26954054477,NA
2022-08-08,2022-08-08 12:43:50.660809,9.794,8.77205885538505,0.33,19.227,1968.93381777938,NA
2022-08-08,2022-08-08 12:58:50.660809,9.744,8.72766964988149,0.33,19.487,1949.2034052202,NA
2022-08-08,2022-08-08 13:13:50.660809,9.696,8.68667026224505,0.33,19.705,1923.16280501591,NA
2022-08-08,2022-08-08 13:28:50.660809,9.667,8.64926684980159,0.32,19.915,1890.92354531793,NA
2022-08-08,2022-08-08 13:43:50.660809,9.617,8.60665925545117,0.32,20.157,1852.6237026296,NA
2022-08-08,2022-08-08 13:58:50.660809,9.578,8.574632909801,0.32,20.342,1808.42731046308,NA
2022-08-08,2022-08-08 14:13:50.660809,9.518,8.54302877820083,0.31,20.509,1758.52365676326,NA
2022-08-08,2022-08-08 14:28:50.660809,9.48,8.51238589965521,0.31,20.702,1703.12647328716,NA
2022-08-08,2022-08-08 14:43:50.660809,9.442,8.48675177302364,0.3,20.852,1642.47302019377,NA
2022-08-08,2022-08-08 14:58:50.660809,9.355,8.46898647007765,0.3,20.969,1576.82306985486,NA
2022-08-08,2022-08-08 15:13:50.660809,9.309,8.44888210521037,0.3,21.078,1506.4577943279,NA
2022-08-08,2022-08-08 15:28:50.660809,9.251,8.4253216520621,0.3,21.187,1431.67856111751,NA
2022-08-08,2022-08-08 15:43:50.660809,9.166,8.40925214701008,0.29,21.287,1352.80564245425,NA
2022-08-08,2022-08-08 15:58:50.660809,9.083,8.41232393605718,0.29,21.271,1270.17684362698,NA
2022-08-08,2022-08-08 16:13:50.660809,8.997,8.4248715470737,0.28,21.204,1184.14605611105,NA
2022-08-08,2022-08-08 16:28:50.660809,8.903,8.41738694041284,0.27,21.262,1095.08174204507,NA
2022-08-08,2022-08-08 16:43:50.660809,8.79,8.40994306127259,0.28,21.287,1003.36535598582,NA
2022-08-08,2022-08-08 16:58:50.660809,8.679,8.41705479400992,0.27,21.262,909.389711292646,NA
2022-08-08,2022-08-08 17:13:50.660809,8.594,8.4177679599021,0.27,21.22,813.557297647863,NA
2022-08-08,2022-08-08 17:28:50.660809,8.494,8.42543971194414,0.27,21.195,716.278557304009,NA
2022-08-08,2022-08-08 17:43:50.660809,8.428,8.43446700239046,0.26,21.17,617.970127170158,NA
2022-08-08,2022-08-08 17:58:50.660809,8.362,8.44093488118611,0.26,21.128,519.053054420484,NA
2022-08-08,2022-08-08 18:13:50.660809,8.303,8.45063839612307,0.25,21.078,419.950993103498,NA
2022-08-08,2022-08-08 18:28:50.660809,8.25,8.46199308498393,0.25,21.011,321.088389743962,NA
2022-08-08,2022-08-08 18:43:50.660809,8.2,8.47490231939482,0.25,20.928,222.888665471449,NA
2022-08-08,2022-08-08 18:58:50.660809,8.154,8.4903664009262,0.25,20.836,125.772402460722,NA
2022-08-08,2022-08-08 19:13:50.660809,8.12,8.50767455604825,0.24,20.744,30.1555427108397,NA
2022-08-08,2022-08-08 19:28:50.660809,8.088,8.52457191731756,0.24,20.651,0,NA
2022-08-08,2022-08-08 19:43:50.660809,8.056,8.54116669821276,0.24,20.576,0,NA
2022-08-08,2022-08-08 19:58:50.660809,8.052,8.55893779390649,0.24,20.484,0,NA
2022-08-08,2022-08-08 20:13:50.660809,8.061,8.5768504253771,0.24,20.384,0,NA
2022-08-08,2022-08-08 20:28:50.660809,8.052,8.59195614140338,0.23,20.308,0,NA
2022-08-08,2022-08-08 20:43:50.660809,8.065,8.61027025369008,0.24,20.216,0,NA
2022-08-08,2022-08-08 20:58:50.660809,8.063,8.62551477226808,0.23,20.141,0,NA
2022-08-08,2022-08-08 21:13:50.660809,8.084,8.64428857970241,0.23,20.032,0,NA
2022-08-08,2022-08-08 21:28:50.660809,8.087,8.65811949835148,0.23,19.956,0,NA
2022-08-08,2022-08-08 21:43:50.660809,8.092,8.67097173658928,0.23,19.889,0,NA
2022-08-08,2022-08-08 21:58:50.660809,8.094,8.68759771401985,0.23,19.789,0,NA
2022-08-08,2022-08-08 22:13:50.660809,8.11,8.69934093715881,0.23,19.713,0,NA
2022-08-08,2022-08-08 22:28:50.660809,8.118,8.71468827773623,0.22,19.63,0,NA
2022-08-08,2022-08-08 22:43:50.660809,8.129,8.73357243673482,0.22,19.529,0,NA
2022-08-08,2022-08-08 22:58:50.660809,8.123,8.74387165662989,0.22,19.47,0,NA
2022-08-08,2022-08-08 23:13:50.660809,8.149,8.75684439751523,0.22,19.386,0,NA
2022-08-08,2022-08-08 23:28:50.660809,8.167,8.76592986180172,0.22,19.319,0,NA
2022-08-08,2022-08-08 23:43:50.660809,8.178,8.78241796608253,0.22,19.235,0,NA
2022-08-09,2022-08-09 23:58:50.660809,8.158,8.78550526624169,0.23,19.252,0,NA
2022-08-09,2022-08-10 00:13:50.660809,8.154,8.799319211872,0.23,19.185,0,NA
2022-08-09,2022-08-10 00:28:50.660809,8.166,8.81119974691237,0.22,19.126,0,NA
2022-08-09,2022-08-10 00:43:50.660809,8.206,8.82309506114613,0.22,19.059,0,NA
2022-08-09,2022-08-10 00:58:50.660809,8.212,8.83625461965602,0.22,18.992,0,NA
2022-08-09,2022-08-10 01:13:50.660809,8.234,8.85256167051738,0.22,18.916,0,NA
2022-08-09,2022-08-10 01:28:50.660809,8.251,8.85842143780311,0.23,18.857,0,NA
2022-08-09,2022-08-10 01:43:50.660809,8.259,8.87224200083862,0.22,18.807,0,NA
2022-08-09,2022-08-10 01:58:50.660809,8.271,8.88619583647409,0.23,18.706,0,NA
2022-08-09,2022-08-10 02:13:50.660809,8.303,8.89674926791504,0.23,18.63,0,NA
2022-08-09,2022-08-10 02:28:50.660809,8.324,8.92120961128505,0.22,18.538,0,NA
2022-08-09,2022-08-10 02:43:50.660809,8.336,8.93383379597344,0.22,18.47,0,NA
2022-08-09,2022-08-10 02:58:50.660809,8.343,8.94152717376094,0.23,18.403,0,NA
2022-08-09,2022-08-10 03:13:50.660809,8.361,8.96477328827725,0.22,18.327,0,NA
2022-08-09,2022-08-10 03:28:50.660809,8.376,8.97319837542556,0.22,18.26,0,NA
2022-08-09,2022-08-10 03:43:50.660809,8.396,8.98189667964516,0.23,18.184,0,NA
2022-08-09,2022-08-10 03:58:50.660809,8.43,9.00576625751704,0.22,18.1,0,NA
2022-08-10,2022-08-10 04:13:50.660809,8.451,9.02334499190562,0.22,18.007,0,8.451
2022-08-10,2022-08-10 04:28:50.660809,8.473,9.03511841023707,0.22,17.94,0,8.38810991792424
2022-08-10,2022-08-10 04:43:50.660809,8.487,9.05676789088076,0.22,17.838,0,8.34352947762805
2022-08-10,2022-08-10 04:58:50.660809,8.519,9.06473564642335,0.23,17.779,26.0641437703952,8.32109316533603
2022-08-10,2022-08-10 05:13:50.660809,8.541,9.0712595124173,0.23,17.703,122.204096823657,8.32968152716111
2022-08-10,2022-08-10 05:28:50.660809,8.596,9.09219271399069,0.22,17.653,219.789012914424,8.36835034654208
2022-08-10,2022-08-10 05:43:50.660809,8.637,9.11041152470661,0.22,17.593,318.400934886475,8.43265201472925
2022-08-10,2022-08-10 05:58:50.660809,8.699,9.1045524137453,0.23,17.543,417.617506643684,8.51842706760516
2022-08-10,2022-08-10 06:13:50.660809,8.768,9.12368643400351,0.22,17.5,517.013782314312,8.61980682761588
2022-08-10,2022-08-10 06:28:50.660809,8.851,9.12187205521219,0.22,17.484,616.164046088795,8.73252687755561
2022-08-10,2022-08-10 06:43:50.660809,8.904,9.11907621309341,0.23,17.492,714.643635752696,8.85152066079051
2022-08-10,2022-08-10 06:58:50.660809,9.069,9.12009456771066,0.23,17.5,812.030761415591,8.97465587020008
2022-08-10,2022-08-10 07:13:50.660809,9.244,9.11915174432194,0.23,17.509,907.908312048534,9.10103366470834
2022-08-10,2022-08-10 07:28:50.660809,9.402,9.10286246963049,0.23,17.576,1001.86564208051,9.22729674738058
2022-08-10,2022-08-10 07:43:50.660809,9.517,9.09257030622227,0.23,17.636,1093.50033002921,9.35161297737988
2022-08-10,2022-08-10 07:58:50.660809,9.604,9.07216213496424,0.23,17.745,1182.41990225904,9.47296892123489
2022-08-10,2022-08-10 08:13:50.660809,9.704,9.05664352138046,0.23,17.838,1268.24351383678,9.59032120933254
2022-08-10,2022-08-10 08:28:50.660809,9.817,9.03654619270759,0.24,17.931,1350.60357979732,9.6981366287109
2022-08-10,2022-08-10 08:43:50.660809,9.901,9.00700624656809,0.24,18.066,1429.14734945526,9.79503018794344
2022-08-10,2022-08-10 08:58:50.660809,9.986,8.98395987777881,0.24,18.201,1503.53841725607,9.88642078833434
2022-08-10,2022-08-10 09:13:50.660809,10.054,8.95099343791601,0.24,18.353,1573.45816367702,9.97159611646291
2022-08-10,2022-08-10 09:28:50.660809,10.124,8.9250339182277,0.25,18.487,1638.6071198287,10.0433762150237
2022-08-10,2022-08-10 09:43:50.660809,10.15,8.89276299352719,0.24,18.681,1698.70625010411,10.1097965034597
2022-08-10,2022-08-10 09:58:50.660809,10.221,8.86597628648352,0.24,18.84,1753.4981473539,10.1767968222735
2022-08-10,2022-08-10 10:13:50.660809,10.242,8.83142510054097,0.24,19.025,1802.74813531495,10.2354261712513
2022-08-10,2022-08-10 10:28:50.660809,10.268,8.79567884930312,0.24,19.21,1846.24527380534,10.2845451965144
2022-08-10,2022-08-10 10:43:50.660809,10.3,8.76090565708682,0.24,19.403,1883.80326214622,10.3243517158124
2022-08-10,2022-08-10 10:58:50.660809,10.308,8.72173526925277,0.24,19.63,1915.26123714395,10.354410483922
2022-08-10,2022-08-10 11:13:50.660809,10.32,8.67619636724786,0.25,19.881,1940.48446207731,10.3648494037893
2022-08-10,2022-08-10 11:28:50.660809,10.316,8.62760484273875,0.25,20.157,1959.36490377485,10.3567982465181
2022-08-10,2022-08-10 11:43:50.660809,10.309,8.57973598119554,0.24,20.451,1971.82169534415,10.3492912916602
2022-08-10,2022-08-10 11:58:50.660809,10.275,8.52505923265761,0.25,20.752,1977.80148256261,10.3305184064377
2022-08-10,2022-08-10 12:13:50.660809,10.263,8.46681887076053,0.25,21.07,1977.27865238112,10.2910845253293
2022-08-10,2022-08-10 12:28:50.660809,10.236,8.42063257500175,0.25,21.363,1970.25544265709,10.243932645562
2022-08-10,2022-08-10 12:43:50.660809,10.176,8.36993889625976,0.25,21.664,1956.76193257454,10.1900767104403
2022-08-10,2022-08-10 12:58:50.660809,10.126,8.32625889364398,0.25,21.931,1936.85591383122,10.1297672718029
2022-08-10,2022-08-10 13:13:50.660809,10.104,8.28448703523484,0.25,22.199,1910.62264314587,10.064104687947
2022-08-10,2022-08-10 13:28:50.660809,10.014,8.2385860707295,0.25,22.492,1878.17447707544,9.99222765456127
2022-08-10,2022-08-10 13:43:50.660809,9.964,8.20468278507848,0.24,22.726,1839.65039084628,9.92302481205042
2022-08-10,2022-08-10 13:58:50.660809,9.951,8.15707063843933,0.25,22.994,1795.21538310618,9.84618949063823
2022-08-10,2022-08-10 14:13:50.660809,9.84,8.1225749756983,0.25,23.237,1745.05976924872,9.75415062268827
2022-08-10,2022-08-10 14:28:50.660809,9.733,8.08143892220689,0.25,23.472,1689.39836629919,9.65818768174911
2022-08-10,2022-08-10 14:43:50.660809,9.655,8.05896084481665,0.24,23.648,1628.46957285762,9.56630918998875
2022-08-10,2022-08-10 14:58:50.660809,9.558,8.03649044777463,0.24,23.799,1562.53434802305,9.47851186636108
2022-08-10,2022-08-10 15:13:50.660809,9.471,8.01368672280717,0.24,23.95,1491.87509377851,9.38554103226705
2022-08-10,2022-08-10 15:28:50.660809,9.375,7.99621891175114,0.24,24.059,1416.79444533832,9.28832660608296
2022-08-10,2022-08-10 15:43:50.660809,9.265,7.98745884765023,0.25,24.101,1337.61397510976,9.18441076140001
2022-08-10,2022-08-10 15:58:50.660809,9.164,7.9830573475608,0.24,24.143,1254.67281525895,9.08114084258548
2022-08-10,2022-08-10 16:13:50.660809,9.043,7.97256368873051,0.24,24.21,1168.3262052582,8.98166898312238
2022-08-10,2022-08-10 16:28:50.660809,8.895,7.97466193185967,0.24,24.21,1078.943970463,8.88034043948196
2022-08-10,2022-08-10 16:43:50.660809,8.728,7.97436056517941,0.24,24.193,986.908938003496,8.77841123013041
2022-08-10,2022-08-10 16:58:50.660809,8.574,7.98812780192821,0.24,24.093,892.615297218661,8.6770550943007
2022-08-10,2022-08-10 17:13:50.660809,8.387,8.00279694351308,0.24,24,796.466911308952,8.5775696899028
2022-08-10,2022-08-10 17:28:50.660809,8.181,8.02101392461265,0.23,23.891,698.875587577939,8.48022373643911
2022-08-10,2022-08-10 17:43:50.660809,8.014,8.04035175350352,0.23,23.765,600.259313647293,8.38392084134526
2022-08-10,2022-08-10 17:58:50.660809,7.894,8.05761173405351,0.23,23.673,501.040467227423,8.28634996745043
2022-08-10,2022-08-10 18:13:50.660809,7.817,8.07190279758698,0.23,23.589,401.644006977243,8.18686916047655
2022-08-10,2022-08-10 18:28:50.660809,7.738,8.08867677926032,0.23,23.505,302.495652466789,8.08580108515885
2022-08-10,2022-08-10 18:43:50.660809,7.683,8.10427965260252,0.23,23.413,204.0200608008,7.98376227359142
2022-08-10,2022-08-10 18:58:50.660809,7.615,8.12618528284132,0.22,23.288,106.63900768749,7.87835032954322
2022-08-10,2022-08-10 19:13:50.660809,7.556,8.15395095967738,0.22,23.145,10.7695811340082,7.77155150433747
2022-08-10,2022-08-10 19:28:50.660809,7.497,8.17605213527105,0.22,23.011,0,7.68092157175893
2022-08-10,2022-08-10 19:43:50.660809,7.459,8.19852392020495,0.23,22.877,0,7.62181466103116
2022-08-10,2022-08-10 19:58:50.660809,7.445,8.22519077285379,0.22,22.743,0,7.58403296046432
2022-08-10,2022-08-10 20:13:50.660809,7.428,8.24326453386969,0.22,22.618,0,7.55712171553556
2022-08-10,2022-08-10 20:28:50.660809,7.415,8.26738435102702,0.22,22.484,0,7.5421014791574
2022-08-10,2022-08-10 20:43:50.660809,7.424,8.29675799008616,0.22,22.3,0,7.5371582370156
2022-08-10,2022-08-10 20:58:50.660809,7.445,8.32339316156449,0.22,22.149,0,7.53991972301638
2022-08-10,2022-08-10 21:13:50.660809,7.463,8.34221571639744,0.22,22.024,0,7.54714565443915
2022-08-10,2022-08-10 21:28:50.660809,7.481,8.36329605145875,0.22,21.906,0,7.55703467324195
2022-08-10,2022-08-10 21:43:50.660809,7.49,8.39001654633829,0.22,21.756,0,7.56983460740309
2022-08-10,2022-08-10 21:58:50.660809,7.517,8.41226639858115,0.22,21.605,0,7.58485381144147
2022-08-10,2022-08-10 22:13:50.660809,7.536,8.43719488717347,0.22,21.471,0,7.6013240676731
2022-08-10,2022-08-10 22:28:50.660809,7.569,8.45927765592038,0.22,21.338,0,7.61889223278238
2022-08-10,2022-08-10 22:43:50.660809,7.599,8.48359922122802,0.22,21.195,0,7.63717123269699
2022-08-10,2022-08-10 22:58:50.660809,7.62,8.50817441221309,0.22,21.045,0,7.65624392459119
2022-08-10,2022-08-10 23:13:50.660809,7.63,8.53009069365994,0.21,20.944,0,7.67102995279571
2022-08-10,2022-08-10 23:28:50.660809,7.668,8.54901508886744,0.22,20.827,0,7.6866550199976
2022-08-10,2022-08-10 23:43:50.660809,7.686,8.56864358809353,0.22,20.702,0,7.70723974043647
2022-08-10,2022-08-10 23:58:50.660809,7.715,8.59371228911284,0.21,20.593,0,7.72296095192822
2022-08-10,2022-08-11 00:13:50.660809,7.716,8.60828127473156,0.22,20.484,0,7.73912531505119
2022-08-10,2022-08-11 00:28:50.660809,7.742,8.63006466460124,0.22,20.35,0,7.75983283018261
2022-08-10,2022-08-11 00:43:50.660809,7.766,8.64870969386666,0.22,20.233,0,7.77975565523695
2022-08-10,2022-08-11 00:58:50.660809,7.798,8.67289467644933,0.21,20.116,0,7.79473329754722
2022-08-10,2022-08-11 01:13:50.660809,7.84,8.68551894357028,0.22,20.015,0,7.80997623374383
2022-08-10,2022-08-11 01:28:50.660809,7.861,8.70345954789241,0.21,19.923,0,7.8247148437382
2022-08-10,2022-08-11 01:43:50.660809,7.884,8.72709409847909,0.21,19.78,0,7.83560731734822
2022-08-10,2022-08-11 01:58:50.660809,7.901,8.74401234490302,0.22,19.68,0,7.85283665014042
2022-08-10,2022-08-11 02:13:50.660809,7.94,8.76604492071227,0.21,19.588,0,7.87009366995507
2022-08-10,2022-08-11 02:28:50.660809,7.984,8.78240863694582,0.21,19.479,0,7.88257707540966
2022-08-10,2022-08-11 02:43:50.660809,8.004,8.79844102178319,0.22,19.378,0,7.90009397713099
2022-08-10,2022-08-11 02:58:50.660809,8.016,8.82119682876707,0.21,19.277,0,7.91751495917469
2022-08-10,2022-08-11 03:13:50.660809,8.067,8.83799266876407,0.21,19.176,0,7.93024858923962
2022-08-10,2022-08-11 03:28:50.660809,8.076,8.85475470441357,0.22,19.076,0,7.9481143451439
2022-08-10,2022-08-11 03:43:50.660809,8.099,8.88133934973909,0.21,18.95,0,7.96627406980588
2022-08-10,2022-08-11 03:58:50.660809,8.121,8.89796982453679,0.21,18.849,0,7.97992688840582
2022-08-11,2022-08-11 04:13:50.660809,8.132,8.91549799080789,0.21,18.748,0,8.132
2022-08-11,2022-08-11 04:28:50.660809,8.169,8.93885215212215,0.21,18.639,0,8.09374523080554
2022-08-11,2022-08-11 04:43:50.660809,8.2,8.96534344387409,0.2,18.529,0,8.06430456040528
2022-08-11,2022-08-11 04:58:50.660809,8.232,8.98351549136027,0.21,18.411,18.0137232368248,8.04995686338631
2022-08-11,2022-08-11 05:13:50.660809,8.275,9.00763886359771,0.21,18.277,114.312460304764,8.07050384948981
2022-08-11,2022-08-11 05:28:50.660809,8.334,9.02692709647959,0.22,18.159,212.054161582387,8.13044660810177
2022-08-11,2022-08-11 05:43:50.660809,8.403,9.05096702426101,0.21,18.058,310.82019238558,8.21767486471367
2022-08-11,2022-08-11 05:58:50.660809,8.464,9.0675230351854,0.21,17.965,410.187530648945,8.32249549079745
2022-08-11,2022-08-11 06:13:50.660809,8.545,9.07395109551159,0.21,17.914,509.730578654078,8.44242904637091
2022-08-11,2022-08-11 06:28:50.660809,8.611,9.08483371649032,0.21,17.872,609.022985999725,8.57342838545405
2022-08-11,2022-08-11 06:43:50.660809,8.728,9.08476679217247,0.21,17.872,707.639475589828,8.71208986784573
2022-08-11,2022-08-11 06:58:50.660809,8.933,9.08043543631977,0.21,17.889,805.157665231701,8.85458910264358
2022-08-11,2022-08-11 07:13:50.660809,9.127,9.0779821347507,0.21,17.897,901.159876655684,8.99924892132661
2022-08-11,2022-08-11 07:28:50.660809,9.269,9.06819740684207,0.21,17.948,995.234924443094,9.14424095762193
2022-08-11,2022-08-11 07:43:50.660809,9.401,9.0554806896269,0.22,18.007,1086.97987732049,9.28332631532861
2022-08-11,2022-08-11 07:58:50.660809,9.543,9.04492534661112,0.21,18.066,1176.00178379712,9.42083479757647
2022-08-11,2022-08-11 08:13:50.660809,9.653,9.02665532968278,0.22,18.15,1261.91935524303,9.55374885412012
2022-08-11,2022-08-11 08:28:50.660809,9.765,9.01393428364504,0.22,18.218,1344.36459903233,9.67674171989209
2022-08-11,2022-08-11 08:43:50.660809,9.855,8.98925384425691,0.22,18.327,1422.98439466826,9.7947364077887
2022-08-11,2022-08-11 08:58:50.660809,9.953,8.9700496626518,0.22,18.445,1497.44200625329,9.90644883164821
2022-08-11,2022-08-11 09:13:50.660809,10.052,8.94359021531005,0.22,18.571,1567.41852470695,10.0113735287632
2022-08-11,2022-08-11 09:28:50.660809,10.126,8.91781848452024,0.22,18.714,1632.61423375057,10.1084100421698
2022-08-11,2022-08-11 09:43:50.660809,10.169,8.89033189015451,0.22,18.874,1692.74989362064,10.1972274008917
2022-08-11,2022-08-11 09:58:50.660809,10.257,8.86183526066046,0.22,19.034,1747.56793702584,10.2773303949623
2022-08-11,2022-08-11 10:13:50.660809,10.319,8.82916873851122,0.22,19.185,1796.83357244805,10.3480742298223
2022-08-11,2022-08-11 10:28:50.660809,10.371,8.79973533994489,0.23,19.344,1840.33578968113,10.399823647536
2022-08-11,2022-08-11 10:43:50.660809,10.408,8.76562114975419,0.22,19.537,1877.88826367858,10.4440958374489
2022-08-11,2022-08-11 10:58:50.660809,10.437,8.73183966520921,0.23,19.722,1909.33015259655,10.479194697502
2022-08-11,2022-08-11 11:13:50.660809,10.47,8.69686333396863,0.23,19.906,1934.52678670721,10.4951860423474
2022-08-11,2022-08-11 11:28:50.660809,10.498,8.66010482148648,0.22,20.124,1953.37024521469,10.5141860579877
2022-08-11,2022-08-11 11:43:50.660809,10.489,8.61158283341343,0.23,20.367,1965.77981850042,10.5207113260174
2022-08-11,2022-08-11 11:58:50.660809,10.496,8.57445962598308,0.22,20.61,1971.70235383537,10.515459505996
2022-08-11,2022-08-11 12:13:50.660809,10.463,8.52424856140514,0.23,20.886,1971.11248303239,10.4984637587383
2022-08-11,2022-08-11 12:28:50.660809,10.458,8.47699514203453,0.23,21.162,1964.01273112955,10.4583570843846
2022-08-11,2022-08-11 12:43:50.660809,10.384,8.42569441927917,0.23,21.446,1950.43350558981,10.4090282433501
2022-08-11,2022-08-11 12:58:50.660809,10.357,8.38135428259785,0.23,21.697,1930.4329660613,10.3511351606483
2022-08-11,2022-08-11 13:13:50.660809,10.294,8.33543288409131,0.23,21.982,1904.09677531778,10.2853936422309
2022-08-11,2022-08-11 13:28:50.660809,10.261,8.29879791338269,0.23,22.208,1871.53773233799,10.2128812853399
2022-08-11,2022-08-11 13:43:50.660809,10.178,8.25300662739888,0.23,22.5,1832.89528921082,10.133318050779
2022-08-11,2022-08-11 13:58:50.660809,10.151,8.21839806700372,0.23,22.718,1788.33495387024,10.0469191018421
2022-08-11,2022-08-11 14:13:50.660809,10.04,8.1806558910577,0.22,22.969,1738.04758118779,9.96358536934415
2022-08-11,2022-08-11 14:28:50.660809,9.967,8.14436010328749,0.23,23.179,1682.2485555673,9.87189899983491
2022-08-11,2022-08-11 14:43:50.660809,9.863,8.10844853991561,0.23,23.38,1621.17686843572,9.76422129458283
2022-08-11,2022-08-11 14:58:50.660809,9.734,8.07643623600906,0.23,23.572,1555.09409464994,9.65252195151655
2022-08-11,2022-08-11 15:13:50.660809,9.637,8.05880173174087,0.23,23.698,1484.28327210501,9.53918695190584
2022-08-11,2022-08-11 15:28:50.660809,9.512,8.0256645208181,0.24,23.874,1409.04768953658,9.4175906775103
2022-08-11,2022-08-11 15:43:50.660809,9.395,8.01170753035144,0.23,24,1329.70958744005,9.29477611661946
2022-08-11,2022-08-11 15:58:50.660809,9.274,7.99728067051103,0.23,24.084,1246.60877797152,9.17840183004403
2022-08-11,2022-08-11 16:13:50.660809,9.137,7.98691699881166,0.23,24.143,1160.10118942338,9.0607791360315
2022-08-11,2022-08-11 16:28:50.660809,8.957,7.98336140021067,0.23,24.176,1070.55734184331,8.94287297285216
2022-08-11,2022-08-11 16:43:50.660809,8.794,7.98590901962668,0.22,24.16,978.360759975509,8.82863575227947
2022-08-11,2022-08-11 16:58:50.660809,8.626,7.99218428077099,0.23,24.101,883.906330685051,8.71498465410669
2022-08-11,2022-08-11 17:13:50.660809,8.418,8.00735297458957,0.22,24.017,787.598611526672,8.60138771773428
2022-08-11,2022-08-11 17:28:50.660809,8.233,8.02468420143897,0.22,23.891,689.850098086346,8.49083322611617
2022-08-11,2022-08-11 17:43:50.660809,8.043,8.04291277588556,0.22,23.79,591.07945714881,8.3802402598489
2022-08-11,2022-08-11 17:58:50.660809,7.931,8.06070170370375,0.22,23.673,491.709733530483,8.26919551078566
2022-08-11,2022-08-11 18:13:50.660809,7.829,8.07822098107185,0.22,23.572,392.166538111312,8.15741902693295
2022-08-11,2022-08-11 18:28:50.660809,7.762,8.09980392252761,0.22,23.43,292.876224977696,8.04543343081513
2022-08-11,2022-08-11 18:43:50.660809,7.689,8.12189666035967,0.21,23.288,194.264065222854,7.93037433603425
2022-08-11,2022-08-11 18:58:50.660809,7.611,8.13950774112582,0.22,23.162,96.7524254668925,7.81610328092781
2022-08-11,2022-08-11 19:13:50.660809,7.537,8.16613703496562,0.21,23.019,0.758958914039386,7.70160862411831
2022-08-11,2022-08-11 19:28:50.660809,7.405,8.20149949306245,0.21,22.827,0,7.60253360627447
2022-08-11,2022-08-11 19:43:50.660809,7.426,8.2203650044815,0.21,22.71,0,7.53573305293083
2022-08-11,2022-08-11 19:58:50.660809,7.397,8.23829644286445,0.21,22.601,0,7.49064930669449
2022-08-11,2022-08-11 20:13:50.660809,7.368,8.25269923340476,0.21,22.5,0,7.4610011465081
2022-08-11,2022-08-11 20:28:50.660809,7.353,8.27047271334902,0.21,22.392,0,7.4427011452748
2022-08-11,2022-08-11 20:43:50.660809,7.346,8.29886769870726,0.21,22.249,0,7.43446072473572
2022-08-11,2022-08-11 20:58:50.660809,7.348,8.31713890335831,0.21,22.116,0,7.43363548076631
2022-08-11,2022-08-11 21:13:50.660809,7.333,8.33289008491112,0.21,22.024,0,7.43678880097804
2022-08-11,2022-08-11 21:28:50.660809,7.349,8.34693973015528,0.21,21.948,0,7.44249522338847
2022-08-11,2022-08-11 21:43:50.660809,7.349,8.3698805610882,0.21,21.806,0,7.45086773971137
2022-08-11,2022-08-11 21:58:50.660809,7.352,8.38992670508129,0.21,21.689,0,7.46186354976949
2022-08-11,2022-08-11 22:13:50.660809,7.393,8.40396879167516,0.21,21.605,0,7.47383003134694
2022-08-11,2022-08-11 22:28:50.660809,7.4,8.41918471478452,0.21,21.496,0,7.48592174815491
2022-08-11,2022-08-11 22:43:50.660809,7.386,8.44340017170044,0.21,21.371,0,7.49927515491191
2022-08-11,2022-08-11 22:58:50.660809,7.395,8.45146695694274,0.21,21.312,0,7.51280625660906
2022-08-11,2022-08-11 23:13:50.660809,7.443,8.47305663053261,0.21,21.195,0,7.52615475926972
2022-08-11,2022-08-11 23:28:50.660809,7.508,8.49305957662974,0.21,21.078,0,7.54070386211122
2022-08-11,2022-08-11 23:43:50.660809,7.54,8.51682958686139,0.21,20.953,0,7.55639228307276
2022-08-11,2022-08-11 23:58:50.660809,7.569,8.52984785508683,0.21,20.844,0,7.57207585703066
2022-08-11,2022-08-12 00:13:50.660809,7.608,8.55559477867013,0.21,20.702,0,7.58794534163545
2022-08-11,2022-08-12 00:28:50.660809,7.627,8.57319421091159,0.21,20.584,0,7.60449870256862
2022-08-11,2022-08-12 00:43:50.660809,7.646,8.59936881450952,0.21,20.442,0,7.62160773141561
2022-08-11,2022-08-12 00:58:50.660809,7.667,8.6131719887456,0.21,20.35,0,7.63873848626229
2022-08-11,2022-08-12 01:13:50.660809,7.702,8.63263138807863,0.21,20.233,0,7.65512274794104
2022-08-11,2022-08-12 01:28:50.660809,7.739,8.6509654819859,0.21,20.132,0,7.67147927315752
2022-08-11,2022-08-12 01:43:50.660809,7.757,8.66447910679551,0.21,20.04,0,7.68715489678741
2022-08-11,2022-08-12 01:58:50.660809,7.78,8.68530908456741,0.2,19.948,0,7.69696538556435
2022-08-11,2022-08-12 02:13:50.660809,7.782,8.69937439739675,0.2,19.864,0,7.70243941810716
2022-08-11,2022-08-12 02:28:50.660809,7.81,8.71667814136202,0.21,19.764,0,7.71554588947124
2022-08-11,2022-08-12 02:43:50.660809,7.84,8.73067057960675,0.21,19.68,0,7.73440466778011
2022-08-11,2022-08-12 02:58:50.660809,7.837,8.74397688328101,0.21,19.604,0,7.75150737212497
2022-08-11,2022-08-12 03:13:50.660809,7.871,8.76211746206007,0.21,19.487,0,7.76769147928379
2022-08-11,2022-08-12 03:28:50.660809,7.9,8.77860891077782,0.21,19.395,0,7.78352142195258
2022-08-11,2022-08-12 03:43:50.660809,7.908,8.79222581970919,0.2,19.319,0,7.79296227353401
2022-08-11,2022-08-12 03:58:50.660809,7.948,8.81200406032814,0.21,19.193,0,7.80354772867344
2022-08-12,2022-08-12 04:13:50.660809,7.966,8.83618656886974,0.2,19.092,0,7.966
2022-08-12,2022-08-12 04:28:50.660809,7.987,8.84921670777293,0.2,18.992,0,7.93193981025329
2022-08-12,2022-08-12 04:43:50.660809,7.984,8.8650830747477,0.2,18.916,0,7.90957370680871
2022-08-12,2022-08-12 04:58:50.660809,8.001,8.88426324770054,0.2,18.807,9.89038718501961,7.89871306669636
2022-08-12,2022-08-12 05:13:50.660809,8.056,8.89472991207501,0.21,18.731,106.348570863064,7.92079658213118
2022-08-12,2022-08-12 05:28:50.660809,8.124,8.91803606363244,0.21,18.63,204.24741770511,7.98541588873887
2022-08-12,2022-08-12 05:43:50.660809,8.178,8.93101282076621,0.21,18.546,303.167614093467,8.07679762788453
2022-08-12,2022-08-12 05:58:50.660809,8.244,8.94302429131795,0.21,18.487,402.685471680466,8.18737229645527
2022-08-12,2022-08-12 06:13:50.660809,8.354,8.95310371174482,0.21,18.428,502.374742099878,8.3123011486217
2022-08-12,2022-08-12 06:28:50.660809,8.425,8.96472616104522,0.21,18.378,601.808442645778,8.44805000463493
2022-08-12,2022-08-12 06:43:50.660809,8.536,8.972008795712,0.21,18.344,700.560685071603,8.59152006376795
2022-08-12,2022-08-12 06:58:50.660809,8.756,8.97447831705123,0.21,18.327,798.208499832684,8.73941105265046
2022-08-12,2022-08-12 07:13:50.660809,8.97,8.96860349884953,0.21,18.353,894.333647543644,8.88854666851905
2022-08-12,2022-08-12 07:28:50.660809,9.113,8.9608827563349,0.21,18.386,988.52441053899,9.03667187083662
2022-08-12,2022-08-12 07:43:50.660809,9.27,8.95483319604616,0.21,18.42,1080.37735619225,9.18311114999901
2022-08-12,2022-08-12 07:58:50.660809,9.421,8.93588235842231,0.21,18.496,1169.49906500251,9.32576837323601
2022-08-12,2022-08-12 08:13:50.660809,9.55,8.92441158845086,0.21,18.571,1255.50781550244,9.46359910211658
2022-08-12,2022-08-12 08:28:50.660809,9.674,8.90373338899721,0.21,18.672,1338.03521937517,9.59608351655489
2022-08-12,2022-08-12 08:43:50.660809,9.792,8.88145916362403,0.21,18.782,1416.72779929341,9.72151551494834
2022-08-12,2022-08-12 08:58:50.660809,9.916,8.85951965175467,0.21,18.891,1491.24850287512,9.83970238745372
2022-08-12,2022-08-12 09:13:50.660809,9.986,8.83024582394932,0.22,19.034,1561.27814634233,9.94106567523092
2022-08-12,2022-08-12 09:28:50.660809,10.085,8.80084467984135,0.22,19.176,1626.51678169551,10.0261591249373
2022-08-12,2022-08-12 09:43:50.660809,10.153,8.77686693862114,0.22,19.328,1686.68498137103,10.1055065600212
2022-08-12,2022-08-12 09:58:50.660809,10.222,8.74834520339104,0.22,19.479,1741.52503513424,10.1784769181626
2022-08-12,2022-08-12 10:13:50.660809,10.26,8.71553317525216,0.23,19.655,1790.80205389531,10.2335921100844
2022-08-12,2022-08-12 10:28:50.660809,10.324,8.68276286023764,0.23,19.806,1834.30497575531,10.2721946835363
2022-08-12,2022-08-12 10:43:50.660809,10.342,8.65237924980632,0.24,19.982,1871.84747002602,10.2963395994475
2022-08-12,2022-08-12 10:58:50.660809,10.39,8.62902939063799,0.23,20.124,1903.26873538556,10.3181158039574
2022-08-12,2022-08-12 11:13:50.660809,10.443,8.59771590554103,0.23,20.291,1928.43418855996,10.3451317831432
2022-08-12,2022-08-12 11:28:50.660809,10.44,8.56347607315904,0.23,20.509,1947.23604079276,10.3624251405549
2022-08-12,2022-08-12 11:43:50.660809,10.438,8.52546191298984,0.24,20.702,1959.59375956568,10.3590310149352
2022-08-12,2022-08-12 11:58:50.660809,10.401,8.48392648485169,0.23,20.953,1965.45441350635,10.3468064120681
2022-08-12,2022-08-12 12:13:50.660809,10.382,8.44078860783633,0.23,21.229,1964.79289913701,10.3345051373418
2022-08-12,2022-08-12 12:28:50.660809,10.325,8.38345360109084,0.24,21.496,1957.61204840476,10.2974927604351
2022-08-12,2022-08-12 12:43:50.660809,10.296,8.33598363483523,0.24,21.789,1943.9426165661,10.2393524684238
2022-08-12,2022-08-12 12:58:50.660809,10.206,8.29003097198087,0.24,22.057,1923.84315046548,10.1750543160999
2022-08-12,2022-08-12 13:13:50.660809,10.123,8.24562409255665,0.24,22.341,1897.39973780736,10.1045831071455
2022-08-12,2022-08-12 13:28:50.660809,10.118,8.20912213563556,0.24,22.567,1864.72563840174,10.0290606256892
2022-08-12,2022-08-12 13:43:50.660809,10.044,8.17294293504021,0.24,22.81,1825.96079912467,9.94921572867696
2022-08-12,2022-08-12 13:58:50.660809,9.926,8.13773000635329,0.23,23.07,1781.27125446122,9.87292918483505
2022-08-12,2022-08-12 14:13:50.660809,9.868,8.0995525040361,0.24,23.288,1730.84841538605,9.7885876322417
2022-08-12,2022-08-12 14:28:50.660809,9.765,8.07195190921042,0.24,23.464,1674.90824958036,9.68949899864355
2022-08-12,2022-08-12 14:43:50.660809,9.672,8.04034426170368,0.24,23.648,1613.69035634039,9.58776988933832
2022-08-12,2022-08-12 14:58:50.660809,9.588,8.00856299934224,0.24,23.849,1547.45694041851,9.48184369581901
2022-08-12,2022-08-12 15:13:50.660809,9.481,7.98730623510836,0.24,23.992,1476.49168888547,9.37304053873678
2022-08-12,2022-08-12 15:28:50.660809,9.405,7.97770139185062,0.23,24.093,1401.09855619142,9.270137766681
2022-08-12,2022-08-12 15:43:50.660809,9.241,7.96129716477298,0.23,24.185,1321.60046216139,9.17047911505409
2022-08-12,2022-08-12 15:58:50.660809,9.019,7.95807065193254,0.24,24.202,1238.33790896227,9.06210975095586
2022-08-12,2022-08-12 16:13:50.660809,8.789,7.9716198131313,0.23,24.126,1151.66752269149,8.95564802278638
2022-08-12,2022-08-12 16:28:50.660809,8.553,7.99691818719078,0.23,23.967,1061.9605258289,8.85850814438356
2022-08-12,2022-08-12 16:43:50.660809,8.313,8.00981260047755,0.23,23.874,969.601147305635,8.76226949688423
2022-08-12,2022-08-12 16:58:50.660809,8.267,8.01963841792921,0.23,23.816,874.984976799441,8.66322606760357
2022-08-12,2022-08-12 17:13:50.660809,8.272,8.02527732720735,0.23,23.79,778.517270289412,8.56018224157573
2022-08-12,2022-08-12 17:28:50.660809,8.204,8.03935100189829,0.22,23.723,680.611214384758,8.45472848978749
2022-08-12,2022-08-12 17:43:50.660809,8.022,8.05831845668207,0.22,23.598,581.686156479352,8.34819110503346
2022-08-12,2022-08-12 17:58:50.660809,7.885,8.0795445759731,0.23,23.464,482.165808723998,8.24121384085674
2022-08-12,2022-08-12 18:13:50.660809,7.774,8.10262125154252,0.22,23.329,382.476433096614,8.13306281209519
2022-08-12,2022-08-12 18:28:50.660809,7.71,8.1222508626316,0.22,23.221,283.045015755681,8.02256921470696
2022-08-12,2022-08-12 18:43:50.660809,7.65,8.14689278433982,0.22,23.086,184.297438109849,7.91161814375622
2022-08-12,2022-08-12 18:58:50.660809,7.598,8.15867530874027,0.22,23.003,86.6566526952528,7.7994274684828
2022-08-12,2022-08-12 19:13:50.660809,7.534,8.17464262120865,0.22,22.886,0,7.68722036280532
2022-08-12,2022-08-12 19:28:50.660809,7.496,8.20109648529917,0.22,22.743,0,7.59490900397348
2022-08-12,2022-08-12 19:43:50.660809,7.468,8.22916914244658,0.22,22.593,0,7.5345959325315
2022-08-12,2022-08-12 19:58:50.660809,7.428,8.24299172892409,0.22,22.517,0,7.4958647482989
2022-08-12,2022-08-12 20:13:50.660809,7.414,8.26074704891901,0.21,22.417,0,7.46603019112449
2022-08-12,2022-08-12 20:28:50.660809,7.407,8.27390288090528,0.22,22.316,0,7.44793509736647
2022-08-12,2022-08-12 20:43:50.660809,7.396,8.29347484048535,0.22,22.208,0,7.44404274167227
2022-08-12,2022-08-12 20:58:50.660809,7.411,8.32404906264715,0.21,22.049,0,7.44175246192261
2022-08-12,2022-08-12 21:13:50.660809,7.392,8.34148724642516,0.21,21.957,0,7.44035685205773
2022-08-12,2022-08-12 21:28:50.660809,7.409,8.36220736097376,0.21,21.831,0,7.44381283626949
2022-08-12,2022-08-12 21:43:50.660809,7.414,8.38664824556013,0.21,21.689,0,7.451586664339
2022-08-12,2022-08-12 21:58:50.660809,7.418,8.39913298205899,0.21,21.605,0,7.46153569378844
2022-08-12,2022-08-12 22:13:50.660809,7.451,8.42548706257115,0.21,21.463,0,7.47331687493885
2022-08-12,2022-08-12 22:28:50.660809,7.468,8.44296778244755,0.22,21.354,0,7.49249762973486
2022-08-12,2022-08-12 22:43:50.660809,7.478,8.46122128866761,0.21,21.262,0,7.51071741984908
2022-08-12,2022-08-12 22:58:50.660809,7.491,8.47354436822075,0.21,21.179,0,7.52215436936394
2022-08-12,2022-08-12 23:13:50.660809,7.514,8.49151857607627,0.21,21.07,0,7.53398260681862
2022-08-12,2022-08-12 23:28:50.660809,7.541,8.51731028109497,0.22,20.919,0,7.55313578911691
2022-08-12,2022-08-12 23:43:50.660809,7.575,8.54137196201913,0.21,20.794,0,7.57295272673051
2022-08-12,2022-08-12 23:58:50.660809,7.593,8.56759673059939,0.21,20.66,0,7.58787399378428
2022-08-12,2022-08-13 00:13:50.660809,7.593,8.58260926955202,0.21,20.543,0,7.60350040179592
2022-08-12,2022-08-13 00:28:50.660809,7.625,8.61626429427951,0.2,20.4,0,7.61453179756224
2022-08-12,2022-08-13 00:43:50.660809,7.671,8.63606088299582,0.21,20.283,0,7.62881005234249
2022-08-12,2022-08-13 00:58:50.660809,7.695,8.66128308471589,0.2,20.174,0,7.64449062178465
2022-08-12,2022-08-13 01:13:50.660809,7.732,8.67253677796799,0.21,20.057,0,7.66010457997297
2022-08-12,2022-08-13 01:28:50.660809,7.762,8.70369869692782,0.21,19.923,0,7.68239070931941
2022-08-12,2022-08-13 01:43:50.660809,7.804,8.72219715426974,0.21,19.806,0,7.70452019552429
2022-08-12,2022-08-13 01:58:50.660809,7.821,8.74365779835053,0.21,19.697,0,7.72536754960808
2022-08-12,2022-08-13 02:13:50.660809,7.857,8.7618055405803,0.22,19.571,0,7.7506951834166
2022-08-12,2022-08-13 02:28:50.660809,7.902,8.77450418980539,0.22,19.495,0,7.77835857227069
2022-08-12,2022-08-13 02:43:50.660809,7.906,8.80799044436203,0.21,19.369,0,7.79870735849207
2022-08-12,2022-08-13 02:58:50.660809,7.939,8.8207300848611,0.21,19.269,0,7.81353229028211
2022-08-12,2022-08-13 03:13:50.660809,7.972,8.858638038927,0.2,19.134,0,7.82419126707248
2022-08-12,2022-08-13 03:28:50.660809,8.01,8.86614885901996,0.22,19.017,0,7.8425942364475
2022-08-12,2022-08-13 03:43:50.660809,8.044,8.8948403521135,0.21,18.924,0,7.86630300912023
2022-08-12,2022-08-13 03:58:50.660809,8.06,8.90927307613282,0.21,18.807,0,7.88327747815973
2022-08-13,2022-08-13 04:13:50.660809,8.063,8.93451923566712,0.21,18.698,0,8.063
2022-08-13,2022-08-13 04:28:50.660809,8.089,8.95647514623324,0.21,18.588,0,8.05888367159013
2022-08-13,2022-08-13 04:43:50.660809,8.091,8.97496260154919,0.21,18.479,0,8.06033604761904
2022-08-13,2022-08-13 04:58:50.660809,8.158,8.99639711683854,0.21,18.369,1.69676760043722,8.06615799276962
2022-08-13,2022-08-13 05:13:50.660809,8.227,9.02058993892729,0.21,18.26,98.3148761543035,8.09365966550527
2022-08-13,2022-08-13 05:28:50.660809,8.273,9.04024787887109,0.21,18.159,196.371043518578,8.15483567970528
2022-08-13,2022-08-13 05:43:50.660809,8.343,9.06210853695002,0.21,18.032,295.445276381824,8.24134104762665
2022-08-13,2022-08-13 05:58:50.660809,8.406,9.08229909724532,0.21,17.931,395.113220788189,8.34724706137038
2022-08-13,2022-08-13 06:13:50.660809,8.489,9.10822061271016,0.2,17.864,494.947979540264,8.46737971221852
2022-08-13,2022-08-13 06:28:50.660809,8.562,9.11017236117629,0.21,17.813,594.521940869096,8.59727019488863
2022-08-13,2022-08-13 06:43:50.660809,8.696,9.11993874038251,0.21,17.745,693.40860987046,8.73356785692375
2022-08-13,2022-08-13 06:58:50.660809,8.92,9.12750915822426,0.21,17.729,791.184435296746,8.87396360214937
2022-08-13,2022-08-13 07:13:50.660809,9.089,9.12872671193116,0.21,17.729,887.430623684014,9.01599862936112
2022-08-13,2022-08-13 07:28:50.660809,9.238,9.12345018570943,0.21,17.737,981.734933208487,9.15703982583017
2022-08-13,2022-08-13 07:43:50.660809,9.379,9.12079774899557,0.21,17.771,1073.69343932581,9.29604185004758
2022-08-13,2022-08-13 07:58:50.660809,9.521,9.11398181771967,0.21,17.813,1162.912264867,9.43232669138265
2022-08-13,2022-08-13 08:13:50.660809,9.637,9.10300927320612,0.21,17.864,1249.00926716961,9.56436625766287
2022-08-13,2022-08-13 08:28:50.660809,9.762,9.092626313421,0.21,17.906,1331.61567480544,9.69148315572543
2022-08-13,2022-08-13 08:43:50.660809,9.859,9.07460631280912,0.21,17.999,1410.37766711295,9.8124948110709
2022-08-13,2022-08-13 08:58:50.660809,9.895,9.05546035776412,0.21,18.108,1484.95788973511,9.92607857279996
2022-08-13,2022-08-13 09:13:50.660809,10.045,9.04852074292896,0.22,18.142,1555.03689957862,10.0261808920213
2022-08-13,2022-08-13 09:28:50.660809,10.133,9.02871312241898,0.22,18.26,1620.3145330071,10.1136994374617
2022-08-13,2022-08-13 09:43:50.660809,10.219,9.00153366778435,0.22,18.386,1680.51119158602,10.1942625079422
2022-08-13,2022-08-13 09:58:50.660809,10.283,8.97746592581568,0.21,18.529,1735.36903960221,10.276246455693
2022-08-13,2022-08-13 10:13:50.660809,10.35,8.95050843546432,0.22,18.664,1784.6531084886,10.3479495052765
2022-08-13,2022-08-13 10:28:50.660809,10.412,8.91407984965621,0.22,18.857,1828.15230324784,10.3987722859213
2022-08-13,2022-08-13 10:43:50.660809,10.449,8.89081705555606,0.21,18.992,1865.68030659187,10.451854832568
2022-08-13,2022-08-13 10:58:50.660809,10.499,8.86341253614473,0.22,19.126,1897.07637702872,10.4954741962456
2022-08-13,2022-08-13 11:13:50.660809,10.52,8.8268462388261,0.22,19.336,1922.20603735046,10.5173484249952
2022-08-13,2022-08-13 11:28:50.660809,10.52,8.80009417132887,0.22,19.479,1940.96165064034,10.531112000701
2022-08-13,2022-08-13 11:43:50.660809,10.517,8.7508707218457,0.22,19.739,1953.26288132016,10.5345676271123
2022-08-13,2022-08-13 11:58:50.660809,10.517,8.71279463253352,0.22,19.965,1959.05703924677,10.5260875426745
2022-08-13,2022-08-13 12:13:50.660809,10.512,8.66797610552948,0.22,20.208,1958.31930542727,10.5070766913774
2022-08-13,2022-08-13 12:28:50.660809,10.43,8.62096309554139,0.22,20.484,1951.05283832304,10.476477778905
2022-08-13,2022-08-13 12:43:50.660809,10.365,8.56939011836563,0.22,20.769,1937.28876034778,10.4338789261936
2022-08-13,2022-08-13 12:58:50.660809,10.329,8.52601721644332,0.22,21.02,1917.0860245591,10.38083663876
2022-08-13,2022-08-13 13:13:50.660809,10.294,8.48685811275168,0.22,21.254,1890.53116219336,10.3199114138611
2022-08-13,2022-08-13 13:28:50.660809,10.235,8.44866712983624,0.22,21.496,1857.7379120152,10.2518493599521
2022-08-13,2022-08-13 13:43:50.660809,10.185,8.40278557845314,0.22,21.756,1818.84673318308,10.1754593952998
2022-08-13,2022-08-13 13:58:50.660809,10.111,8.36338423528401,0.22,22.007,1774.02420364147,10.0908155852994
2022-08-13,2022-08-13 14:13:50.660809,10.042,8.3309393867147,0.22,22.208,1723.46230664516,10.0004583487949
2022-08-13,2022-08-13 14:28:50.660809,9.954,8.29548967077791,0.22,22.408,1667.37760848142,9.90498636957023
2022-08-13,2022-08-13 14:43:50.660809,9.878,8.26531266784419,0.22,22.609,1606.01033083882,9.80441830491806
2022-08-13,2022-08-13 14:58:50.660809,9.787,8.2358577866119,0.22,22.785,1539.62332195619,9.69950898415231
2022-08-13,2022-08-13 15:13:50.660809,9.693,8.2121461745239,0.22,22.936,1468.50093071362,9.5911031744239
2022-08-13,2022-08-13 15:28:50.660809,9.588,8.18540102777744,0.22,23.078,1392.94778884127,9.4792991594305
2022-08-13,2022-08-13 15:43:50.660809,9.473,8.16939305354361,0.22,23.187,1313.28750601845,9.36499491241764
2022-08-13,2022-08-13 15:58:50.660809,9.357,8.15689635898869,0.22,23.279,1229.86128380275,9.24988128286904
2022-08-13,2022-08-13 16:13:50.660809,9.223,8.14794856289242,0.22,23.338,1143.02645426337,9.13424763255316
2022-08-13,2022-08-13 16:28:50.660809,9.101,8.14451897487591,0.22,23.355,1053.15494936978,9.01874311381232
2022-08-13,2022-08-13 16:43:50.660809,8.935,8.14435895354967,0.22,23.346,960.631708022885,8.90383267872081
2022-08-13,2022-08-13 16:58:50.660809,8.741,8.15458549394201,0.22,23.288,865.853027189022,8.79060196589029
2022-08-13,2022-08-13 17:13:50.660809,8.547,8.16734500649312,0.22,23.179,769.224864574205,8.67982581696986
2022-08-13,2022-08-13 17:28:50.660809,8.365,8.18726357031904,0.22,23.045,671.161099748765,8.57158917754801
2022-08-13,2022-08-13 17:43:50.660809,8.198,8.20888843208504,0.22,22.919,572.081761409631,8.46582142993159
2022-08-13,2022-08-13 17:58:50.660809,8.09,8.22754861175183,0.22,22.81,472.411228411354,8.36114742107095
2022-08-13,2022-08-13 18:13:50.660809,7.988,8.24046181702998,0.22,22.735,372.576411875132,8.25571619914329
2022-08-13,2022-08-13 18:28:50.660809,7.911,8.26068420255264,0.22,22.609,273.00492681775,8.14980306494204
2022-08-13,2022-08-13 18:43:50.660809,7.846,8.28074884151824,0.21,22.492,174.123260447127,8.04081349372379
2022-08-13,2022-08-13 18:58:50.660809,7.758,8.29776800564002,0.22,22.392,76.3549455527096,7.93300209727257
2022-08-13,2022-08-13 19:13:50.660809,7.703,8.32228349467301,0.21,22.258,0,7.82889861565582
2022-08-13,2022-08-13 19:28:50.660809,7.631,8.34664440424928,0.21,22.116,0,7.74141141693863
2022-08-13,2022-08-13 19:43:50.660809,7.577,8.36432321451183,0.21,22.015,0,7.68326052153292
2022-08-13,2022-08-13 19:58:50.660809,7.546,8.38227120539324,0.21,21.881,0,7.64539812188713
2022-08-13,2022-08-13 20:13:50.660809,7.525,8.40381304198923,0.21,21.773,0,7.62269900726131
2022-08-13,2022-08-13 20:28:50.660809,7.524,8.43357751984105,0.21,21.614,0,7.61249193794625
2022-08-13,2022-08-13 20:43:50.660809,7.521,8.45508016388533,0.21,21.488,0,7.61126706370657
2022-08-13,2022-08-13 20:58:50.660809,7.498,8.47251258789064,0.21,21.379,0,7.61500425937631
2022-08-13,2022-08-13 21:13:50.660809,7.507,8.49378061308294,0.21,21.262,0,7.62232763599515
2022-08-13,2022-08-13 21:28:50.660809,7.524,8.51760236190426,0.2,21.128,0,7.62735836767524
2022-08-13,2022-08-13 21:43:50.660809,7.531,8.53624138764061,0.2,21.02,0,7.63036237821479
2022-08-13,2022-08-13 21:58:50.660809,7.555,8.55854318963479,0.21,20.877,0,7.6429952349813
2022-08-13,2022-08-13 22:13:50.660809,7.602,8.58537676828134,0.21,20.718,0,7.6636059432358
2022-08-13,2022-08-13 22:28:50.660809,7.626,8.61052944728834,0.21,20.568,0,7.68472370508095
2022-08-13,2022-08-13 22:43:50.660809,7.64,8.6342825000743,0.2,20.459,0,7.70025300979526
2022-08-13,2022-08-13 22:58:50.660809,7.657,8.64231775270197,0.2,20.375,0,7.70960084243386
2022-08-13,2022-08-13 23:13:50.660809,7.676,8.6672886452918,0.2,20.241,0,7.720174280211
2022-08-13,2022-08-13 23:28:50.660809,7.703,8.69294892179936,0.2,20.124,0,7.73386735785575
2022-08-13,2022-08-13 23:43:50.660809,7.733,8.72343183639503,0.2,19.956,0,7.75045495663008
2022-08-13,2022-08-13 23:58:50.660809,7.746,8.73509380722994,0.2,19.847,0,7.76735324113653
2022-08-13,2022-08-14 00:13:50.660809,7.783,8.77038436544052,0.19,19.722,0,7.77892093292462
2022-08-13,2022-08-14 00:28:50.660809,7.822,8.78060340232243,0.2,19.588,0,7.79258745537056
2022-08-13,2022-08-14 00:43:50.660809,7.854,8.80729286076493,0.2,19.453,0,7.81294641940575
2022-08-13,2022-08-14 00:58:50.660809,7.878,8.82825035245547,0.2,19.336,0,7.83339611334581
2022-08-13,2022-08-14 01:13:50.660809,7.913,8.85406311651595,0.2,19.193,0,7.85376709046753
2022-08-13,2022-08-14 01:28:50.660809,7.941,8.87669414129661,0.21,19.067,0,7.87998415033082
2022-08-13,2022-08-14 01:43:50.660809,7.986,8.89537949485711,0.2,18.958,0,7.90401511966136
2022-08-13,2022-08-14 01:58:50.660809,8.029,8.9192061263159,0.2,18.815,0,7.92080108909033
2022-08-13,2022-08-14 02:13:50.660809,8.054,8.94569947371122,0.2,18.698,0,7.93889388506771
2022-08-13,2022-08-14 02:28:50.660809,8.094,8.96786373596398,0.2,18.563,0,7.95776369686201
2022-08-13,2022-08-14 02:43:50.660809,8.128,8.9929222967904,0.2,18.42,0,7.97693611125551
2022-08-13,2022-08-14 02:58:50.660809,8.138,9.01607597209327,0.2,18.31,0,7.99653590146873
2022-08-13,2022-08-14 03:13:50.660809,8.158,9.04154066653536,0.2,18.184,0,8.01655450649058
2022-08-13,2022-08-14 03:28:50.660809,8.198,9.05992191665071,0.2,18.058,0,8.03622831419884
2022-08-13,2022-08-14 03:43:50.660809,8.205,9.08785054496128,0.2,17.914,0,8.05588869560973
2022-08-13,2022-08-14 03:58:50.660809,8.225,9.10839313477618,0.2,17.788,0,8.07580891719605
2022-08-14,2022-08-14 04:13:50.660809,8.289,9.13470135387877,0.2,17.661,0,8.289
2022-08-14,2022-08-14 04:28:50.660809,8.32,9.16030015508099,0.2,17.543,0,8.42260531337409
2022-08-14,2022-08-14 04:43:50.660809,8.359,9.18872465780085,0.2,17.407,0,8.53777816019876
2022-08-14,2022-08-14 04:58:50.660809,8.394,9.21219882558261,0.2,17.297,0,8.63755794662364
2022-08-14,2022-08-14 05:13:50.660809,8.478,9.2341704549118,0.21,17.17,90.2137905715556,8.72717980335568
2022-08-14,2022-08-14 05:28:50.660809,8.552,9.26906170326313,0.21,17.009,188.427266643023,8.81238071289343
2022-08-14,2022-08-14 05:43:50.660809,8.615,9.29396753793024,0.21,16.882,287.655220269289,8.89421599648377
2022-08-14,2022-08-14 05:58:50.660809,8.657,9.31277278533379,0.21,16.78,387.472633209878,8.97207220451829
2022-08-14,2022-08-14 06:13:50.660809,8.756,9.32981133478329,0.21,16.695,487.451962216675,9.04606598465187
2022-08-14,2022-08-14 06:28:50.660809,8.851,9.34982469459106,0.21,16.61,587.164970388558,9.11699041687742
2022-08-14,2022-08-14 06:43:50.660809,8.969,9.36061255761217,0.2,16.602,686.184561418172,9.18566533038659
2022-08-14,2022-08-14 06:58:50.660809,9.185,9.35336000422092,0.21,16.602,784.086608877563,9.24941506143704
2022-08-14,2022-08-14 07:13:50.660809,9.335,9.34960120415327,0.21,16.619,880.451772965083,9.30698467625661
2022-08-14,2022-08-14 07:28:50.660809,9.48,9.34644966789581,0.21,16.627,974.867296546573,9.36041357460524
2022-08-14,2022-08-14 07:43:50.660809,9.612,9.33847090342003,0.21,16.678,1066.92877317964,9.40989085349175
2022-08-14,2022-08-14 07:58:50.660809,9.768,9.3316455028346,0.21,16.704,1156.24187927007,9.4555938436239
2022-08-14,2022-08-14 08:13:50.660809,9.869,9.31852773605113,0.21,16.772,1242.42406306688,9.49751103663428
2022-08-14,2022-08-14 08:28:50.660809,9.97,9.30256576466689,0.21,16.84,1325.10618325712,9.53526797177671
2022-08-14,2022-08-14 08:43:50.660809,10.067,9.28696274630921,0.21,16.933,1403.93409003621,9.56907412484508
2022-08-14,2022-08-14 08:58:50.660809,10.155,9.26518932739302,0.21,17.035,1478.57014207872,9.59879490757525
2022-08-14,2022-08-14 09:13:50.660809,10.256,9.2365260775404,0.22,17.162,1548.69465280825,9.62174182928396
2022-08-14,2022-08-14 09:28:50.660809,9.985,9.21376220041996,0.32,17.264,1614.00725958834,9.62521379900378
2022-08-14,2022-08-14 09:43:50.660809,9.82,9.29851752637743,0.36,16.84,1674.22821033033,9.61997330221182
2022-08-14,2022-08-14 09:58:50.660809,9.681,9.28160512055334,0.37,16.899,1729.09956179613,9.61965128281057
2022-08-14,2022-08-14 10:13:50.660809,9.667,9.31397378776088,0.37,16.738,1778.38628434103,9.62184448483148
2022-08-14,2022-08-14 10:28:50.660809,9.715,9.34563167100982,0.37,16.559,1821.87726872352,9.63085417058529
2022-08-14,2022-08-14 10:43:50.660809,9.734,9.33514041401236,0.38,16.602,1859.3862302954,9.64086583457754
2022-08-14,2022-08-14 10:58:50.660809,9.736,9.29281793659791,0.38,16.823,1890.75250693505,9.64508363387236
2022-08-14,2022-08-14 11:13:50.660809,9.705,9.23572978047455,0.37,17.103,1915.84174721383,9.6417280227094
2022-08-14,2022-08-14 11:28:50.660809,9.652,9.17910835365555,0.44,17.399,1934.54648589232,9.62555516212395
2022-08-14,2022-08-14 11:43:50.660809,9.638,9.13837098740587,0.44,17.602,1946.78660421217,9.59902086883818
2022-08-14,2022-08-14 11:58:50.660809,9.628,9.10121384270038,0.44,17.805,1952.50967308842,9.57024852310026
2022-08-14,2022-08-14 12:13:50.660809,9.638,9.06671309701028,0.45,17.94,1951.69117769632,9.53942205033651
2022-08-14,2022-08-14 12:28:50.660809,9.615,9.06466048198339,0.45,17.956,1944.3346224828,9.50988087932447
2022-08-14,2022-08-14 12:43:50.660809,9.597,9.0614151844459,0.45,17.965,1930.47151616901,9.48459836809691
2022-08-14,2022-08-14 12:58:50.660809,9.587,9.06112471500382,0.45,17.973,1910.16123681153,9.46281969143692
2022-08-14,2022-08-14 13:13:50.660809,9.544,9.04814742465901,0.45,18.041,1883.49077746945,9.44288001943381
2022-08-14,2022-08-14 13:28:50.660809,9.485,9.02108763394488,0.45,18.176,1850.57437362416,9.42188466219306
2022-08-14,2022-08-14 13:43:50.660809,9.428,8.98656727959219,0.44,18.369,1811.55301387473,9.39841303856639
2022-08-14,2022-08-14 13:58:50.660809,9.344,8.94465581712445,0.45,18.58,1766.59383604966,9.37081642750845
2022-08-14,2022-08-14 14:13:50.660809,9.293,8.91875929705039,0.46,18.714,1715.88941135825,9.33940564858574
2022-08-14,2022-08-14 14:28:50.660809,9.229,8.89087633439783,0.45,18.857,1659.65691953628,9.30697526428218
2022-08-14,2022-08-14 14:43:50.660809,9.197,8.87737954357268,0.46,18.916,1598.13721862647,9.2747395138864
2022-08-14,2022-08-14 14:58:50.660809,9.16,8.87593396259738,0.45,18.941,1531.593813311,9.24489769054323
2022-08-14,2022-08-14 15:13:50.660809,9.118,8.86834713741041,0.46,18.966,1460.31172633169,9.21748550189633
2022-08-14,2022-08-14 15:28:50.660809,9.103,8.86747209845715,0.46,18.958,1384.59627754195,9.19160173124475
2022-08-14,2022-08-14 15:43:50.660809,9.088,8.87348407995682,0.45,18.924,1304.7717762989,9.16886797118899
2022-08-14,2022-08-14 15:58:50.660809,9.043,8.87771333026897,0.45,18.899,1221.18013220524,9.14904878649127
2022-08-14,2022-08-14 16:13:50.660809,9.028,8.89299743487366,0.45,18.807,1134.17939079246,9.13198376163708
2022-08-14,2022-08-14 16:28:50.660809,8.994,8.90323695524877,0.45,18.756,1044.14219976782,9.11762611277345
2022-08-14,2022-08-14 16:43:50.660809,8.997,8.92151332378475,0.45,18.647,951.454212929607,9.10566834628991
2022-08-14,2022-08-14 16:58:50.660809,8.972,8.9427223638647,0.45,18.529,856.512438388378,9.09658170168479
2022-08-14,2022-08-14 17:13:50.660809,8.971,8.96293476721795,0.45,18.411,759.72353792646,9.08995119821989
2022-08-14,2022-08-14 17:28:50.660809,8.95,8.98126305243176,0.45,18.31,661.502085281211,9.08502443741878
2022-08-14,2022-08-14 17:43:50.660809,8.955,8.99945443785289,0.46,18.192,562.268790309833,9.08115363110864
2022-08-14,2022-08-14 17:58:50.660809,8.966,9.02207642691872,0.45,18.074,462.448697049476,9.07860391252522
2022-08-14,2022-08-14 18:13:50.660809,8.97,9.04679192599131,0.45,17.956,362.469363111612,9.07779287955189
2022-08-14,2022-08-14 18:28:50.660809,8.991,9.07187400172444,0.44,17.838,262.759028357879,9.07851616895237
2022-08-14,2022-08-14 18:43:50.660809,8.999,9.09013888775578,0.45,17.729,163.744780547968,9.07992663222334
2022-08-14,2022-08-14 18:58:50.660809,9.02,9.10980915716936,0.45,17.619,65.8507261066574,9.08142662112586
2022-08-14,2022-08-14 19:13:50.660809,9.044,9.13219319287986,0.44,17.517,0,9.08378311137762
2022-08-14,2022-08-14 19:28:50.660809,9.05,9.15549041370965,0.44,17.407,0,9.08856269530793
2022-08-14,2022-08-14 19:43:50.660809,9.071,9.17421471283774,0.44,17.314,0,9.09605083751034
2022-08-14,2022-08-14 19:58:50.660809,9.089,9.18748472130087,0.45,17.23,0,9.1050011314808
2022-08-14,2022-08-14 20:13:50.660809,9.097,9.20680045180295,0.44,17.153,0,9.11515445322257
2022-08-14,2022-08-14 20:28:50.660809,9.115,9.21902436191539,0.44,17.094,0,9.12616372298451
2022-08-14,2022-08-14 20:43:50.660809,9.141,9.23436384720617,0.44,17.018,0,9.13760932257893
2022-08-14,2022-08-14 20:58:50.660809,9.148,9.24542039140626,0.44,16.975,0,9.14932346381821
2022-08-14,2022-08-14 21:13:50.660809,9.158,9.25578989589171,0.44,16.916,0,9.16084953452776
2022-08-14,2022-08-14 21:28:50.660809,9.176,9.26250510140022,0.44,16.882,0,9.17185963029914
2022-08-14,2022-08-14 21:43:50.660809,9.185,9.2725697821607,0.44,16.84,0,9.18241842810192
2022-08-14,2022-08-14 21:58:50.660809,9.199,9.28049247725873,0.44,16.797,0,9.19270061062085
2022-08-14,2022-08-14 22:13:50.660809,9.21,9.29343918654687,0.44,16.746,0,9.20298986777302
2022-08-14,2022-08-14 22:28:50.660809,9.221,9.31221219193587,0.44,16.695,0,9.21418312828924
2022-08-14,2022-08-14 22:43:50.660809,9.242,9.3019777001854,0.46,16.653,0,9.22432848317422
2022-08-14,2022-08-14 22:58:50.660809,9.251,9.32047369642138,0.45,16.585,0,9.23351603492455
2022-08-14,2022-08-14 23:13:50.660809,9.262,9.32734802330493,0.46,16.534,0,9.24326121516699
2022-08-14,2022-08-14 23:28:50.660809,9.277,9.34150260057678,0.47,16.457,0,9.25322092400859
2022-08-14,2022-08-14 23:43:50.660809,9.285,9.36307598211967,0.44,16.44,0,9.26434912703859
2022-08-14,2022-08-14 23:58:50.660809,9.302,9.36195013011929,0.45,16.398,0,9.27520567623304
2022-08-14,2022-08-15 00:13:50.660809,9.309,9.37688909371429,0.45,16.338,0,9.28545117341341
2022-08-14,2022-08-15 00:28:50.660809,9.328,9.3799382772571,0.45,16.313,0,9.2954753522581
2022-08-14,2022-08-15 00:43:50.660809,9.334,9.37826840196839,0.46,16.279,0,9.30401322788969
2022-08-14,2022-08-15 00:58:50.660809,9.343,9.39365677239122,0.45,16.236,0,9.31226200608496
2022-08-14,2022-08-15 01:13:50.660809,9.34,9.40904376075105,0.45,16.202,0,9.32161083797275
2022-08-14,2022-08-15 01:28:50.660809,9.364,9.41809594830868,0.45,16.134,0,9.33141138360994
2022-08-14,2022-08-15 01:43:50.660809,9.367,9.42268006941795,0.46,16.1,0,9.34076262784622
2022-08-14,2022-08-15 01:58:50.660809,9.375,9.43405832932386,0.46,16.048,0,9.34993144813538
2022-08-14,2022-08-15 02:13:50.660809,9.393,9.44204428714474,0.46,15.997,0,9.35916592372881
2022-08-14,2022-08-15 02:28:50.660809,9.419,9.4570908635256,0.46,15.937,0,9.36875186604306
2022-08-14,2022-08-15 02:43:50.660809,9.426,9.46590127121259,0.46,15.886,0,9.37869900355476
2022-08-14,2022-08-15 02:58:50.660809,9.438,9.47970463310468,0.46,15.835,0,9.38884771554151
2022-08-14,2022-08-15 03:13:50.660809,9.449,9.48908252221717,0.46,15.775,0,9.3992095925599
2022-08-14,2022-08-15 03:28:50.660809,9.467,9.50164275725191,0.46,15.707,0,9.40964500699889
2022-08-14,2022-08-15 03:43:50.660809,9.482,9.51498338399429,0.46,15.655,0,9.42046406332024
2022-08-14,2022-08-15 03:58:50.660809,9.498,9.53176476387769,0.47,15.561,0,9.43199348335857
2022-08-15,2022-08-15 04:13:50.660809,9.517,9.54421216110999,0.46,15.518,0,9.517
2022-08-15,2022-08-15 04:28:50.660809,9.522,9.55303774630936,0.46,15.467,0,9.48504745961155
2022-08-15,2022-08-15 04:43:50.660809,9.525,9.55793768163995,0.47,15.433,0,9.4605232315185
2022-08-15,2022-08-15 04:58:50.660809,9.544,9.5666437934296,0.47,15.398,0,9.44206017457271
2022-08-15,2022-08-15 05:13:50.660809,9.548,9.57982826780897,0.47,15.338,82.0476934743337,9.43150177687505
2022-08-15,2022-08-15 05:28:50.660809,9.569,9.58987617869492,0.47,15.287,180.418278701022,9.4306550274831
2022-08-15,2022-08-15 05:43:50.660809,9.585,9.5995983029872,0.47,15.244,279.799450148782,9.43800382682627
2022-08-15,2022-08-15 05:58:50.660809,9.592,9.60471775259493,0.47,15.227,379.765527480199,9.4516869947683
2022-08-15,2022-08-15 06:13:50.660809,9.605,9.61559666731951,0.46,15.201,479.888324925867,9.4706284221615
2022-08-15,2022-08-15 06:28:50.660809,9.628,9.61680428260636,0.47,15.175,579.738985259548,9.49359321714619
2022-08-15,2022-08-15 06:43:50.660809,9.638,9.61477778384903,0.47,15.166,678.889816726738,9.51874114392469
2022-08-15,2022-08-15 06:58:50.660809,9.672,9.62140161548443,0.47,15.158,776.916125062507,9.54604745160676
2022-08-15,2022-08-15 07:13:50.660809,9.685,9.61865728190841,0.47,15.158,873.398032513089,9.57497724385713
2022-08-15,2022-08-15 07:28:50.660809,9.709,9.62279759605339,0.46,15.166,967.922276307462,9.60517398249015
2022-08-15,2022-08-15 07:43:50.660809,9.728,9.61395426686145,0.47,15.192,1060.08397884953,9.63545264531463
2022-08-15,2022-08-15 07:58:50.660809,9.752,9.60490837301857,0.48,15.218,1149.48838193561,9.66379558298498
2022-08-15,2022-08-15 08:13:50.660809,9.758,9.59264069070393,0.47,15.278,1235.75253756378,9.69068399215054
2022-08-15,2022-08-15 08:28:50.660809,9.785,9.58007478940108,0.47,15.321,1318.50694832139,9.71621076019577
2022-08-15,2022-08-15 08:43:50.660809,9.802,9.56072003306998,0.48,15.398,1397.39714997632,9.73879923059405
2022-08-15,2022-08-15 08:58:50.660809,9.829,9.54506255997678,0.48,15.484,1472.0852298353,9.75835464753889
2022-08-15,2022-08-15 09:13:50.660809,9.819,9.51705854361398,0.48,15.604,1542.25127411616,9.77480286477332
2022-08-15,2022-08-15 09:28:50.660809,9.815,9.4827704464449,0.48,15.758,1607.59473826757,9.78663789423868
2022-08-15,2022-08-15 09:43:50.660809,9.816,9.45702828690353,0.47,15.895,1667.8357342538,9.79525374705002
2022-08-15,2022-08-15 09:58:50.660809,9.789,9.42007562239112,0.47,16.091,1722.71622945654,9.80060747925842
2022-08-15,2022-08-15 10:13:50.660809,9.788,9.38574724564379,0.48,16.244,1772.00115196045,9.8006234117895
2022-08-15,2022-08-15 10:28:50.660809,9.77,9.34714767643336,0.48,16.44,1815.4793973651,9.79567620819527
2022-08-15,2022-08-15 10:43:50.660809,9.761,9.30853088369478,0.48,16.61,1852.96473308513,9.78660526625973
2022-08-15,2022-08-15 10:58:50.660809,9.739,9.27395615073218,0.46,16.806,1884.29659604169,9.77588199781076
2022-08-15,2022-08-15 11:13:50.660809,9.746,9.23833822595731,0.48,16.959,1909.34078041267,9.76192534901271
2022-08-15,2022-08-15 11:28:50.660809,9.696,9.19160810026578,0.47,17.196,1927.9900125176,9.74283788319429
2022-08-15,2022-08-15 11:43:50.660809,9.686,9.16059271087761,0.47,17.331,1940.16441027681,9.72138064257442
2022-08-15,2022-08-15 11:58:50.660809,9.663,9.12530656634074,0.46,17.534,1945.81182542456,9.69874690670398
2022-08-15,2022-08-15 12:13:50.660809,9.659,9.08925142542217,0.46,17.72,1944.9080668692,9.6741768605078
2022-08-15,2022-08-15 12:28:50.660809,9.619,9.04899874523612,0.46,17.897,1937.45700433384,9.64622005801444
2022-08-15,2022-08-15 12:43:50.660809,9.616,9.01477965835956,0.45,18.083,1923.4905517897,9.61622678760648
2022-08-15,2022-08-15 12:58:50.660809,9.599,8.9849178165867,0.45,18.243,1903.06853077339,9.58516978143311
2022-08-15,2022-08-15 13:13:50.660809,9.562,8.95010141641722,0.45,18.403,1876.27841417393,9.55183387878406
2022-08-15,2022-08-15 13:28:50.660809,9.54,8.91334441822398,0.44,18.597,1843.23495155022,9.51647126142061
2022-08-15,2022-08-15 13:43:50.660809,9.492,8.88329837142735,0.44,18.765,1804.07967766299,9.47949393581108
2022-08-15,2022-08-15 13:58:50.660809,9.475,8.86026587540006,0.43,18.899,1758.98030621221,9.44220312235363
2022-08-15,2022-08-15 14:13:50.660809,9.443,8.83803177345196,0.41,19.059,1708.13001151818,9.40691826159686
2022-08-15,2022-08-15 14:28:50.660809,9.416,8.80941208125029,0.41,19.193,1651.7466010722,9.37126699004798
2022-08-15,2022-08-15 14:43:50.660809,9.388,8.77890759810991,0.42,19.311,1590.07158259938,9.33133518222311
2022-08-15,2022-08-15 14:58:50.660809,9.344,8.76592993219287,0.41,19.411,1523.36912965982,9.29007909972069
2022-08-15,2022-08-15 15:13:50.660809,9.306,8.74962479032648,0.4,19.512,1451.92495007181,9.25051687301418
2022-08-15,2022-08-15 15:28:50.660809,9.271,8.73312405670252,0.4,19.588,1376.04506215315,9.21074592332905
2022-08-15,2022-08-15 15:43:50.660809,9.225,8.72623905516951,0.4,19.63,1296.05448393139,9.17066937051492
2022-08-15,2022-08-15 15:58:50.660809,9.177,8.71182868315127,0.39,19.697,1212.29584107643,9.13089253905622
2022-08-15,2022-08-15 16:13:50.660809,9.124,8.71019988877283,0.39,19.713,1125.12789917929,9.09157314304436
2022-08-15,2022-08-15 16:28:50.660809,9.062,8.70791115494425,0.39,19.705,1034.92402722127,9.05299045591812
2022-08-15,2022-08-15 16:43:50.660809,8.989,8.7095812240125,0.38,19.713,942.070598132757,9.01548278110896
2022-08-15,2022-08-15 16:58:50.660809,8.933,8.71771469620653,0.38,19.655,846.965334024126,8.97962768044938
2022-08-15,2022-08-15 17:13:50.660809,8.855,8.72830896972416,0.37,19.613,750.01560244199,8.94557564946658
2022-08-15,2022-08-15 17:28:50.660809,8.787,8.73688739446317,0.37,19.562,651.636671552761,8.91275369653598
2022-08-15,2022-08-15 17:43:50.660809,8.725,8.74722429659169,0.37,19.512,552.249931491798,8.88049580963272
2022-08-15,2022-08-15 17:58:50.660809,8.683,8.75970265958333,0.36,19.445,452.281089279659,8.8488547810644
2022-08-15,2022-08-15 18:13:50.660809,8.654,8.77078796514084,0.36,19.395,352.15834537271,8.81761851265005
2022-08-15,2022-08-15 18:28:50.660809,8.632,8.78225671719616,0.36,19.311,252.310559696623,8.78661529571075
2022-08-15,2022-08-15 18:43:50.660809,8.609,8.79830273114736,0.36,19.218,153.165414532283,8.75630141349285
2022-08-15,2022-08-15 18:58:50.660809,8.602,8.81878941214497,0.35,19.126,55.1475826067528,8.72685057606577
2022-08-15,2022-08-15 19:13:50.660809,8.591,8.83371504047287,0.35,19.042,0,8.69968829537902
2022-08-15,2022-08-15 19:28:50.660809,8.587,8.85513723332262,0.35,18.941,0,8.6790630808764
2022-08-15,2022-08-15 19:43:50.660809,8.577,8.86956105184101,0.35,18.866,0,8.66594667273568
2022-08-15,2022-08-15 19:58:50.660809,8.59,8.89004657035837,0.35,18.748,0,8.65873146343856
2022-08-15,2022-08-15 20:13:50.660809,8.593,8.90091528422717,0.35,18.689,0,8.65590308948463
2022-08-15,2022-08-15 20:28:50.660809,8.613,8.92620287219127,0.34,18.588,0,8.6563386200375
2022-08-15,2022-08-15 20:43:50.660809,8.614,8.93425706357001,0.34,18.512,0,8.6591056356387
2022-08-15,2022-08-15 20:58:50.660809,8.62,8.94810853634548,0.34,18.437,0,8.66336357828989
2022-08-15,2022-08-15 21:13:50.660809,8.636,8.97123262553442,0.34,18.336,0,8.67026216524089
2022-08-15,2022-08-15 21:28:50.660809,8.655,8.97978615123865,0.34,18.277,0,8.6787802791066
2022-08-15,2022-08-15 21:43:50.660809,8.665,8.99643071727238,0.33,18.218,0,8.68723296611106
2022-08-15,2022-08-15 21:58:50.660809,8.682,9.00732795409218,0.34,18.142,0,8.69661270831081
2022-08-15,2022-08-15 22:13:50.660809,8.69,9.01926494582842,0.34,18.066,0,8.70703755134923
2022-08-15,2022-08-15 22:28:50.660809,8.697,9.03113610223062,0.33,18.015,0,8.71688249403286
2022-08-15,2022-08-15 22:43:50.660809,8.719,9.04555278205657,0.33,17.948,0,8.72650325137343
2022-08-15,2022-08-15 22:58:50.660809,8.724,9.05436261400484,0.33,17.889,0,8.73640945809994
2022-08-15,2022-08-15 23:13:50.660809,8.734,9.06658820519909,0.33,17.83,0,8.74634068076212
2022-08-15,2022-08-15 23:28:50.660809,8.748,9.07871846940856,0.33,17.762,0,8.75660307773322
2022-08-15,2022-08-15 23:43:50.660809,8.74,9.08115199572298,0.33,17.745,0,8.76622861750487
2022-08-15,2022-08-15 23:58:50.660809,8.744,9.09530019179369,0.32,17.678,0,8.77471648871258
2022-08-15,2022-08-16 00:13:50.660809,8.751,9.09925521929706,0.33,17.644,0,8.78323419853687
2022-08-15,2022-08-16 00:28:50.660809,8.752,9.10977829554026,0.33,17.585,0,8.79225204121395
2022-08-15,2022-08-16 00:43:50.660809,8.776,9.11999513463653,0.32,17.543,0,8.80063259929914
2022-08-15,2022-08-16 00:58:50.660809,8.781,9.13165883966178,0.32,17.484,0,8.80860472633174
2022-08-15,2022-08-16 01:13:50.660809,8.781,9.13524888697947,0.32,17.467,0,8.81645198392207
2022-08-15,2022-08-16 01:28:50.660809,8.787,9.14383355893476,0.32,17.416,0,8.82391149842335
2022-08-15,2022-08-16 01:43:50.660809,8.802,9.15572487746749,0.32,17.357,0,8.8318123295907
2022-08-15,2022-08-16 01:58:50.660809,8.806,9.16178106139565,0.32,17.331,0,8.83985018807765
2022-08-15,2022-08-16 02:13:50.660809,8.809,9.17613889834374,0.31,17.272,0,8.84736137612637
2022-08-15,2022-08-16 02:28:50.660809,8.815,9.18409656489703,0.32,17.23,0,8.8554827621534
2022-08-15,2022-08-16 02:43:50.660809,8.825,9.19032471870256,0.32,17.17,0,8.86419864763216
2022-08-15,2022-08-16 02:58:50.660809,8.838,9.21641777350348,0.31,17.103,0,8.87334583427686
2022-08-15,2022-08-16 03:13:50.660809,8.842,9.22547101563976,0.31,17.026,0,8.88309361359363
2022-08-15,2022-08-16 03:28:50.660809,8.856,9.23426293905635,0.31,16.984,0,8.89258707588838
2022-08-15,2022-08-16 03:43:50.660809,8.864,9.25142842946937,0.31,16.908,0,8.90263639063443
2022-08-15,2022-08-16 03:58:50.660809,8.881,9.25824671965498,0.31,16.848,0,8.91293691038808
2022-08-16,2022-08-16 04:13:50.660809,8.891,9.26692004850923,0.31,16.823,0,8.891
2022-08-16,2022-08-16 04:28:50.660809,8.905,9.2773600564706,0.31,16.78,0,8.83202805054054
2022-08-16,2022-08-16 04:43:50.660809,8.92,9.29118560739793,0.31,16.721,0,8.78843510177204
2022-08-16,2022-08-16 04:58:50.660809,8.925,9.30382826457618,0.3,16.661,0,8.75468293949673
2022-08-16,2022-08-16 05:13:50.660809,8.953,9.31518931472186,0.31,16.585,73.8189275860317,8.73970881449415
2022-08-16,2022-08-16 05:28:50.660809,8.96,9.32884955935226,0.3,16.534,172.346233930833,8.7523029100366
2022-08-16,2022-08-16 05:43:50.660809,9.001,9.33909386252181,0.31,16.474,271.879932702162,8.78883135870712
2022-08-16,2022-08-16 05:58:50.660809,9.035,9.35112126374845,0.31,16.415,371.993684567938,8.8457945055605
2022-08-16,2022-08-16 06:13:50.660809,9.103,9.36242247406088,0.3,16.398,472.258665520172,8.91694576571683
2022-08-16,2022-08-16 06:28:50.660809,9.176,9.35626232182259,0.3,16.398,572.24540352737,8.99773813852414
2022-08-16,2022-08-16 06:43:50.660809,9.253,9.35988095088542,0.3,16.381,671.525618280202,9.08599628904856
2022-08-16,2022-08-16 06:58:50.660809,9.319,9.35632743839362,0.3,16.423,769.67405564962,9.18018081320104
2022-08-16,2022-08-16 07:13:50.660809,9.445,9.35160852898426,0.3,16.432,866.270309130576,9.2777773579561
2022-08-16,2022-08-16 07:28:50.660809,9.544,9.33471234894681,0.31,16.491,960.900620706553,9.37456638856556
2022-08-16,2022-08-16 07:43:50.660809,9.641,9.3160030506793,0.31,16.585,1053.15965302973,9.46822017205969
2022-08-16,2022-08-16 07:58:50.660809,9.713,9.30537527318396,0.3,16.644,1142.65222573716,9.56284242575105
2022-08-16,2022-08-16 08:13:50.660809,9.788,9.27567048060371,0.31,16.78,1228.99500804051,9.65385791407135
2022-08-16,2022-08-16 08:28:50.660809,9.846,9.25644263686439,0.31,16.882,1311.8181608445,9.73785458566188
2022-08-16,2022-08-16 08:43:50.660809,9.911,9.22879140089428,0.31,17.009,1390.76692075279,9.81782955702848
2022-08-16,2022-08-16 08:58:50.660809,9.959,9.20007210017915,0.31,17.153,1465.50311975025,9.89242463683541
2022-08-16,2022-08-16 09:13:50.660809,10.013,9.17294758210477,0.31,17.297,1535.7066337081,9.96161914831061
2022-08-16,2022-08-16 09:28:50.660809,10.064,9.14217548096493,0.32,17.433,1601.07675353165,10.021197797972
2022-08-16,2022-08-16 09:43:50.660809,10.103,9.1122572936006,0.31,17.61,1661.33347333132,10.0754192341947
2022-08-16,2022-08-16 09:58:50.660809,10.144,9.08255083997882,0.31,17.762,1716.21868972825,10.1280105090259
2022-08-16,2022-08-16 10:13:50.660809,10.159,9.04561846557564,0.32,17.931,1765.49730743898,10.168671638437
2022-08-16,2022-08-16 10:28:50.660809,10.192,9.00619262789499,0.32,18.125,1808.95824628874,10.1971438430051
2022-08-16,2022-08-16 10:43:50.660809,10.199,8.96482712938594,0.32,18.344,1846.41534535933,10.2182730900533
2022-08-16,2022-08-16 10:58:50.660809,10.221,8.92566430182517,0.32,18.555,1877.70816039933,10.2321017726335
2022-08-16,2022-08-16 11:13:50.660809,10.226,8.87603781036297,0.31,18.84,1902.70265107475,10.2424971888438
2022-08-16,2022-08-16 11:28:50.660809,10.206,8.82086341773758,0.32,19.134,1921.29175514835,10.2414044826246
2022-08-16,2022-08-16 11:43:50.660809,10.179,8.76967209487586,0.32,19.411,1933.39584705456,10.2246032166878
2022-08-16,2022-08-16 11:58:50.660809,10.166,8.72159420546156,0.32,19.688,1938.96307899928,10.199962213358
2022-08-16,2022-08-16 12:13:50.660809,10.117,8.66679963630506,0.32,19.99,1937.96960304319,10.1671413148724
2022-08-16,2022-08-16 12:28:50.660809,10.101,8.60747325033588,0.33,20.291,1930.41967327383,10.120217243701
2022-08-16,2022-08-16 12:43:50.660809,10.047,8.55485322618605,0.33,20.601,1916.34562759214,10.0612029688273
2022-08-16,2022-08-16 12:58:50.660809,10.033,8.50790501823576,0.32,20.877,1895.80774921816,10.0025514603141
2022-08-16,2022-08-16 13:13:50.660809,9.957,8.46126121887096,0.32,21.154,1868.89400848127,9.9435042098674
2022-08-16,2022-08-16 13:28:50.660809,9.923,8.41455893860899,0.32,21.43,1835.71968601416,9.87800801075067
2022-08-16,2022-08-16 13:43:50.660809,9.856,8.37121744179175,0.32,21.697,1796.42687899999,9.80666750807521
2022-08-16,2022-08-16 13:58:50.660809,9.769,8.32407962744967,0.32,21.982,1751.1838925056,9.72947402417677
2022-08-16,2022-08-16 14:13:50.660809,9.676,8.28471986818389,0.32,22.216,1700.18451858442,9.64720867129658
2022-08-16,2022-08-16 14:28:50.660809,9.625,8.25311006861072,0.31,22.425,1643.64720620168,9.566121307404
2022-08-16,2022-08-16 14:43:50.660809,9.549,8.21529271580722,0.32,22.634,1581.81412552832,9.48106265969225
2022-08-16,2022-08-16 14:58:50.660809,9.455,8.18652665401103,0.32,22.81,1514.95013070833,9.38841536944797
2022-08-16,2022-08-16 15:13:50.660809,9.355,8.17602517905097,0.31,22.927,1443.34162527944,9.30000790214882
2022-08-16,2022-08-16 15:28:50.660809,9.252,8.14707535811865,0.31,23.086,1367.29533554529,9.21358227612041
2022-08-16,2022-08-16 15:43:50.660809,9.138,8.1393682585812,0.31,23.128,1287.13699660593,9.12478835593312
2022-08-16,2022-08-16 15:58:50.660809,9.085,8.12503516623557,0.31,23.221,1203.20995727534,9.03538963289643
2022-08-16,2022-08-16 16:13:50.660809,9.004,8.11811949909118,0.31,23.279,1115.87370924725,8.94478813412351
2022-08-16,2022-08-16 16:28:50.660809,8.907,8.10265116168965,0.31,23.355,1025.50234734164,8.8524852433991
2022-08-16,2022-08-16 16:43:50.660809,8.76,8.10247121655204,0.31,23.38,932.482967120397,8.75920186313768
2022-08-16,2022-08-16 16:58:50.660809,8.599,8.10645665792236,0.31,23.329,837.214006737583,8.66732463755752
2022-08-16,2022-08-16 17:13:50.660809,8.418,8.12035508134559,0.31,23.237,740.103540348253,8.57794653043392
2022-08-16,2022-08-16 17:28:50.660809,8.241,8.13265714237066,0.31,23.162,641.567530172574,8.49104593169923
2022-08-16,2022-08-16 17:43:50.660809,8.112,8.1468708632927,0.3,23.095,542.028044691156,8.40546877056818
2022-08-16,2022-08-16 17:58:50.660809,8.019,8.15810321743338,0.31,23.019,441.911450837414,8.3206305219281
2022-08-16,2022-08-16 18:13:50.660809,7.953,8.17240765282633,0.3,22.936,341.646587729421,8.23538979222238
2022-08-16,2022-08-16 18:28:50.660809,7.903,8.1863674207525,0.3,22.852,241.662929594421,8.14955598659768
2022-08-16,2022-08-16 18:43:50.660809,7.844,8.20448980057002,0.3,22.743,142.388746453763,8.06432263741542
2022-08-16,2022-08-16 18:58:50.660809,7.789,8.22403614565151,0.3,22.626,44.249269377188,7.98033191180324
2022-08-16,2022-08-16 19:13:50.660809,7.727,8.24114791136265,0.3,22.517,0,7.90385791555367
2022-08-16,2022-08-16 19:28:50.660809,7.681,8.26421222986984,0.3,22.383,0,7.84552910114972
2022-08-16,2022-08-16 19:43:50.660809,7.663,8.28061885585299,0.3,22.291,0,7.8061988568018
2022-08-16,2022-08-16 19:58:50.660809,7.639,8.30008039038966,0.3,22.182,0,7.78068976039365
2022-08-16,2022-08-16 20:13:50.660809,7.637,8.31707806691147,0.3,22.09,0,7.76562511621078
2022-08-16,2022-08-16 20:28:50.660809,7.629,8.33991240900884,0.29,21.965,0,7.75628904611758
2022-08-16,2022-08-16 20:43:50.660809,7.621,8.35056772430367,0.3,21.898,0,7.7530111232335
2022-08-16,2022-08-16 20:58:50.660809,7.635,8.36793389184891,0.29,21.798,0,7.75366015843505
2022-08-16,2022-08-16 21:13:50.660809,7.649,8.3875483756237,0.29,21.706,0,7.75581501566111
2022-08-16,2022-08-16 21:28:50.660809,7.654,8.40198407432039,0.29,21.597,0,7.7612160806922
2022-08-16,2022-08-16 21:43:50.660809,7.679,8.42246304511952,0.29,21.48,0,7.76911686339659
2022-08-16,2022-08-16 21:58:50.660809,7.704,8.44450031278606,0.29,21.354,0,7.77978607330272
2022-08-16,2022-08-16 22:13:50.660809,7.718,8.46069164980891,0.29,21.262,0,7.79207302774217
2022-08-16,2022-08-16 22:28:50.660809,7.724,8.47351171137984,0.29,21.187,0,7.80456891925648
2022-08-16,2022-08-16 22:43:50.660809,7.769,8.49571987255533,0.29,21.045,0,7.81784410917261
2022-08-16,2022-08-16 22:58:50.660809,7.785,8.51223293295646,0.29,20.961,0,7.83213434261129
2022-08-16,2022-08-16 23:13:50.660809,7.805,8.5333168133264,0.29,20.836,0,7.84708731339713
2022-08-16,2022-08-16 23:28:50.660809,7.831,8.55637568922459,0.29,20.71,0,7.86323718348857
2022-08-16,2022-08-16 23:43:50.660809,7.841,8.57541323061861,0.29,20.593,0,7.88006432728298
2022-08-16,2022-08-16 23:58:50.660809,7.864,8.59352883751382,0.29,20.492,0,7.89686592503215
2022-08-16,2022-08-17 00:13:50.660809,7.886,8.61282361715875,0.29,20.367,0,7.91366005662457
2022-08-16,2022-08-17 00:28:50.660809,7.914,8.63350138324673,0.29,20.258,0,7.93073273362709
2022-08-16,2022-08-17 00:43:50.660809,7.949,8.65792376795007,0.29,20.124,0,7.9485994642696
2022-08-16,2022-08-17 00:58:50.660809,7.989,8.6824282272893,0.29,19.998,0,7.96748229452563
2022-08-16,2022-08-17 01:13:50.660809,8.009,8.70191494431506,0.29,19.889,0,7.98660961581
2022-08-16,2022-08-17 01:28:50.660809,8.033,8.72423348966311,0.29,19.764,0,8.00566612881969
2022-08-16,2022-08-17 01:43:50.660809,8.049,8.75023414839919,0.28,19.655,0,8.02273418320536
2022-08-16,2022-08-17 01:58:50.660809,8.071,8.76564894177733,0.29,19.537,0,8.04017498000092
2022-08-16,2022-08-17 02:13:50.660809,8.095,8.78027168917036,0.29,19.428,0,8.05927038771446
2022-08-16,2022-08-17 02:28:50.660809,8.118,8.80636434725407,0.29,19.294,0,8.07814789777288
2022-08-16,2022-08-17 02:43:50.660809,8.128,8.82979361457473,0.28,19.193,0,8.09519672895219
2022-08-16,2022-08-17 02:58:50.660809,8.147,8.84566633513963,0.29,19.067,0,8.11236653152678
2022-08-16,2022-08-17 03:13:50.660809,8.21,8.87731108139616,0.29,18.908,0,8.13313817951038
2022-08-16,2022-08-17 03:28:50.660809,8.247,8.89739979729576,0.29,18.824,0,8.15456083272419
2022-08-16,2022-08-17 03:43:50.660809,8.262,8.92448438061333,0.28,18.689,0,8.1733090363715
2022-08-16,2022-08-17 03:58:50.660809,8.299,8.94749098202983,0.29,18.555,0,8.19291312227324
2022-08-17,2022-08-17 04:13:50.660809,8.326,8.9734614720932,0.28,18.42,0,8.326
2022-08-17,2022-08-17 04:28:50.660809,8.359,8.99316807949486,0.28,18.327,0,8.2846461399557
2022-08-17,2022-08-17 04:43:50.660809,8.389,9.01365123964598,0.29,18.209,0,8.2614261348443
2022-08-17,2022-08-17 04:58:50.660809,8.408,9.0332470587675,0.28,18.1,0,8.24828012751207
2022-08-17,2022-08-17 05:13:50.660809,8.41,9.05421990978539,0.28,18.024,65.5297974674343,8.25076347125983
2022-08-17,2022-08-17 05:28:50.660809,8.464,9.07288891034245,0.28,17.923,164.213247827721,8.2856330942693
2022-08-17,2022-08-17 05:43:50.660809,8.534,9.09048040180701,0.28,17.83,263.898595870955,8.35050600198987
2022-08-17,2022-08-17 05:58:50.660809,8.578,9.10458697075784,0.28,17.762,364.158847080281,8.4379287928585
2022-08-17,2022-08-17 06:13:50.660809,8.652,9.11425980865786,0.29,17.703,464.564544265731,8.5424441135668
2022-08-17,2022-08-17 06:28:50.660809,8.719,9.12255152287882,0.29,17.653,564.685607005856,8.6586780853324
2022-08-17,2022-08-17 06:43:50.660809,8.842,9.12657440109645,0.28,17.653,664.093174049614,8.78224355776503
2022-08-17,2022-08-17 06:58:50.660809,8.998,9.12701605359767,0.29,17.653,762.361440127606,8.90970989550432
2022-08-17,2022-08-17 07:13:50.660809,9.147,9.11883034917147,0.29,17.669,859.069479967431,9.03772225054647
2022-08-17,2022-08-17 07:28:50.660809,9.265,9.11376310657803,0.29,17.695,953.803051245868,9.16535956356507
2022-08-17,2022-08-17 07:43:50.660809,9.395,9.10416472297779,0.3,17.729,1046.15636907146,9.28917382905977
2022-08-17,2022-08-17 07:58:50.660809,9.503,9.0897084966292,0.29,17.813,1135.73384396413,9.41057575043128
2022-08-17,2022-08-17 08:13:50.660809,9.59,9.0745480248293,0.29,17.889,1222.15177651338,9.53093337346329
2022-08-17,2022-08-17 08:28:50.660809,9.688,9.05319511635001,0.29,17.999,1305.04000083522,9.64575842163586
2022-08-17,2022-08-17 08:43:50.660809,9.775,9.02779888314737,0.29,18.117,1384.04347018352,9.75366875808242
2022-08-17,2022-08-17 08:58:50.660809,9.847,8.99731170399142,0.3,18.26,1458.82377775664,9.84870115937172
2022-08-17,2022-08-17 09:13:50.660809,9.903,8.96299154162938,0.3,18.411,1529.06060630821,9.930757128838
2022-08-17,2022-08-17 09:28:50.660809,9.986,8.93915275452146,0.3,18.563,1594.45310013359,10.0065619850338
2022-08-17,2022-08-17 09:43:50.660809,10.048,8.90497639348372,0.31,18.714,1654.72115385004,10.0702515662997
2022-08-17,2022-08-17 09:58:50.660809,10.105,8.87892613657514,0.3,18.874,1709.60661214908,10.1282386684704
2022-08-17,2022-08-17 10:13:50.660809,10.168,8.84557634488535,0.31,19.025,1758.87437566328,10.1795405043221
2022-08-17,2022-08-17 10:28:50.660809,10.178,8.81169180863288,0.31,19.21,1802.31340795119,10.2168984452474
2022-08-17,2022-08-17 10:43:50.660809,10.227,8.77673448709251,0.31,19.386,1839.73763951331,10.2473571388118
2022-08-17,2022-08-17 10:58:50.660809,10.244,8.74124646725189,0.31,19.579,1870.98676481288,10.2703473467353
2022-08-17,2022-08-17 11:13:50.660809,10.25,8.7023597297257,0.32,19.78,1895.92692891528,10.2786273749859
2022-08-17,2022-08-17 11:28:50.660809,10.257,8.66442226887784,0.31,20.023,1914.45130091355,10.2796575560934
2022-08-17,2022-08-17 11:43:50.660809,10.241,8.61933357291974,0.32,20.266,1926.48053149442,10.271991121334
2022-08-17,2022-08-17 11:58:50.660809,10.227,8.57134069419668,0.32,20.551,1931.96309286736,10.2477669757975
2022-08-17,2022-08-17 12:13:50.660809,10.205,8.5180652557639,0.32,20.836,1930.8754994864,10.2143763684979
2022-08-17,2022-08-17 12:28:50.660809,10.174,8.46757053176425,0.32,21.128,1923.22240866239,10.1717755283206
2022-08-17,2022-08-17 12:43:50.660809,10.126,8.41513902547478,0.33,21.413,1909.03660062689,10.1143973096412
2022-08-17,2022-08-17 12:58:50.660809,10.1,8.37624782020555,0.32,21.672,1888.37883813342,10.0519194092945
2022-08-17,2022-08-17 13:13:50.660809,10.024,8.33074178252401,0.33,21.94,1861.33760619677,9.98501585471196
2022-08-17,2022-08-17 13:28:50.660809,9.969,8.29432186215942,0.32,22.191,1828.02873309528,9.91318988940573
2022-08-17,2022-08-17 13:43:50.660809,9.895,8.25082531375741,0.32,22.45,1788.59489421461,9.84210925600704
2022-08-17,2022-08-17 13:58:50.660809,9.844,8.21424286587813,0.32,22.693,1743.20500094026,9.76406776378089
2022-08-17,2022-08-17 14:13:50.660809,9.748,8.1763288996259,0.32,22.944,1692.05347715561,9.68008603683153
2022-08-17,2022-08-17 14:28:50.660809,9.643,8.14109143036405,0.31,23.17,1635.35942641061,9.59556312031909
2022-08-17,2022-08-17 14:43:50.660809,9.575,8.11302682752426,0.31,23.346,1573.36569345119,9.51055205750828
2022-08-17,2022-08-17 14:58:50.660809,9.493,8.0819960757146,0.31,23.547,1506.3378240265,9.4190610217774
2022-08-17,2022-08-17 15:13:50.660809,9.38,8.05429393031449,0.31,23.707,1434.56292741427,9.32161272229303
2022-08-17,2022-08-17 15:28:50.660809,9.292,8.03265987423408,0.31,23.849,1358.34844660855,9.22011441929867
2022-08-17,2022-08-17 15:43:50.660809,9.191,8.01548582670807,0.31,23.967,1278.02084147202,9.1161206935065
2022-08-17,2022-08-17 15:58:50.660809,9.054,7.99844695677007,0.31,24.067,1193.92419031382,9.01002697716792
2022-08-17,2022-08-17 16:13:50.660809,8.942,7.99346920053353,0.31,24.093,1106.41871607522,8.90340595838688
2022-08-17,2022-08-17 16:28:50.660809,8.75,7.99181485719272,0.31,24.118,1015.87924331474,8.79784466039904
2022-08-17,2022-08-17 16:43:50.660809,8.647,7.9909776781925,0.31,24.118,922.693592745005,8.69284139995082
2022-08-17,2022-08-17 16:58:50.660809,8.488,8.00040896665294,0.3,24.059,827.260919958845,8.59046502994121
2022-08-17,2022-08-17 17:13:50.660809,8.337,8.01178350458124,0.3,23.983,729.990005718324,8.49064836020004
2022-08-17,2022-08-17 17:28:50.660809,8.174,8.02414878024123,0.3,23.9,631.297504864257,8.39076196643131
2022-08-17,2022-08-17 17:43:50.660809,8.092,8.04367729363148,0.3,23.79,531.606161752929,8.29147897518865
2022-08-17,2022-08-17 17:58:50.660809,7.936,8.05175921958446,0.3,23.74,431.342999350949,8.19164511100627
2022-08-17,2022-08-17 18:13:50.660809,7.846,8.06738643353586,0.3,23.64,330.937490156343,8.09061813456366
2022-08-17,2022-08-17 18:28:50.660809,7.759,8.08446300559623,0.29,23.547,230.819716494203,7.98793990462802
2022-08-17,2022-08-17 18:43:50.660809,7.687,8.10457524502006,0.29,23.422,131.418528358607,7.88412289120387
2022-08-17,2022-08-17 18:58:50.660809,7.607,8.12441602493409,0.29,23.321,33.159706425839,7.78138938104381
2022-08-17,2022-08-17 19:13:50.660809,7.569,8.14408536098996,0.29,23.187,0,7.69013432073844
2022-08-17,2022-08-17 19:28:50.660809,7.534,8.15861228214311,0.29,23.086,0,7.62259869392807
2022-08-17,2022-08-17 19:43:50.660809,7.495,8.1793578721899,0.29,22.969,0,7.57784963679955
2022-08-17,2022-08-17 19:58:50.660809,7.471,8.20050422517488,0.28,22.86,0,7.54704178153328
2022-08-17,2022-08-17 20:13:50.660809,7.473,8.20771726061181,0.29,22.785,0,7.52803613550011
2022-08-17,2022-08-17 20:28:50.660809,7.455,8.22188762030619,0.29,22.71,0,7.52018141889151
2022-08-17,2022-08-17 20:43:50.660809,7.444,8.23750615163819,0.28,22.618,0,7.51463571083804
2022-08-17,2022-08-17 20:58:50.660809,7.434,8.24438155008544,0.29,22.551,0,7.51324836246708
2022-08-17,2022-08-17 21:13:50.660809,7.423,8.26014784747625,0.29,22.459,0,7.51835898918989
2022-08-17,2022-08-17 21:28:50.660809,7.441,8.27530096513784,0.29,22.358,0,7.52578960300053
2022-08-17,2022-08-17 21:43:50.660809,7.42,8.2886212865651,0.28,22.283,0,7.53116521855982
2022-08-17,2022-08-17 21:58:50.660809,7.44,8.30387622906821,0.28,22.191,0,7.53506108432587
2022-08-17,2022-08-17 22:13:50.660809,7.463,8.32557701186212,0.29,22.057,0,7.54575087111144
2022-08-17,2022-08-17 22:28:50.660809,7.493,8.34782377180283,0.28,21.931,0,7.55879768429689
2022-08-17,2022-08-17 22:43:50.660809,7.501,8.36081130935361,0.28,21.848,0,7.56907330768375
2022-08-17,2022-08-17 22:58:50.660809,7.506,8.38207077879554,0.28,21.731,0,7.5806559209536
2022-08-17,2022-08-17 23:13:50.660809,7.504,8.39327908857877,0.28,21.655,0,7.59297899000313
2022-08-17,2022-08-17 23:28:50.660809,7.529,8.4093399341367,0.28,21.563,0,7.60521845505937
2022-08-17,2022-08-17 23:43:50.660809,7.575,8.42561228897307,0.29,21.463,0,7.62146716776972
2022-08-17,2022-08-17 23:58:50.660809,7.612,8.44133818053255,0.28,21.379,0,7.63717929591459
2022-08-17,2022-08-18 00:13:50.660809,7.655,8.46434458686456,0.28,21.237,0,7.64980071895757
2022-08-17,2022-08-18 00:28:50.660809,7.671,8.48317897532581,0.28,21.112,0,7.66390542311461
2022-08-17,2022-08-18 00:43:50.660809,7.698,8.50397031005936,0.28,21.003,0,7.67889097873987
2022-08-17,2022-08-18 00:58:50.660809,7.723,8.52412152653455,0.28,20.877,0,7.69469003694584
2022-08-17,2022-08-18 01:13:50.660809,7.752,8.54715598519819,0.28,20.752,0,7.71133285928615
2022-08-17,2022-08-18 01:28:50.660809,7.776,8.56398137525775,0.28,20.635,0,7.72818881491073
2022-08-17,2022-08-18 01:43:50.660809,7.788,8.58518846171613,0.28,20.518,0,7.74498217548548
2022-08-17,2022-08-18 01:58:50.660809,7.792,8.59664464534632,0.28,20.442,0,7.76114629772112
2022-08-17,2022-08-18 02:13:50.660809,7.864,8.62658537048501,0.28,20.283,0,7.77784883126361
2022-08-17,2022-08-18 02:28:50.660809,7.879,8.63896045679146,0.29,20.199,0,7.79853028411245
2022-08-17,2022-08-18 02:43:50.660809,7.895,8.66000624243826,0.28,20.074,0,7.81763806158849
2022-08-17,2022-08-18 02:58:50.660809,7.923,8.68015087711983,0.28,19.973,0,7.83304283271141
2022-08-17,2022-08-18 03:13:50.660809,7.953,8.69858263323386,0.28,19.856,0,7.84885534481386
2022-08-17,2022-08-18 03:28:50.660809,7.98,8.71760429033321,0.27,19.78,0,7.86114911381064
2022-08-17,2022-08-18 03:43:50.660809,7.988,8.72957108509826,0.27,19.68,0,7.87003808896389
2022-08-17,2022-08-18 03:58:50.660809,8.013,8.74778175409147,0.27,19.579,0,7.87995115371616
2022-08-18,2022-08-18 04:13:50.660809,8.022,8.76524205684517,0.27,19.504,0,8.022
2022-08-18,2022-08-18 04:28:50.660809,8.033,8.78179758789569,0.27,19.386,0,8.01740138726247
2022-08-18,2022-08-18 04:43:50.660809,8.054,8.7965274662556,0.27,19.328,0,8.01743121392303
2022-08-18,2022-08-18 04:58:50.660809,8.1,8.80580842364347,0.28,19.252,0,8.02354790059056
2022-08-18,2022-08-18 05:13:50.660809,8.113,8.8185288416367,0.28,19.185,57.1825679928763,8.04297958503762
2022-08-18,2022-08-18 05:28:50.660809,8.161,8.83724002551032,0.27,19.101,156.021396004262,8.08321589461223
2022-08-18,2022-08-18 05:43:50.660809,8.194,8.84543073439773,0.28,19.042,255.857327869837,8.14783301498013
2022-08-18,2022-08-18 05:58:50.660809,8.239,8.86109979767315,0.27,18.966,356.262718509238,8.23190302556196
2022-08-18,2022-08-18 06:13:50.660809,8.29,8.87164375782066,0.28,18.891,456.807483459668,8.32988231503797
2022-08-18,2022-08-18 06:28:50.660809,8.369,8.88207550179948,0.27,18.866,557.060941135441,8.43899457865252
2022-08-18,2022-08-18 06:43:50.660809,8.478,8.8850384575726,0.27,18.849,656.593657562896,8.55477052364506
2022-08-18,2022-08-18 06:58:50.660809,8.661,8.88875377127419,0.28,18.815,754.9792859616,8.67424717075232
2022-08-18,2022-08-18 07:13:50.660809,8.885,8.88509476250859,0.27,18.849,851.796392863356,8.79627894085034
2022-08-18,2022-08-18 07:28:50.660809,9.081,8.86556106248404,0.28,18.916,946.630263499934,8.91568544588277
2022-08-18,2022-08-18 07:43:50.660809,9.071,8.85372770161578,0.28,18.992,1039.07467804949,9.02978107565773
2022-08-18,2022-08-18 07:58:50.660809,9.104,8.84944819868279,0.29,19,1128.73365175662,9.13948530802688
2022-08-18,2022-08-18 08:13:50.660809,9.055,8.85327192167787,0.29,18.966,1215.22313120129,9.24645605315314
2022-08-18,2022-08-18 08:28:50.660809,9.218,8.85656275781988,0.29,18.975,1298.17263924783,9.3537395289778
2022-08-18,2022-08-18 08:43:50.660809,9.612,8.82326225085981,0.29,19.134,1377.2268620619,9.45519849332691
2022-08-18,2022-08-18 08:58:50.660809,9.764,8.79048241896552,0.3,19.286,1452.04717113872,9.54178647807286
2022-08-18,2022-08-18 09:13:50.660809,9.82,8.74391557968565,0.3,19.537,1522.31307375602,9.6133591272153
2022-08-18,2022-08-18 09:28:50.660809,9.846,8.72521808612739,0.3,19.638,1587.723585832,9.6779539253847
2022-08-18,2022-08-18 09:43:50.660809,9.983,8.6820479592559,0.31,19.847,1647.99852119621,9.73111233311446
2022-08-18,2022-08-18 09:58:50.660809,10.051,8.63725711062095,0.31,20.09,1702.87969176044,9.76998192730921
2022-08-18,2022-08-18 10:13:50.660809,9.983,8.60750264800059,0.31,20.258,1752.13201350648,9.80296214993079
2022-08-18,2022-08-18 10:28:50.660809,10.02,8.57722309462091,0.32,20.409,1795.54451347037,9.82656262946621
2022-08-18,2022-08-18 10:43:50.660809,10.067,8.54641714319168,0.32,20.551,1832.93123342768,9.84117732853755
2022-08-18,2022-08-18 10:58:50.660809,10.095,8.50972145926452,0.32,20.777,1864.13202646364,9.85135556104561
2022-08-18,2022-08-18 11:13:50.660809,10.12,8.47487866801473,0.32,20.978,1889.01324299335,9.85565197379103
2022-08-18,2022-08-18 11:28:50.660809,9.915,8.45948098934275,0.32,21.095,1907.46830325252,9.85695176061088
2022-08-18,2022-08-18 11:43:50.660809,9.931,8.4376711620955,0.31,21.237,1919.41815382607,9.8620282969355
2022-08-18,2022-08-18 11:58:50.660809,9.939,8.43883443251497,0.31,21.246,1924.81160631561,9.8707413444728
2022-08-18,2022-08-18 12:13:50.660809,9.941,8.40859650304634,0.32,21.388,1923.62555658992,9.86742018312491
2022-08-18,2022-08-18 12:28:50.660809,9.934,8.37955816597233,0.32,21.572,1915.86508378177,9.84862536219219
2022-08-18,2022-08-18 12:43:50.660809,10.003,8.32245593333637,0.32,21.881,1901.56342853863,9.81816581826466
2022-08-18,2022-08-18 12:58:50.660809,9.834,8.29637721465887,0.32,22.057,1880.78185064913,9.77772343479309
2022-08-18,2022-08-18 13:13:50.660809,9.781,8.2587228520129,0.32,22.291,1853.60936665029,9.73105990366434
2022-08-18,2022-08-18 13:28:50.660809,9.717,8.22130113257658,0.32,22.5,1820.16236852888,9.67646723605232
2022-08-18,2022-08-18 13:43:50.660809,9.641,8.19372844033071,0.32,22.659,1780.5841252172,9.61608708529873
2022-08-18,2022-08-18 13:58:50.660809,9.542,8.17492589594464,0.31,22.81,1735.04416881703,9.5576723166224
2022-08-18,2022-08-18 14:13:50.660809,9.455,8.15879235093429,0.32,22.894,1683.73756853207,9.49597077615063
2022-08-18,2022-08-18 14:28:50.660809,9.37,8.1442725097689,0.32,22.978,1626.88409501234,9.42619718476596
2022-08-18,2022-08-18 14:43:50.660809,9.288,8.12781164465945,0.31,23.112,1564.72727902442,9.35819937303634
2022-08-18,2022-08-18 14:58:50.660809,9.123,8.12910646972821,0.31,23.112,1497.5333683065,9.29230627398397
2022-08-18,2022-08-18 15:13:50.660809,9.054,8.12744714974228,0.31,23.137,1425.59018705172,9.22445864356871
2022-08-18,2022-08-18 15:28:50.660809,8.971,8.12097091174308,0.31,23.153,1349.20590309553,9.15279551553586
2022-08-18,2022-08-18 15:43:50.660809,8.789,8.12751702264562,0.3,23.162,1268.70770783201,9.08151215665505
2022-08-18,2022-08-18 15:58:50.660809,8.71,8.12759481796557,0.3,23.137,1184.44041469183,9.01001440497874
2022-08-18,2022-08-18 16:13:50.660809,8.659,8.12253319034466,0.3,23.162,1096.76498220796,8.93213864202071
2022-08-18,2022-08-18 16:28:50.660809,8.545,8.12473107402501,0.3,23.153,1006.05696776592,8.84890563342421
2022-08-18,2022-08-18 16:43:50.660809,8.48,8.12873450120356,0.3,23.128,912.704919026898,8.76227660431836
2022-08-18,2022-08-18 16:58:50.660809,8.408,8.13528788833871,0.29,23.103,817.108709418254,8.67420735976745
2022-08-18,2022-08-18 17:13:50.660809,8.334,8.13121159986108,0.3,23.103,719.677825448988,8.5821883775522
2022-08-18,2022-08-18 17:28:50.660809,8.27,8.13618627119518,0.3,23.078,620.829612577901,8.4854247309031
2022-08-18,2022-08-18 17:43:50.660809,8.189,8.1389594771424,0.29,23.061,520.987487566437,8.3865898226907
2022-08-18,2022-08-18 17:58:50.660809,8.107,8.14683028915176,0.29,22.994,420.579124666732,8.2858890171895
2022-08-18,2022-08-18 18:13:50.660809,8.015,8.15277692706847,0.29,22.961,320.034623835074,8.18394048769293
2022-08-18,2022-08-18 18:28:50.660809,7.935,8.16054894091326,0.29,22.911,219.784668318484,8.08101301401619
2022-08-18,2022-08-18 18:43:50.660809,7.886,8.17885687571111,0.29,22.81,120.258679763672,7.9790853948926
2022-08-18,2022-08-18 18:58:50.660809,7.816,8.18833921084582,0.3,22.735,21.8829788672395,7.88112565595497
2022-08-18,2022-08-18 19:13:50.660809,7.78,8.20794997264922,0.29,22.634,0,7.79496355284972
2022-08-18,2022-08-18 19:28:50.660809,7.729,8.22115244744122,0.29,22.542,0,7.72979483583823
2022-08-18,2022-08-18 19:43:50.660809,7.695,8.23419402520359,0.29,22.459,0,7.68521408724665
2022-08-18,2022-08-18 19:58:50.660809,7.66,8.24924628402681,0.29,22.367,0,7.65591978620533
2022-08-18,2022-08-18 20:13:50.660809,7.656,8.26118699754969,0.29,22.3,0,7.63768916014228
2022-08-18,2022-08-18 20:28:50.660809,7.628,8.2789483383256,0.29,22.191,0,7.62787504559896
2022-08-18,2022-08-18 20:43:50.660809,7.62,8.28965967388356,0.29,22.124,0,7.62406381890719
2022-08-18,2022-08-18 20:58:50.660809,7.607,8.30358398138097,0.29,22.04,0,7.62419275697966
2022-08-18,2022-08-18 21:13:50.660809,7.607,8.31867943114764,0.29,21.94,0,7.62771685337945
2022-08-18,2022-08-18 21:28:50.660809,7.612,8.3336696510949,0.28,21.865,0,7.63072160491194
2022-08-18,2022-08-18 21:43:50.660809,7.621,8.34479962555975,0.29,21.773,0,7.6359973249622
2022-08-18,2022-08-18 21:58:50.660809,7.638,8.36473381447127,0.28,21.664,0,7.64350893326107
2022-08-18,2022-08-18 22:13:50.660809,7.635,8.36929728582929,0.29,21.605,0,7.65188187406354
2022-08-18,2022-08-18 22:28:50.660809,7.646,8.38320758513713,0.28,21.53,0,7.66017512005438
2022-08-18,2022-08-18 22:43:50.660809,7.665,8.40130397405092,0.28,21.43,0,7.6669061111376
2022-08-18,2022-08-18 22:58:50.660809,7.681,8.4143963981249,0.28,21.354,0,7.67553887870216
2022-08-18,2022-08-18 23:13:50.660809,7.691,8.42691981172265,0.28,21.287,0,7.68492403727512
2022-08-18,2022-08-18 23:28:50.660809,7.712,8.44011225304681,0.28,21.204,0,7.69485963935384
2022-08-18,2022-08-18 23:43:50.660809,7.714,8.45538952855713,0.28,21.12,0,7.70551675221276
2022-08-18,2022-08-18 23:58:50.660809,7.735,8.46586693736196,0.28,21.028,0,7.71633413430486
2022-08-18,2022-08-19 00:13:50.660809,7.733,8.47812217906507,0.28,20.953,0,7.72689917910647
2022-08-18,2022-08-19 00:28:50.660809,7.735,8.48271362725876,0.28,20.911,0,7.73663733759026
2022-08-18,2022-08-19 00:43:50.660809,7.754,8.50046173796045,0.28,20.836,0,7.74646732790029
2022-08-18,2022-08-19 00:58:50.660809,7.775,8.50773595134632,0.28,20.76,0,7.7566314922671
2022-08-18,2022-08-19 01:13:50.660809,7.798,8.51886693537899,0.28,20.71,0,7.76625101538438
2022-08-18,2022-08-19 01:28:50.660809,7.815,8.53110631923854,0.28,20.635,0,7.77610459125258
2022-08-18,2022-08-19 01:43:50.660809,7.827,8.53652048899748,0.28,20.601,0,7.78543832729491
2022-08-18,2022-08-19 01:58:50.660809,7.839,8.54872481673542,0.27,20.526,0,7.79096272932865
2022-08-18,2022-08-19 02:13:50.660809,7.836,8.55335521503051,0.28,20.476,0,7.79693068845435
2022-08-18,2022-08-19 02:28:50.660809,7.862,8.56668451471865,0.28,20.409,0,7.80680666557199
2022-08-18,2022-08-19 02:43:50.660809,7.864,8.57989078413214,0.28,20.325,0,7.81718720490785
2022-08-18,2022-08-19 02:58:50.660809,7.876,8.59758470561007,0.28,20.233,0,7.82843533345773
2022-08-18,2022-08-19 03:13:50.660809,7.896,8.61105498204342,0.27,20.174,0,7.83700010733043
2022-08-18,2022-08-19 03:28:50.660809,7.913,8.61165683126747,0.28,20.149,0,7.84497575462872
2022-08-18,2022-08-19 03:43:50.660809,7.934,8.6162857460149,0.28,20.09,0,7.85481462253866
2022-08-18,2022-08-19 03:58:50.660809,7.964,8.63326811357525,0.28,19.982,0,7.86449741896388
2022-08-19,2022-08-19 04:13:50.660809,7.965,8.64900012884317,0.28,19.906,0,7.965
2022-08-19,2022-08-19 04:28:50.660809,7.963,8.65302430795595,0.28,19.889,0,7.98498239371116
2022-08-19,2022-08-19 04:43:50.660809,7.976,8.66293509809106,0.28,19.806,0,8.00362927495622
2022-08-19,2022-08-19 04:58:50.660809,7.976,8.67305650057628,0.27,19.772,0,8.02049547327694
2022-08-19,2022-08-19 05:13:50.660809,7.994,8.68753090389834,0.27,19.713,48.7794630513786,8.03795954602025
2022-08-19,2022-08-19 05:28:50.660809,8.034,8.6948557195886,0.27,19.663,147.772713068969,8.06066702891054
2022-08-19,2022-08-19 05:43:50.660809,8.126,8.70646750433918,0.27,19.613,247.757976327599,8.09005124580259
2022-08-19,2022-08-19 05:58:50.660809,8.189,8.71254289276853,0.27,19.571,348.306962690628,8.12548506170859
2022-08-19,2022-08-19 06:13:50.660809,8.277,8.71135839007056,0.27,19.562,448.988967180879,8.16583698980982
2022-08-19,2022-08-19 06:28:50.660809,8.381,8.70759812391115,0.27,19.588,549.372714839909,8.21020492857796
2022-08-19,2022-08-19 06:43:50.660809,8.542,8.7054601650733,0.28,19.588,649.028208188536,8.2580438916706
2022-08-19,2022-08-19 06:58:50.660809,8.706,8.69456629669846,0.28,19.646,747.528569112787,8.30847139380399
2022-08-19,2022-08-19 07:13:50.660809,8.71,8.68945339471292,0.28,19.68,844.45186741203,8.36093442395053
2022-08-19,2022-08-19 07:28:50.660809,8.686,8.68890064058128,0.28,19.688,939.382928155275,8.41556447241228
2022-08-19,2022-08-19 07:43:50.660809,8.862,8.68482322809729,0.28,19.705,1031.91511012773,8.47202047623093
2022-08-19,2022-08-19 07:58:50.660809,9.025,8.68517416458536,0.28,19.705,1121.65204759918,8.52996417449547
2022-08-19,2022-08-19 08:13:50.660809,9.233,8.66287580927838,0.28,19.814,1208.20934830237,8.58814894376343
2022-08-19,2022-08-19 08:28:50.660809,9.393,8.6352854592663,0.28,19.956,1291.21623999006,8.64493472518354
2022-08-19,2022-08-19 08:43:50.660809,9.448,8.61643852537397,0.29,20.057,1370.31715852649,8.69925052038196
2022-08-19,2022-08-19 08:58:50.660809,9.412,8.60604715500556,0.28,20.141,1445.17327112318,8.75285380490683
2022-08-19,2022-08-19 09:13:50.660809,9.533,8.5849062570789,0.29,20.241,1515.46392766282,8.80513292826875
2022-08-19,2022-08-19 09:28:50.660809,9.721,8.57258451643775,0.29,20.308,1580.88803423154,8.85460765527147
2022-08-19,2022-08-19 09:43:50.660809,9.918,8.54573643323844,0.29,20.467,1641.16534291387,8.90198045173374
2022-08-19,2022-08-19 09:58:50.660809,10.081,8.49940179745373,0.29,20.744,1696.03765224994,8.94525462021542
2022-08-19,2022-08-19 10:13:50.660809,10.08,8.45456823884826,0.29,20.978,1745.26991323012,8.98341397833229
2022-08-19,2022-08-19 10:28:50.660809,10.006,8.43309696491429,0.29,21.12,1788.65123614612,9.01775818928515
2022-08-19,2022-08-19 10:43:50.660809,9.961,8.40709937885233,0.29,21.262,1825.99579402709,9.04915753151322
2022-08-19,2022-08-19 10:58:50.660809,10.093,8.37301782365218,0.3,21.455,1857.14361856582,9.07515911095011
2022-08-19,2022-08-19 11:13:50.660809,10.186,8.36321313454226,0.29,21.53,1881.96128541518,9.09824083425337
2022-08-19,2022-08-19 11:28:50.660809,10.153,8.34160864240918,0.29,21.672,1900.34248569262,9.12042931114998
2022-08-19,2022-08-19 11:43:50.660809,10.064,8.32220406382971,0.29,21.798,1912.20848141131,9.13920373124943
2022-08-19,2022-08-19 11:58:50.660809,9.92,8.3349424067814,0.29,21.731,1917.5084427429,9.15633804322749
2022-08-19,2022-08-19 12:13:50.660809,9.724,8.34290081652302,0.29,21.672,1916.2196657659,9.1730649491544
2022-08-19,2022-08-19 12:28:50.660809,9.593,8.35362294152212,0.28,21.622,1908.34766974023,9.19057215923989
2022-08-19,2022-08-19 12:43:50.660809,9.454,8.35082721274826,0.28,21.647,1893.92617346594,9.20764543491626
2022-08-19,2022-08-19 12:58:50.660809,9.231,8.34011410897426,0.28,21.706,1873.01695088549,9.2208639336739
2022-08-19,2022-08-19 13:13:50.660809,9.048,8.31919917958364,0.29,21.823,1845.70956643788,9.2274256365612
2022-08-19,2022-08-19 13:28:50.660809,8.91,8.30360290893906,0.28,21.931,1812.12099147414,9.22887354016001
2022-08-19,2022-08-19 13:43:50.660809,8.818,8.29332679988686,0.29,21.99,1772.39510316714,9.2259346063028
2022-08-19,2022-08-19 13:58:50.660809,8.816,8.29961911864071,0.28,21.973,1726.70206825915,9.21973224453934
2022-08-19,2022-08-19 14:13:50.660809,8.81,8.29981413135456,0.28,21.973,1675.23761411283,9.21231329347806
2022-08-19,2022-08-19 14:28:50.660809,8.797,8.29374433960681,0.28,21.998,1618.22219036313,9.20111446969554
2022-08-19,2022-08-19 14:43:50.660809,8.775,8.27751889998546,0.28,22.09,1555.90002456585,9.18516423529623
2022-08-19,2022-08-19 14:58:50.660809,8.622,8.27581784128979,0.28,22.107,1488.53807610658,9.16477586682583
2022-08-19,2022-08-19 15:13:50.660809,8.495,8.27056265766835,0.28,22.141,1416.4248926297,9.14064370396704
2022-08-19,2022-08-19 15:28:50.660809,8.42,8.27582324754521,0.28,22.099,1339.86937405263,9.11320845987832
2022-08-19,2022-08-19 15:43:50.660809,8.338,8.27748602622566,0.29,22.099,1259.19944936272,9.08197311374431
2022-08-19,2022-08-19 15:58:50.660809,8.372,8.28299849373184,0.28,22.074,1174.76067201074,9.04789778956587
2022-08-19,2022-08-19 16:13:50.660809,8.326,8.28820323260355,0.28,22.032,1086.91473956781,9.01209664741005
2022-08-19,2022-08-19 16:28:50.660809,8.393,8.28657958114096,0.28,22.015,996.037944558891,8.9732326735387
2022-08-19,2022-08-19 16:43:50.660809,8.474,8.27968769663576,0.28,22.04,902.519562413896,8.93072339949632
2022-08-19,2022-08-19 16:58:50.660809,8.449,8.2861776362992,0.28,21.998,806.760184179183,8.88517772318098
2022-08-19,2022-08-19 17:13:50.660809,8.412,8.28815165012837,0.28,21.99,709.170000397879,8.83721928179808
2022-08-19,2022-08-19 17:28:50.660809,8.385,8.29399711503829,0.28,21.957,610.167044134576,8.78692015527789
2022-08-19,2022-08-19 17:43:50.660809,8.334,8.29678057584837,0.28,21.923,510.17540028632,8.73447550554837
2022-08-19,2022-08-19 17:58:50.660809,8.284,8.30724828257079,0.28,21.865,409.623389017578,8.68027814537091
2022-08-19,2022-08-19 18:13:50.660809,8.196,8.30974060234814,0.29,21.839,308.941730945573,8.62483169835004
2022-08-19,2022-08-19 18:28:50.660809,8.175,8.32490285609889,0.28,21.789,208.561702230716,8.56810555819455
2022-08-19,2022-08-19 18:43:50.660809,8.14,8.33268124197377,0.28,21.731,108.913287069931,8.51015034288166
2022-08-19,2022-08-19 18:58:50.660809,8.088,8.33967483701124,0.28,21.672,10.4233359392685,8.45111785811559
2022-08-19,2022-08-19 19:13:50.660809,7.999,8.35424560534499,0.28,21.605,0,8.39490051940874
2022-08-19,2022-08-19 19:28:50.660809,7.97,8.36737631769398,0.28,21.522,0,8.34532406444363
2022-08-19,2022-08-19 19:43:50.660809,7.914,8.38364137911799,0.28,21.446,0,8.30218830064437
2022-08-19,2022-08-19 19:58:50.660809,7.907,8.39621831181023,0.28,21.388,0,8.26480179859804
2022-08-19,2022-08-19 20:13:50.660809,7.883,8.39868987243693,0.28,21.346,0,8.23188995387712
2022-08-19,2022-08-19 20:28:50.660809,7.863,8.41186618641812,0.28,21.271,0,8.20302010377968
2022-08-19,2022-08-19 20:43:50.660809,7.846,8.42195435844362,0.28,21.22,0,8.17815738572946
2022-08-19,2022-08-19 20:58:50.660809,7.814,8.43250680136031,0.28,21.17,0,8.1567680886597
2022-08-19,2022-08-19 21:13:50.660809,7.817,8.4394238410713,0.28,21.12,0,8.13834167678357
2022-08-19,2022-08-19 21:28:50.660809,7.824,8.4537394557623,0.28,21.053,0,8.12275676159091
2022-08-19,2022-08-19 21:43:50.660809,7.822,8.46277760619237,0.28,21.011,0,8.10983342308559
2022-08-19,2022-08-19 21:58:50.660809,7.823,8.47159962642289,0.28,20.961,0,8.09903614728534
2022-08-19,2022-08-19 22:13:50.660809,7.83,8.47671844371993,0.28,20.919,0,8.08995643398631
2022-08-19,2022-08-19 22:28:50.660809,7.837,8.48656851446294,0.28,20.861,0,8.08246732758673
2022-08-19,2022-08-19 22:43:50.660809,7.832,8.49980116329922,0.28,20.794,0,8.07679607932343
2022-08-19,2022-08-19 22:58:50.660809,7.86,8.51200189801137,0.28,20.718,0,8.07286479831135
2022-08-19,2022-08-19 23:13:50.660809,7.885,8.52763440201042,0.28,20.643,0,8.07060998346247
2022-08-19,2022-08-19 23:28:50.660809,7.896,8.53626296059167,0.28,20.584,0,8.06969562670751
2022-08-19,2022-08-19 23:43:50.660809,7.909,8.54596842436831,0.27,20.526,0,8.06884890589154
2022-08-19,2022-08-19 23:58:50.660809,7.904,8.55812165838981,0.27,20.467,0,8.06823289716506
2022-08-19,2022-08-20 00:13:50.660809,7.927,8.57222371062178,0.28,20.375,0,8.06972798156207
2022-08-19,2022-08-20 00:28:50.660809,7.947,8.58503313729025,0.27,20.308,0,8.07229538378535
2022-08-19,2022-08-20 00:43:50.660809,7.98,8.59675770900295,0.28,20.216,0,8.07571033804042
2022-08-19,2022-08-20 00:58:50.660809,7.998,8.60982485386937,0.28,20.149,0,8.08075579979412
2022-08-19,2022-08-20 01:13:50.660809,8.013,8.62187016273772,0.28,20.09,0,8.08645095058269
2022-08-19,2022-08-20 01:28:50.660809,8.019,8.63193284401914,0.28,20.032,0,8.09259092937248
2022-08-19,2022-08-20 01:43:50.660809,8.043,8.64847161694949,0.28,19.931,0,8.09932083468415
2022-08-19,2022-08-20 01:58:50.660809,8.061,8.66161008002985,0.27,19.873,0,8.10587407593843
2022-08-19,2022-08-20 02:13:50.660809,8.061,8.67419018762196,0.27,19.806,0,8.11209623113649
2022-08-19,2022-08-20 02:28:50.660809,8.059,8.68143424110182,0.27,19.755,0,8.11859504454239
2022-08-19,2022-08-20 02:43:50.660809,8.077,8.69737160306397,0.27,19.68,0,8.125498320172
2022-08-19,2022-08-20 02:58:50.660809,8.102,8.71051016438714,0.27,19.613,0,8.1330382981679
2022-08-19,2022-08-20 03:13:50.660809,8.137,8.72264541797956,0.28,19.537,0,8.14182535432904
2022-08-19,2022-08-20 03:28:50.660809,8.145,8.72779248900647,0.28,19.504,0,8.15138019255419
2022-08-19,2022-08-20 03:43:50.660809,8.155,8.73655863382484,0.28,19.445,0,8.16062319381339
2022-08-19,2022-08-20 03:58:50.660809,8.175,8.75244819750731,0.27,19.378,0,8.16921693369807
2022-08-20,2022-08-20 04:13:50.660809,8.174,8.75327851436818,0.28,19.353,0,8.174
2022-08-20,2022-08-20 04:28:50.660809,8.177,8.76364119694175,0.27,19.311,0,8.1207337776734
2022-08-20,2022-08-20 04:43:50.660809,8.192,8.78076897432873,0.27,19.235,0,8.08056713570385
2022-08-20,2022-08-20 04:58:50.660809,8.206,8.78478143866658,0.27,19.185,0,8.05298958752221
2022-08-20,2022-08-20 05:13:50.660809,8.216,8.7971075249641,0.28,19.118,40.3226642129141,8.04473471936563
2022-08-20,2022-08-20 05:28:50.660809,8.244,8.81144229111949,0.27,19.067,139.469191530775,8.06632088198575
2022-08-20,2022-08-20 05:43:50.660809,8.278,8.81501975845237,0.28,19.025,239.602347561301,8.11848515836472
2022-08-20,2022-08-20 05:58:50.660809,8.325,8.81955098544124,0.28,19,340.293203373042,8.19540254072799
2022-08-20,2022-08-20 06:13:50.660809,8.389,8.8312767672203,0.27,18.958,441.110440916037,8.28833061704039
2022-08-20,2022-08-20 06:28:50.660809,8.451,8.8301061549552,0.28,18.958,541.622200635111,8.39343678439243
2022-08-20,2022-08-20 06:43:50.660809,8.546,8.82930139231433,0.27,18.966,641.397931352588,8.50725339865072
2022-08-20,2022-08-20 06:58:50.660809,8.659,8.83064037110299,0.27,18.966,740.010234652655,8.62731307414619
2022-08-20,2022-08-20 07:13:50.660809,8.773,8.81919124224456,0.27,19.025,837.036695603493,8.75046710679345
2022-08-20,2022-08-20 07:28:50.660809,8.889,8.81670482206722,0.28,19.034,932.061692213252,8.87257773860243
2022-08-20,2022-08-20 07:43:50.660809,8.985,8.80603272641667,0.28,19.092,1024.67817586397,8.99256531325586
2022-08-20,2022-08-20 07:58:50.660809,9.094,8.79485161282877,0.27,19.168,1114.48941484511,9.11386063250458
2022-08-20,2022-08-20 08:13:50.660809,9.214,8.78044810364116,0.27,19.252,1201.11069387112,9.23504313487071
2022-08-20,2022-08-20 08:28:50.660809,9.332,8.75918841917516,0.28,19.336,1284.17096204579,9.34628731132026
2022-08-20,2022-08-20 08:43:50.660809,9.473,8.73935568878204,0.28,19.453,1363.3144222331,9.44739329248139
2022-08-20,2022-08-20 08:58:50.660809,9.561,8.71270348758227,0.28,19.604,1438.20205522364,9.54244848958783
2022-08-20,2022-08-20 09:13:50.660809,9.626,8.69573681973116,0.28,19.688,1508.51307193884,9.63177137001672
2022-08-20,2022-08-20 09:28:50.660809,9.708,8.67100883897659,0.28,19.822,1573.94628756978,9.71532814461887
2022-08-20,2022-08-20 09:43:50.660809,9.816,8.6534010392415,0.28,19.931,1634.22141174056,9.79259020571485
2022-08-20,2022-08-20 09:58:50.660809,9.856,8.62606076773333,0.28,20.09,1689.0802491672,9.86277736823529
2022-08-20,2022-08-20 10:13:50.660809,9.916,8.59051407011581,0.29,20.275,1738.28780567305,9.91626883248049
2022-08-20,2022-08-20 10:28:50.660809,9.967,8.56224547751044,0.29,20.417,1781.63329481927,9.95495014179203
2022-08-20,2022-08-20 10:43:50.660809,9.997,8.5286949999352,0.29,20.618,1818.93104083973,9.98721724307346
2022-08-20,2022-08-20 10:58:50.660809,10.047,8.4965098193183,0.29,20.785,1850.02127400534,10.0119732310871
2022-08-20,2022-08-20 11:13:50.660809,10.066,8.45942815445208,0.29,20.986,1874.77081505052,10.0285170686748
2022-08-20,2022-08-20 11:28:50.660809,10.092,8.43198276908502,0.29,21.195,1893.07364563906,10.0372065508931
2022-08-20,2022-08-20 11:43:50.660809,10.071,8.38521782960887,0.29,21.463,1904.8513625422,10.036233175426
2022-08-20,2022-08-20 11:58:50.660809,10.046,8.3434435668942,0.29,21.697,1910.05351347987,10.0238741277159
2022-08-20,2022-08-20 12:13:50.660809,10.043,8.2928178417981,0.3,21.957,1908.65781326282,9.99320068288408
2022-08-20,2022-08-20 12:28:50.660809,9.993,8.25387793632059,0.3,22.224,1900.67023926062,9.94716107218375
2022-08-20,2022-08-20 12:43:50.660809,9.951,8.208975508161,0.3,22.492,1886.12500580806,9.89575256337142
2022-08-20,2022-08-20 12:58:50.660809,9.891,8.16952570891804,0.3,22.752,1865.08441767179,9.83837254091063
2022-08-20,2022-08-20 13:13:50.660809,9.832,8.13435618422192,0.3,22.986,1837.63860314286,9.77617512971189
2022-08-20,2022-08-20 13:28:50.660809,9.772,8.10105824884851,0.29,23.212,1803.90512800953,9.71620332109218
2022-08-20,2022-08-20 13:43:50.660809,9.706,8.05806214075014,0.3,23.455,1764.02849194381,9.64821757389245
2022-08-20,2022-08-20 13:58:50.660809,9.63,8.02875513923061,0.3,23.656,1718.17950953824,9.56669017255363
2022-08-20,2022-08-20 14:13:50.660809,9.54,7.99650311145759,0.29,23.866,1666.5545786155,9.48779032874745
2022-08-20,2022-08-20 14:28:50.660809,9.444,7.96346043787201,0.3,24.067,1609.3748389647,9.40275143438711
2022-08-20,2022-08-20 14:43:50.660809,9.344,7.94225689367586,0.29,24.244,1546.88522501413,9.31278652742843
2022-08-20,2022-08-20 14:58:50.660809,9.241,7.90647462198768,0.3,24.428,1479.35341674856,9.21813992333257
2022-08-20,2022-08-20 15:13:50.660809,9.151,7.884951846455,0.3,24.563,1407.06869297152,9.11367911316871
2022-08-20,2022-08-20 15:28:50.660809,9.017,7.86389785656636,0.3,24.714,1330.34069224192,9.00832397495311
2022-08-20,2022-08-20 15:43:50.660809,8.933,7.84918840163498,0.3,24.781,1249.49808643842,8.90235095044381
2022-08-20,2022-08-20 15:58:50.660809,8.81,7.8449725941683,0.29,24.857,1164.88717292228,8.80063535064363
2022-08-20,2022-08-20 16:13:50.660809,8.696,7.83576278816173,0.29,24.924,1076.87039114871,8.70123727132936
2022-08-20,2022-08-20 16:28:50.660809,8.555,7.83588078843486,0.29,24.924,985.824770078527,8.59976203423462
2022-08-20,2022-08-20 16:43:50.660809,8.377,7.84052856854403,0.29,24.891,892.140313135957,8.49814786007958
2022-08-20,2022-08-20 16:58:50.660809,8.237,7.8556736983588,0.29,24.807,796.218327664328,8.39792867596171
2022-08-20,2022-08-20 17:13:50.660809,8.104,7.87706882721642,0.29,24.664,698.469705814371,8.30052132169501
2022-08-20,2022-08-20 17:28:50.660809,7.971,7.89795981512422,0.29,24.538,599.31316446832,8.20531027549826
2022-08-20,2022-08-20 17:43:50.660809,7.836,7.91348120536956,0.28,24.437,499.1734515967,8.10974064549936
2022-08-20,2022-08-20 17:58:50.660809,7.738,7.93045327507705,0.28,24.328,398.479526909854,8.01234370769549
2022-08-20,2022-08-20 18:13:50.660809,7.668,7.94655741515006,0.28,24.21,297.662724203766,7.9133432395871
2022-08-20,2022-08-20 18:28:50.660809,7.601,7.96165078525645,0.28,24.118,197.154903772536,7.8127972400413
2022-08-20,2022-08-20 18:43:50.660809,7.529,7.98485593485486,0.28,24,97.3866025645199,7.71213998009913
2022-08-20,2022-08-20 18:58:50.660809,7.459,7.99987547945073,0.28,23.9,0,7.61175400163705
2022-08-20,2022-08-20 19:13:50.660809,7.4,8.01974317909755,0.27,23.782,0,7.52405852822982
2022-08-20,2022-08-20 19:28:50.660809,7.361,8.04392738171586,0.27,23.64,0,7.46292394237344
2022-08-20,2022-08-20 19:43:50.660809,7.363,8.06837458016139,0.27,23.489,0,7.42500120616806
2022-08-20,2022-08-20 19:58:50.660809,7.341,8.09313855367729,0.28,23.313,0,7.40734959014415
2022-08-20,2022-08-20 20:13:50.660809,7.351,8.120388579581,0.27,23.162,0,7.40103324304818
2022-08-20,2022-08-20 20:28:50.660809,7.341,8.13416702681869,0.27,23.061,0,7.39790253611268
2022-08-20,2022-08-20 20:43:50.660809,7.352,8.15481262020538,0.27,22.952,0,7.39985755676601
2022-08-20,2022-08-20 20:58:50.660809,7.349,8.16916310332484,0.27,22.869,0,7.40560700020907
2022-08-20,2022-08-20 21:13:50.660809,7.349,8.18781877048219,0.27,22.752,0,7.41380195517919
2022-08-20,2022-08-20 21:28:50.660809,7.37,8.20638571333987,0.27,22.643,0,7.42427421162517
2022-08-20,2022-08-20 21:43:50.660809,7.369,8.22247607588725,0.27,22.534,0,7.43606257943869
2022-08-20,2022-08-20 21:58:50.660809,7.387,8.24848148492115,0.27,22.4,0,7.44974471685993
2022-08-20,2022-08-20 22:13:50.660809,7.401,8.26002562041563,0.27,22.316,0,7.46424941612336
2022-08-20,2022-08-20 22:28:50.660809,7.44,8.28341044349211,0.27,22.166,0,7.47894748223888
2022-08-20,2022-08-20 22:43:50.660809,7.459,8.30517584791053,0.27,22.049,0,7.49507802884921
2022-08-20,2022-08-20 22:58:50.660809,7.491,8.32800136475563,0.27,21.906,0,7.51218676825879
2022-08-20,2022-08-20 23:13:50.660809,7.525,8.34545476593811,0.27,21.789,0,7.52942654612187
2022-08-20,2022-08-20 23:28:50.660809,7.556,8.37423143509345,0.27,21.639,0,7.5475313060601
2022-08-20,2022-08-20 23:43:50.660809,7.57,8.39166258176606,0.27,21.522,0,7.56626437915001
2022-08-20,2022-08-20 23:58:50.660809,7.599,8.4167650344554,0.27,21.388,0,7.58500172775
2022-08-20,2022-08-21 00:13:50.660809,7.625,8.4379482359964,0.26,21.279,0,7.6003350942889
2022-08-20,2022-08-21 00:28:50.660809,7.652,8.46093094823871,0.27,21.137,0,7.61677935379833
2022-08-20,2022-08-21 00:43:50.660809,7.668,8.47489651085373,0.26,21.053,0,7.63315040133667
2022-08-20,2022-08-21 00:58:50.660809,7.691,8.48623843270624,0.26,20.978,0,7.64418333123252
2022-08-20,2022-08-21 01:13:50.660809,7.703,8.50042467598688,0.26,20.894,0,7.65524157148713
2022-08-20,2022-08-21 01:28:50.660809,7.727,8.51750608886241,0.26,20.802,0,7.66702411544798
2022-08-20,2022-08-21 01:43:50.660809,7.73,8.5408091951749,0.26,20.677,0,7.6804177682432
2022-08-20,2022-08-21 01:58:50.660809,7.746,8.56072502272138,0.27,20.568,0,7.69925140356962
2022-08-20,2022-08-21 02:13:50.660809,7.784,8.57568908628991,0.27,20.484,0,7.72112588961186
2022-08-20,2022-08-21 02:28:50.660809,7.809,8.59086527361493,0.26,20.392,0,7.73681067635348
2022-08-20,2022-08-21 02:43:50.660809,7.841,8.61107287004484,0.26,20.291,0,7.7485510862803
2022-08-20,2022-08-21 02:58:50.660809,7.845,8.62736847931924,0.26,20.208,0,7.76147498680088
2022-08-20,2022-08-21 03:13:50.660809,7.86,8.64785470394146,0.26,20.116,0,7.77532941728765
2022-08-20,2022-08-21 03:28:50.660809,7.883,8.66208269871655,0.27,19.998,0,7.79344764978081
2022-08-20,2022-08-21 03:43:50.660809,7.912,8.68173176014335,0.27,19.864,0,7.81450471406959
2022-08-20,2022-08-21 03:58:50.660809,7.942,8.70791430633633,0.26,19.764,0,7.83144646991165
2022-08-21,2022-08-21 04:13:50.660809,7.963,8.73176012332616,0.26,19.63,0,7.963
2022-08-21,2022-08-21 04:28:50.660809,8.003,8.75610213756573,0.26,19.504,0,8.09397760181959
2022-08-21,2022-08-21 04:43:50.660809,8.044,8.77924707187671,0.26,19.369,0,8.20296601140806
2022-08-21,2022-08-21 04:58:50.660809,8.078,8.7990980429573,0.26,19.26,0,8.29406248612603
2022-08-21,2022-08-21 05:13:50.660809,8.103,8.82694788218878,0.26,19.118,31.8143095573048,8.37303174491182
2022-08-21,2022-08-21 05:28:50.660809,8.149,8.84408157132262,0.26,19.017,131.1127809201,8.4471974229692
2022-08-21,2022-08-21 05:43:50.660809,8.202,8.86975369072909,0.26,18.899,231.392205888672,8.52090175117215
2022-08-21,2022-08-21 05:58:50.660809,8.206,8.88862230874857,0.26,18.815,332.223023720743,8.59455656820936
2022-08-21,2022-08-21 06:13:50.660809,8.269,8.90789425834209,0.26,18.706,433.173311599135,8.66763457744124
2022-08-21,2022-08-21 06:28:50.660809,8.397,8.96346809299207,0.39,18.445,533.810634803945,8.739042120671
2022-08-21,2022-08-21 06:43:50.660809,8.737,9.02089550586185,0.4,18.074,633.703899110456,8.81068213919136
2022-08-21,2022-08-21 06:58:50.660809,8.929,9.07179608624342,0.4,17.805,732.425197414468,8.88499495871673
2022-08-21,2022-08-21 07:13:50.660809,9.053,9.11244131759434,0.4,17.585,829.551642841094,8.96012081546869
2022-08-21,2022-08-21 07:28:50.660809,9.145,9.15347243760065,0.4,17.374,924.667180058694,9.0349243065322
2022-08-21,2022-08-21 07:43:50.660809,9.245,9.18021403417883,0.4,17.221,1017.3643676978,9.10808018035831
2022-08-21,2022-08-21 07:58:50.660809,9.316,9.1915802631769,0.4,17.187,1107.2461235608,9.17698858477321
2022-08-21,2022-08-21 08:13:50.660809,9.344,9.16101781187593,0.41,17.331,1193.9274256826,9.23605112004597
2022-08-21,2022-08-21 08:28:50.660809,9.353,9.13397067850814,0.41,17.484,1277.03696156063,9.28311223904285
2022-08-21,2022-08-21 08:43:50.660809,9.368,9.10421027156256,0.41,17.644,1356.21871871567,9.32087856034691
2022-08-21,2022-08-21 08:58:50.660809,9.387,9.07773269622519,0.41,17.779,1431.13350987626,9.3508358819904
2022-08-21,2022-08-21 09:13:50.660809,9.41,9.05475447093846,0.42,17.889,1501.46042571631,9.37384052390661
2022-08-21,2022-08-21 09:28:50.660809,9.437,9.03514171604838,0.42,17.973,1566.89820974716,9.39152702231916
2022-08-21,2022-08-21 09:43:50.660809,9.472,9.02920062920129,0.42,18.015,1627.16654864661,9.40719949617195
2022-08-21,2022-08-21 09:58:50.660809,9.515,9.03128798126468,0.42,17.999,1682.00727309435,9.4230977262886
2022-08-21,2022-08-21 10:13:50.660809,9.548,9.03392033379854,0.42,17.973,1731.18546372526,9.43972115058967
2022-08-21,2022-08-21 10:28:50.660809,9.561,9.02622480814059,0.42,18.007,1774.49045736456,9.45556183007479
2022-08-21,2022-08-21 10:43:50.660809,9.549,8.99548396488167,0.43,18.159,1811.73674950514,9.46579399836611
2022-08-21,2022-08-21 10:58:50.660809,9.526,8.94874617774194,0.43,18.386,1842.76478893931,9.46702503177447
2022-08-21,2022-08-21 11:13:50.660809,9.469,8.89458846965608,0.43,18.698,1867.44166122627,9.45915824363553
2022-08-21,2022-08-21 11:28:50.660809,9.421,8.84376344458778,0.42,18.983,1885.66165808731,9.44419424709102
2022-08-21,2022-08-21 11:43:50.660809,9.384,8.79735187918438,0.42,19.252,1897.34673019106,9.42386515823168
2022-08-21,2022-08-21 11:58:50.660809,9.353,8.75836841541733,0.42,19.462,1902.44682155048,9.39885924209216
2022-08-21,2022-08-21 12:13:50.660809,9.339,8.723947783394,0.42,19.646,1900.94008391916,9.37099158015288
2022-08-21,2022-08-21 12:28:50.660809,9.318,8.69129969489958,0.42,19.814,1892.83297041636,9.3411073396773
2022-08-21,2022-08-21 12:43:50.660809,9.3,8.65878876696266,0.43,19.965,1878.16020788357,9.30823971479263
2022-08-21,2022-08-21 12:58:50.660809,9.276,8.63811907313647,0.43,20.09,1856.98464814972,9.27388364876963
2022-08-21,2022-08-21 13:13:50.660809,9.255,8.61463415607042,0.42,20.216,1829.39699879255,9.24127548254366
2022-08-21,2022-08-21 13:28:50.660809,9.233,8.5953719772059,0.43,20.308,1795.51543461255,9.20871561408362
2022-08-21,2022-08-21 13:43:50.660809,9.217,8.57828633814558,0.42,20.425,1755.48509140748,9.17643666674808
2022-08-21,2022-08-21 13:58:50.660809,9.174,8.56461355062668,0.42,20.509,1709.47744427652,9.14573015426744
2022-08-21,2022-08-21 14:13:50.660809,9.142,8.54462395855754,0.43,20.601,1657.6895730914,9.11348840119048
2022-08-21,2022-08-21 14:28:50.660809,9.095,8.54351126566283,0.42,20.643,1600.34331828421,9.08206742646573
2022-08-21,2022-08-21 14:43:50.660809,9.056,8.530721605382,0.42,20.693,1537.68433058761,9.05279813472736
2022-08-21,2022-08-21 14:58:50.660809,9.019,8.52442816436283,0.43,20.702,1469.98101869311,9.02250183560248
2022-08-21,2022-08-21 15:13:50.660809,8.995,8.5254674605904,0.43,20.71,1397.52339958907,8.99261979590196
2022-08-21,2022-08-21 15:28:50.660809,8.942,8.52947492232589,0.42,20.71,1320.62185619202,8.96558474789933
2022-08-21,2022-08-21 15:43:50.660809,8.916,8.53789601785929,0.42,20.651,1239.60580773562,8.94131696587668
2022-08-21,2022-08-21 15:58:50.660809,8.876,8.54245714332513,0.42,20.626,1154.82229874064,8.91823235078185
2022-08-21,2022-08-21 16:13:50.660809,8.836,8.55200765766212,0.43,20.568,1066.63451231467,8.89536284980655
2022-08-21,2022-08-21 16:28:50.660809,8.758,8.56670347456033,0.43,20.484,975.42021447129,8.87360608880206
2022-08-21,2022-08-21 16:43:50.660809,8.701,8.5916010753369,0.42,20.342,881.570135943508,8.85528988153631
2022-08-21,2022-08-21 16:58:50.660809,8.66,8.61633359937117,0.42,20.208,785.486298256493,8.84050568624984
2022-08-21,2022-08-21 17:13:50.660809,8.647,8.63960657996833,0.42,20.074,687.580291881617,8.82764668515185
2022-08-21,2022-08-21 17:28:50.660809,8.643,8.65795806754848,0.42,19.973,588.271512847793,8.8155070084558
2022-08-21,2022-08-21 17:43:50.660809,8.671,8.67370233442051,0.42,19.864,487.985366397406,8.80305122257874
2022-08-21,2022-08-21 17:58:50.660809,8.647,8.69275531092824,0.42,19.755,387.151444592246,8.79033665437286
2022-08-21,2022-08-21 18:13:50.660809,8.671,8.71701113499888,0.42,19.621,286.201686139035,8.77822439034863
2022-08-21,2022-08-21 18:28:50.660809,8.661,8.73857314430261,0.41,19.504,185.568526002533,8.76676015299826
2022-08-21,2022-08-21 18:43:50.660809,8.657,8.76212176290888,0.41,19.395,85.6830431588249,8.75565386323394
2022-08-21,2022-08-21 18:58:50.660809,8.652,8.78385297799406,0.4,19.294,0,8.74506863670028
2022-08-21,2022-08-21 19:13:50.660809,8.666,8.80533079148379,0.41,19.176,0,8.73811386531629
2022-08-21,2022-08-21 19:28:50.660809,8.677,8.82475171974106,0.41,19.084,0,8.73680262151142
2022-08-21,2022-08-21 19:43:50.660809,8.713,8.84671403667673,0.41,18.975,0,8.73982739020375
2022-08-21,2022-08-21 19:58:50.660809,8.729,8.86405108161833,0.41,18.857,0,8.74609523196301
2022-08-21,2022-08-21 20:13:50.660809,8.752,8.88148984117685,0.41,18.79,0,8.75451297454802
2022-08-21,2022-08-21 20:28:50.660809,8.759,8.89535013139299,0.41,18.723,0,8.76431938913506
2022-08-21,2022-08-21 20:43:50.660809,8.773,8.90759500214038,0.41,18.664,0,8.7747261270412
2022-08-21,2022-08-21 20:58:50.660809,8.802,8.91499008725627,0.42,18.613,0,8.78517977670556
2022-08-21,2022-08-21 21:13:50.660809,8.827,8.92898015813799,0.42,18.521,0,8.79583153800677
2022-08-21,2022-08-21 21:28:50.660809,8.831,8.94634238937793,0.41,18.454,0,8.80721965882055
2022-08-21,2022-08-21 21:43:50.660809,8.854,8.96175371205296,0.41,18.386,0,8.81934418736343
2022-08-21,2022-08-21 21:58:50.660809,8.862,8.97166347960409,0.41,18.327,0,8.83152974602501
2022-08-21,2022-08-21 22:13:50.660809,8.882,8.98435520606445,0.42,18.251,0,8.84369328438809
2022-08-21,2022-08-21 22:28:50.660809,8.905,8.99475234594825,0.42,18.201,0,8.85589078418599
2022-08-21,2022-08-21 22:43:50.660809,8.914,9.00652901752735,0.42,18.142,0,8.86783386723052
2022-08-21,2022-08-21 22:58:50.660809,8.92,9.01144261881279,0.43,18.108,0,8.8792337513223
2022-08-21,2022-08-21 23:13:50.660809,8.937,9.02939733019356,0.43,18.032,0,8.89079191889706
2022-08-21,2022-08-21 23:28:50.660809,8.95,9.03258505151788,0.42,17.999,0,8.90193330686122
2022-08-21,2022-08-21 23:43:50.660809,8.957,9.04514227663255,0.42,17.948,0,8.91222228805067
2022-08-21,2022-08-21 23:58:50.660809,8.98,9.05772684914225,0.42,17.889,0,8.92291781357881
2022-08-21,2022-08-22 00:13:50.660809,8.981,9.05884197564802,0.43,17.864,0,8.93303060292113
2022-08-21,2022-08-22 00:28:50.660809,8.986,9.0702444238545,0.43,17.821,0,8.94256475446583
2022-08-21,2022-08-22 00:43:50.660809,8.998,9.07312826717458,0.43,17.796,0,8.95161554234683
2022-08-21,2022-08-22 00:58:50.660809,9,9.08162814948532,0.43,17.771,0,8.96000159231343
2022-08-21,2022-08-22 01:13:50.660809,9.031,9.09749214518249,0.43,17.729,0,8.9691002272186
2022-08-21,2022-08-22 01:28:50.660809,9.055,9.10428194753131,0.44,17.686,0,8.97878396379942
2022-08-21,2022-08-22 01:43:50.660809,9.04,9.10369403763642,0.43,17.669,0,8.98717983724784
2022-08-21,2022-08-22 01:58:50.660809,9.059,9.10987512543618,0.44,17.627,0,8.99447921497001
2022-08-21,2022-08-22 02:13:50.660809,9.049,9.11767684898448,0.44,17.61,0,9.00188333661774
2022-08-21,2022-08-22 02:28:50.660809,9.072,9.11989147729331,0.44,17.576,0,9.00881211606301
2022-08-21,2022-08-22 02:43:50.660809,9.08,9.13060779578483,0.45,17.543,0,9.01580569366137
2022-08-21,2022-08-22 02:58:50.660809,9.09,9.1341359598428,0.44,17.526,0,9.02281030378893
2022-08-21,2022-08-22 03:13:50.660809,9.091,9.12625719751204,0.45,17.509,0,9.0280423844764
2022-08-21,2022-08-22 03:28:50.660809,9.109,9.14076452696449,0.45,17.475,0,9.03306546993393
2022-08-21,2022-08-22 03:43:50.660809,9.108,9.14326505145722,0.45,17.433,0,9.03873745971687
2022-08-21,2022-08-22 03:58:50.660809,9.117,9.15332763817127,0.45,17.374,0,9.04449937024935
2022-08-22,2022-08-22 04:13:50.660809,9.137,9.17047451688325,0.45,17.314,0,9.137
2022-08-22,2022-08-22 04:28:50.660809,9.134,9.17861362155018,0.45,17.28,0,9.10861961517574
2022-08-22,2022-08-22 04:43:50.660809,9.162,9.18509613193945,0.45,17.213,0,9.08699003334417
2022-08-22,2022-08-22 04:58:50.660809,9.163,9.19230555569923,0.45,17.196,0,9.0707365542729
2022-08-22,2022-08-22 05:13:50.660809,9.177,9.2050314930939,0.45,17.145,23.2564925910765,9.06022718485919
2022-08-22,2022-08-22 05:28:50.660809,9.19,9.21886906211902,0.45,17.094,122.705387107876,9.05841569419033
2022-08-22,2022-08-22 05:43:50.660809,9.193,9.22746610693737,0.46,17.035,223.129273193636,9.06614073966085
2022-08-22,2022-08-22 05:58:50.660809,9.221,9.24328106149046,0.45,16.967,324.097966179172,9.08161303486845
2022-08-22,2022-08-22 06:13:50.660809,9.241,9.26155306403592,0.45,16.899,425.178947587642,9.10408551852571
2022-08-22,2022-08-22 06:28:50.660809,9.262,9.27535509149282,0.45,16.831,525.939217696092,9.13226759367534
2022-08-22,2022-08-22 06:43:50.660809,9.296,9.28409597398336,0.45,16.772,625.947150557735,9.16416635673463
2022-08-22,2022-08-22 06:58:50.660809,9.313,9.29126185586177,0.46,16.755,724.774342849836,9.19826290662215
2022-08-22,2022-08-22 07:13:50.660809,9.335,9.2935826552108,0.45,16.729,821.997449049938,9.2336233829093
2022-08-22,2022-08-22 07:28:50.660809,9.367,9.29435358650409,0.45,16.721,917.199994893803,9.26945123483374
2022-08-22,2022-08-22 07:43:50.660809,9.385,9.28952793376477,0.44,16.738,1009.97416147984,9.30507330512108
2022-08-22,2022-08-22 07:58:50.660809,9.399,9.28616389230128,0.46,16.763,1099.9225322646,9.33912740325562
2022-08-22,2022-08-22 08:13:50.660809,9.426,9.27492672083914,0.45,16.814,1186.65979531053,9.3711333272813
2022-08-22,2022-08-22 08:28:50.660809,9.442,9.26650404632429,0.46,16.857,1269.81439408912,9.40100973064085
2022-08-22,2022-08-22 08:43:50.660809,9.453,9.24994480640821,0.47,16.925,1349.03011893408,9.42727102205763
2022-08-22,2022-08-22 08:58:50.660809,9.466,9.2393304983927,0.45,16.967,1423.96763305325,9.45188236385258
2022-08-22,2022-08-22 09:13:50.660809,9.489,9.21673089216744,0.46,17.086,1494.30592605036,9.47414630058942
2022-08-22,2022-08-22 09:28:50.660809,9.502,9.19275115222616,0.46,17.196,1559.74368917953,9.49156945555151
2022-08-22,2022-08-22 09:43:50.660809,9.503,9.16789407161233,0.46,17.314,1620.0006059366,9.5051488001412
2022-08-22,2022-08-22 09:58:50.660809,9.499,9.13955450152067,0.47,17.45,1674.81855292049,9.51394139923225
2022-08-22,2022-08-22 10:13:50.660809,9.499,9.12286898042502,0.46,17.56,1723.96270560348,9.52006104468918
2022-08-22,2022-08-22 10:28:50.660809,9.505,9.08981812627547,0.47,17.695,1767.22254416042,9.52307097957292
2022-08-22,2022-08-22 10:43:50.660809,9.502,9.06215025257985,0.46,17.855,1804.41275537791,9.52209107497032
2022-08-22,2022-08-22 10:58:50.660809,9.493,9.02535608553601,0.47,18.032,1835.37402643734,9.51696850427068
2022-08-22,2022-08-22 11:13:50.660809,9.521,9.00203969660439,0.47,18.176,1859.97372738247,9.50756236646145
2022-08-22,2022-08-22 11:28:50.660809,9.526,8.9704885995089,0.46,18.353,1878.10647929848,9.49664730346509
2022-08-22,2022-08-22 11:43:50.660809,9.516,8.93502779783479,0.46,18.529,1889.69460570904,9.48284582295054
2022-08-22,2022-08-22 11:58:50.660809,9.482,8.91000576337166,0.45,18.664,1894.68846535027,9.46701088440003
2022-08-22,2022-08-22 12:13:50.660809,9.442,8.88941889656698,0.45,18.79,1893.06666481864,9.45059761887091
2022-08-22,2022-08-22 12:28:50.660809,9.443,8.87134147035903,0.44,18.857,1884.83615023114,9.4340762220247
2022-08-22,2022-08-22 12:43:50.660809,9.439,8.82833880540644,0.44,19.076,1870.03217748863,9.41465373633128
2022-08-22,2022-08-22 12:58:50.660809,9.41,8.7932205966453,0.44,19.244,1848.71816124242,9.38952742535725
2022-08-22,2022-08-22 13:13:50.660809,9.398,8.76949806266816,0.44,19.378,1820.9854032794,9.36138578355465
2022-08-22,2022-08-22 13:28:50.660809,9.386,8.74184970596594,0.43,19.537,1786.9527014098,9.33217181831498
2022-08-22,2022-08-22 13:43:50.660809,9.341,8.7138770752415,0.42,19.705,1746.76584058706,9.30221283611637
2022-08-22,2022-08-22 13:58:50.660809,9.306,8.69647044306741,0.41,19.822,1700.59696841935,9.27227363469864
2022-08-22,2022-08-22 14:13:50.660809,9.29,8.67673302497815,0.41,19.931,1648.6438577503,9.24170588506809
2022-08-22,2022-08-22 14:28:50.660809,9.271,8.66166935840694,0.41,19.998,1591.12905948525,9.20942507290774
2022-08-22,2022-08-22 14:43:50.660809,9.227,8.64608771599837,0.4,20.099,1528.2989492132,9.17676466534432
2022-08-22,2022-08-22 14:58:50.660809,9.214,8.63172618697986,0.4,20.157,1460.42267185752,9.14344361771613
2022-08-22,2022-08-22 15:13:50.660809,9.176,8.62089029109102,0.39,20.208,1387.79098875417,9.10962771748434
2022-08-22,2022-08-22 15:28:50.660809,9.147,8.614722147701,0.4,20.25,1310.71503206666,9.07506152278204
2022-08-22,2022-08-22 15:43:50.660809,8.981,8.61896934910832,0.39,20.241,1229.52497207076,9.04101859075784
2022-08-22,2022-08-22 15:58:50.660809,8.957,8.6422806654852,0.38,20.124,1144.56860272724,9.01167196748458
2022-08-22,2022-08-22 16:13:50.660809,8.889,8.65097200705305,0.38,20.065,1056.20985195055,8.98538669036897
2022-08-22,2022-08-22 16:28:50.660809,8.833,8.66152926648413,0.38,20.007,964.827222468434,8.95916277662033
2022-08-22,2022-08-22 16:43:50.660809,8.809,8.66521495043844,0.37,19.982,870.812170690916,8.9326010715401
2022-08-22,2022-08-22 16:58:50.660809,8.818,8.67397896323888,0.37,19.94,774.567429590272,8.90525948661684
2022-08-22,2022-08-22 17:13:50.660809,8.746,8.68367299377595,0.36,19.889,676.505283606955,8.87742838940578
2022-08-22,2022-08-22 17:28:50.660809,8.758,8.6910184045682,0.37,19.839,577.045802624708,8.84872903384469
2022-08-22,2022-08-22 17:43:50.660809,8.717,8.71053672915562,0.36,19.747,476.615042358835,8.81998439361118
2022-08-22,2022-08-22 17:58:50.660809,8.663,8.72406437310617,0.36,19.68,375.643219361449,8.79181023462061
2022-08-22,2022-08-22 18:13:50.660809,8.638,8.74194744917776,0.35,19.596,274.562868072567,8.76349452340743
2022-08-22,2022-08-22 18:28:50.660809,8.621,8.75641846564538,0.35,19.512,173.806987964565,8.73501425815319
2022-08-22,2022-08-22 18:43:50.660809,8.585,8.77351640095714,0.35,19.411,73.8071887248325,8.70650117774728
2022-08-22,2022-08-22 18:58:50.660809,8.588,8.78927717497744,0.35,19.319,0,8.67923888646414
2022-08-22,2022-08-22 19:13:50.660809,8.577,8.80477091006217,0.35,19.244,0,8.65720023681527
2022-08-22,2022-08-22 19:28:50.660809,8.569,8.82103684555003,0.34,19.176,0,8.64196598469597
2022-08-22,2022-08-22 19:43:50.660809,8.585,8.83287835699221,0.34,19.101,0,8.63180319980107
2022-08-22,2022-08-22 19:58:50.660809,8.592,8.85213580392432,0.34,19.017,0,8.62664514263673
2022-08-22,2022-08-22 20:13:50.660809,8.593,8.8687206826237,0.34,18.941,0,8.62595512208868
2022-08-22,2022-08-22 20:28:50.660809,8.592,8.88352957956827,0.33,18.866,0,8.62769512466458
2022-08-22,2022-08-22 20:43:50.660809,8.609,8.89667153964896,0.33,18.79,0,8.63103780516033
2022-08-22,2022-08-22 20:58:50.660809,8.612,8.90526014730568,0.33,18.74,0,8.63577633427637
2022-08-22,2022-08-22 21:13:50.660809,8.64,8.92604437736987,0.33,18.647,0,8.64236815358651
2022-08-22,2022-08-22 21:28:50.660809,8.636,8.92931782554729,0.33,18.613,0,8.64993881610727
2022-08-22,2022-08-22 21:43:50.660809,8.649,8.94143861248474,0.33,18.538,0,8.65745781979915
2022-08-22,2022-08-22 21:58:50.660809,8.651,8.95203691405652,0.33,18.496,0,8.66564529439653
2022-08-22,2022-08-22 22:13:50.660809,8.659,8.96303310419272,0.32,18.445,0,8.67352177417741
2022-08-22,2022-08-22 22:28:50.660809,8.663,8.97159929843103,0.32,18.386,0,8.68093674285094
2022-08-22,2022-08-22 22:43:50.660809,8.669,8.98380686309417,0.32,18.319,0,8.68883917130233
2022-08-22,2022-08-22 22:58:50.660809,8.672,8.99006814839693,0.32,18.294,0,8.69693434034812
2022-08-22,2022-08-22 23:13:50.660809,8.684,8.99887694812783,0.32,18.235,0,8.70485988074516
2022-08-22,2022-08-22 23:28:50.660809,8.681,9.0106352737108,0.31,18.184,0,8.7123592287293
2022-08-22,2022-08-22 23:43:50.660809,8.691,9.01495840834212,0.31,18.15,0,8.7190982755661
2022-08-22,2022-08-22 23:58:50.660809,8.703,9.02913286535732,0.31,18.066,0,8.72623552218417
2022-08-22,2022-08-23 00:13:50.660809,8.708,9.04187308112593,0.31,18.007,0,8.7344878419841
2022-08-22,2022-08-23 00:28:50.660809,8.726,9.05117642642744,0.31,17.931,0,8.74317296861904
2022-08-22,2022-08-23 00:43:50.660809,8.726,9.06274449426835,0.3,17.88,0,8.75124120383748
2022-08-22,2022-08-23 00:58:50.660809,8.733,9.07375662185258,0.3,17.821,0,8.75898726609043
2022-08-22,2022-08-23 01:13:50.660809,8.73,9.07565597192392,0.31,17.796,0,8.7672793406018
2022-08-22,2022-08-23 01:28:50.660809,8.753,9.09139929534789,0.3,17.72,0,8.77559488430999
2022-08-22,2022-08-23 01:43:50.660809,8.762,9.10546149130992,0.3,17.653,0,8.78420443619913
2022-08-22,2022-08-23 01:58:50.660809,8.769,9.1144193502697,0.3,17.61,0,8.79328326837689
2022-08-22,2022-08-23 02:13:50.660809,8.769,9.12004583183542,0.3,17.585,0,8.8019673258018
2022-08-22,2022-08-23 02:28:50.660809,8.775,9.12547595200507,0.3,17.551,0,8.81000267125504
2022-08-22,2022-08-23 02:43:50.660809,8.783,9.13470277459069,0.3,17.5,0,8.81783710525692
2022-08-22,2022-08-23 02:58:50.660809,8.788,9.14238904783674,0.3,17.467,0,8.8257252352032
2022-08-22,2022-08-23 03:13:50.660809,8.809,9.15399305375604,0.3,17.399,0,8.83386930907038
2022-08-22,2022-08-23 03:28:50.660809,8.805,9.15838740775176,0.29,17.382,0,8.84100206835729
2022-08-22,2022-08-23 03:43:50.660809,8.794,9.164634801413,0.29,17.348,0,8.84683267908936
2022-08-22,2022-08-23 03:58:50.660809,8.807,9.17617772976045,0.29,17.289,0,8.85317259216594
2022-08-23,2022-08-23 04:13:50.660809,8.831,9.18582654327841,0.29,17.247,0,8.831
2022-08-23,2022-08-23 04:28:50.660809,8.828,9.187210997928,0.29,17.238,0,8.79716977175187
2022-08-23,2022-08-23 04:43:50.660809,8.829,9.19793363357197,0.29,17.196,0,8.77311999550708
2022-08-23,2022-08-23 04:58:50.660809,8.833,9.20299999958893,0.29,17.153,0,8.75683677867523
2022-08-23,2022-08-23 05:13:50.660809,8.829,9.20263158840492,0.29,17.153,14.6512613129846,8.7468047899471
2022-08-23,2022-08-23 05:28:50.660809,8.859,9.21601988793272,0.29,17.103,114.248871410439,8.75417103292593
2022-08-23,2022-08-23 05:43:50.660809,8.894,9.21809553880664,0.29,17.077,214.815228383346,8.78499126289467
2022-08-23,2022-08-23 05:58:50.660809,8.916,9.22111906780581,0.29,17.06,315.919532283959,8.83244845359468
2022-08-23,2022-08-23 06:13:50.660809,8.959,9.22662068700444,0.29,17.035,417.128678773611,8.89296126258781
2022-08-23,2022-08-23 06:28:50.660809,9.042,9.23445957720549,0.29,17.009,518.009114106651,8.96389107379173
2022-08-23,2022-08-23 06:43:50.660809,9.127,9.22333684301632,0.29,17.069,618.128692657046,9.04057990062827
2022-08-23,2022-08-23 06:58:50.660809,9.233,9.22230944929911,0.28,17.077,717.058527931152,9.12114066649918
2022-08-23,2022-08-23 07:13:50.660809,9.308,9.21540175664905,0.28,17.111,814.374829810837,9.20516553618769
2022-08-23,2022-08-23 07:28:50.660809,9.377,9.20749031576148,0.28,17.137,909.660720117286,9.29007541712368
2022-08-23,2022-08-23 07:43:50.660809,9.427,9.18908580102358,0.29,17.213,1002.50801823321,9.37160542748755
2022-08-23,2022-08-23 07:58:50.660809,9.524,9.17898111959268,0.29,17.28,1092.51898974997,9.4492209080699
2022-08-23,2022-08-23 08:13:50.660809,9.601,9.1605096898686,0.29,17.374,1179.30805023747,9.52469679237354
2022-08-23,2022-08-23 08:28:50.660809,9.506,9.14801866431299,0.34,17.433,1262.50341699586,9.58458538622207
2022-08-23,2022-08-23 08:43:50.660809,9.614,9.14423287387133,0.34,17.458,1341.74870168175,9.63234851885408
2022-08-23,2022-08-23 08:58:50.660809,9.651,9.13467870016381,0.34,17.492,1416.7044369729,9.68191704538789
2022-08-23,2022-08-23 09:13:50.660809,9.7,9.12210912208045,0.34,17.56,1487.04953082752,9.73076025471573
2022-08-23,2022-08-23 09:28:50.660809,9.744,9.0961203419891,0.35,17.661,1552.48264190506,9.77293617237805
2022-08-23,2022-08-23 09:43:50.660809,9.786,9.0718069669647,0.35,17.796,1612.72347045122,9.80724415543383
2022-08-23,2022-08-23 09:58:50.660809,9.807,9.04112566777062,0.35,17.965,1667.51395908889,9.8365306514902
2022-08-23,2022-08-23 10:13:50.660809,9.842,9.0102109209832,0.35,18.133,1716.61939822769,9.85995133610073
2022-08-23,2022-08-23 10:28:50.660809,9.849,8.96694369689053,0.36,18.319,1759.82943150772,9.87276316583739
2022-08-23,2022-08-23 10:43:50.660809,9.878,8.92619168628798,0.36,18.512,1796.95895699346,9.87495354890693
2022-08-23,2022-08-23 10:58:50.660809,9.865,8.89408178438461,0.36,18.714,1827.84892003052,9.87253332208335
2022-08-23,2022-08-23 11:13:50.660809,9.859,8.84983193826157,0.36,18.924,1852.3669946542,9.86489372218776
2022-08-23,2022-08-23 11:28:50.660809,9.856,8.81485921649562,0.36,19.126,1870.40815044303,9.85171893380245
2022-08-23,2022-08-23 11:43:50.660809,9.843,8.77563653881626,0.36,19.344,1881.89510243711,9.83375021443337
2022-08-23,2022-08-23 11:58:50.660809,9.8,8.73424401031613,0.36,19.571,1886.77864224749,9.81001841160119
2022-08-23,2022-08-23 12:13:50.660809,9.793,8.68839501396686,0.36,19.806,1885.03784884346,9.7798031925422
2022-08-23,2022-08-23 12:28:50.660809,9.734,8.64548013950698,0.36,20.04,1876.68017819018,9.74328855416943
2022-08-23,2022-08-23 12:43:50.660809,9.748,8.59756059200028,0.37,20.291,1861.74143132082,9.69713442564224
2022-08-23,2022-08-23 12:58:50.660809,9.692,8.55841872098673,0.36,20.543,1840.28560099204,9.64648260887667
2022-08-23,2022-08-23 13:13:50.660809,9.608,8.51698462558148,0.37,20.76,1812.40459754981,9.59243512991896
2022-08-23,2022-08-23 13:28:50.660809,9.553,8.48207890012261,0.36,20.978,1778.2178552426,9.53530861324308
2022-08-23,2022-08-23 13:43:50.660809,9.507,8.45229126410218,0.36,21.162,1737.8718205757,9.47974658879083
2022-08-23,2022-08-23 13:58:50.660809,9.434,8.42334063951574,0.36,21.354,1691.53932500445,9.42188727400322
2022-08-23,2022-08-23 14:13:50.660809,9.388,8.39791296013343,0.36,21.488,1639.4188446003,9.36206826635438
2022-08-23,2022-08-23 14:28:50.660809,9.321,8.3739851013808,0.36,21.63,1581.73364975612,9.30066916203084
2022-08-23,2022-08-23 14:43:50.660809,9.273,8.35567865521914,0.35,21.747,1518.73084885335,9.24084686569342
2022-08-23,2022-08-23 14:58:50.660809,9.216,8.34042661501736,0.35,21.831,1450.68032966581,9.18243834527422
2022-08-23,2022-08-23 15:13:50.660809,9.153,8.3314185976976,0.36,21.873,1377.87360324746,9.12053731583105
2022-08-23,2022-08-23 15:28:50.660809,9.089,8.32581875529586,0.35,21.923,1300.62255517946,9.05894708715354
2022-08-23,2022-08-23 15:43:50.660809,9.04,8.32121141702022,0.35,21.931,1219.25810953538,8.99975514674703
2022-08-23,2022-08-23 15:58:50.660809,8.97,8.32182350118022,0.34,21.931,1134.12881128943,8.94198092729004
2022-08-23,2022-08-23 16:13:50.660809,8.899,8.32329325968667,0.34,21.915,1045.59933326526,8.88518178881959
2022-08-23,2022-08-23 16:28:50.660809,8.818,8.33162283485979,0.34,21.873,954.048913876826,8.82760782939417
2022-08-23,2022-08-23 16:43:50.660809,8.738,8.34321506589258,0.34,21.798,859.869732733463,8.77036032506176
2022-08-23,2022-08-23 16:58:50.660809,8.651,8.3648675066405,0.34,21.664,763.465230499812,8.71474778865226
2022-08-23,2022-08-23 17:13:50.660809,8.542,8.37823691147002,0.33,21.572,665.248380676772,8.66053946951529
2022-08-23,2022-08-23 17:28:50.660809,8.482,8.3960409686325,0.33,21.463,565.639920601869,8.60608274342637
2022-08-23,2022-08-23 17:43:50.660809,8.41,8.4124542539795,0.32,21.371,465.0665490118,8.55062737829831
2022-08-23,2022-08-23 17:58:50.660809,8.365,8.42889327061236,0.33,21.279,363.959098271677,8.49417401704778
2022-08-23,2022-08-23 18:13:50.660809,8.305,8.44598563038379,0.32,21.195,262.750688714443,8.43628828262775
2022-08-23,2022-08-23 18:28:50.660809,8.284,8.46912478614588,0.32,21.061,161.874873282621,8.37768786472715
2022-08-23,2022-08-23 18:43:50.660809,8.238,8.48819772742583,0.31,20.961,61.7637802886128,8.31778444746693
2022-08-23,2022-08-23 18:58:50.660809,8.198,8.51106202769078,0.31,20.844,0,8.26066811420676
2022-08-23,2022-08-23 19:13:50.660809,8.177,8.53030005244529,0.31,20.744,0,8.21757343084134
2022-08-23,2022-08-23 19:28:50.660809,8.17,8.55120722341598,0.31,20.635,0,8.19110899721683
2022-08-23,2022-08-23 19:43:50.660809,8.158,8.5664214526448,0.3,20.551,0,8.17439319749926
2022-08-23,2022-08-23 19:58:50.660809,8.161,8.5891225968021,0.3,20.425,0,8.16500017068027
2022-08-23,2022-08-23 20:13:50.660809,8.157,8.60026748109575,0.3,20.35,0,8.16230765015049
2022-08-23,2022-08-23 20:28:50.660809,8.166,8.61567301424665,0.3,20.25,0,8.16358596848942
2022-08-23,2022-08-23 20:43:50.660809,8.173,8.63098678992977,0.3,20.166,0,8.16831024736353
2022-08-23,2022-08-23 20:58:50.660809,8.177,8.6497885575155,0.3,20.065,0,8.17600345941312
2022-08-23,2022-08-23 21:13:50.660809,8.182,8.66106312595286,0.3,19.998,0,8.18537137831536
2022-08-23,2022-08-23 21:28:50.660809,8.209,8.68187276353746,0.3,19.898,0,8.1962298915685
2022-08-23,2022-08-23 21:43:50.660809,8.216,8.69108876489548,0.3,19.822,0,8.20790266994325
2022-08-23,2022-08-23 21:58:50.660809,8.226,8.71287458186835,0.29,19.73,0,8.21829875122481
2022-08-23,2022-08-23 22:13:50.660809,8.246,8.72434321099511,0.3,19.63,0,8.23001621613797
2022-08-23,2022-08-23 22:28:50.660809,8.265,8.73896349031483,0.3,19.546,0,8.24379578171932
2022-08-23,2022-08-23 22:43:50.660809,8.265,8.75226246729332,0.29,19.495,0,8.25539374841806
2022-08-23,2022-08-23 22:58:50.660809,8.279,8.76500135584474,0.29,19.411,0,8.26513072523773
2022-08-23,2022-08-23 23:13:50.660809,8.279,8.77093909418454,0.29,19.369,0,8.27456206970282
2022-08-23,2022-08-23 23:28:50.660809,8.278,8.7824148700419,0.29,19.311,0,8.28364454606364
2022-08-23,2022-08-23 23:43:50.660809,8.297,8.79895041433498,0.29,19.21,0,8.29374194491325
2022-08-23,2022-08-23 23:58:50.660809,8.294,8.80625612430712,0.29,19.16,0,8.3040658997407
2022-08-23,2022-08-24 00:13:50.660809,8.315,8.82358387699207,0.29,19.084,0,8.31469702898393
2022-08-23,2022-08-24 00:28:50.660809,8.328,8.83742116062296,0.28,19.017,0,8.32420887497423
2022-08-23,2022-08-24 00:43:50.660809,8.335,8.84663717613847,0.28,18.95,0,8.33185772969027
2022-08-23,2022-08-24 00:58:50.660809,8.325,8.86095925898323,0.27,18.916,0,8.33807536126561
2022-08-23,2022-08-24 01:13:50.660809,8.34,8.8616152204206,0.28,18.866,0,8.34447917523041
2022-08-23,2022-08-24 01:28:50.660809,8.315,8.8736976987008,0.28,18.807,0,8.35301152692581
2022-08-23,2022-08-24 01:43:50.660809,8.318,8.88165603720322,0.27,18.773,0,8.35944802430042
2022-08-23,2022-08-24 01:58:50.660809,8.341,8.89486203185155,0.27,18.706,0,8.36445119484675
2022-08-23,2022-08-24 02:13:50.660809,8.338,8.90129763065975,0.28,18.655,0,8.37280584463673
2022-08-23,2022-08-24 02:28:50.660809,8.364,8.89830379645026,0.29,18.622,0,8.38381247670468
2022-08-23,2022-08-24 02:43:50.660809,8.391,8.92497760793514,0.27,18.571,0,8.39256566650075
2022-08-23,2022-08-24 02:58:50.660809,8.385,8.91644035808155,0.28,18.521,0,8.39906905338537
2022-08-23,2022-08-24 03:13:50.660809,8.404,8.93800701815045,0.26,18.487,0,8.40292959165429
2022-08-23,2022-08-24 03:28:50.660809,8.42,8.94736189295891,0.27,18.428,0,8.40725310304133
2022-08-23,2022-08-24 03:43:50.660809,8.414,8.95628183808515,0.27,18.386,0,8.41512540845871
2022-08-23,2022-08-24 03:58:50.660809,8.401,8.94756425983213,0.28,18.353,0,8.42322492948425
2022-08-24,2022-08-24 04:13:50.660809,8.416,8.97049359201409,0.26,18.302,0,8.416
2022-08-24,2022-08-24 04:28:50.660809,8.41,8.98043901678556,0.26,18.26,0,8.37231627751001
2022-08-24,2022-08-24 04:43:50.660809,8.421,8.98362736335458,0.27,18.201,0,8.34434563358554
2022-08-24,2022-08-24 04:58:50.660809,8.449,8.99092009939422,0.27,18.159,0,8.32782554077451
2022-08-24,2022-08-24 05:13:50.660809,8.443,8.99853365809243,0.27,18.125,6.00061738717616,8.31804348346641
2022-08-24,2022-08-24 05:28:50.660809,8.468,9.00823810426911,0.27,18.083,105.745050220947,8.32922175531446
2022-08-24,2022-08-24 05:43:50.660809,8.506,9.01689234672489,0.27,18.032,206.45170721884,8.37107215317094
2022-08-24,2022-08-24 05:58:50.660809,8.546,9.02608062568933,0.27,17.999,307.689182663402,8.43619304330487
2022-08-24,2022-08-24 06:13:50.660809,8.604,9.03473637779794,0.27,17.956,409.023796880591,8.51896364161785
2022-08-24,2022-08-24 06:28:50.660809,8.667,9.04274522411736,0.27,17.923,510.021453844104,8.61486475205447
2022-08-24,2022-08-24 06:43:50.660809,8.743,9.04082542661063,0.27,17.923,610.24950093697,8.7192580062741
2022-08-24,2022-08-24 06:58:50.660809,8.881,9.03938641416201,0.27,17.94,709.278582238158,8.82863328949582
2022-08-24,2022-08-24 07:13:50.660809,9.02,9.03948751906902,0.28,17.931,806.684477795499,8.94020026532468
2022-08-24,2022-08-24 07:28:50.660809,9.15,9.03207871837497,0.27,17.973,902.049920973943,9.05344669138176
2022-08-24,2022-08-24 07:43:50.660809,9.238,9.03034798577149,0.27,17.99,994.966385838406,9.16836928204427
2022-08-24,2022-08-24 07:58:50.660809,9.351,9.00863802460651,0.28,18.083,1085.03583727457,9.27758417439879
2022-08-24,2022-08-24 08:13:50.660809,9.438,8.98715211698587,0.28,18.184,1171.87243606638,9.37846256701203
2022-08-24,2022-08-24 08:28:50.660809,9.511,8.97806402642569,0.28,18.243,1255.10419177677,9.47592963284595
2022-08-24,2022-08-24 08:43:50.660809,9.687,8.95029875097848,0.28,18.386,1334.37455621612,9.56869532167403
2022-08-24,2022-08-24 08:58:50.660809,9.777,8.924680258732,0.28,18.529,1409.34395087781,9.65431860392481
2022-08-24,2022-08-24 09:13:50.660809,9.812,8.89338522148399,0.28,18.689,1479.69122168141,9.73254728457711
2022-08-24,2022-08-24 09:28:50.660809,9.827,8.86174331328423,0.28,18.84,1545.11501460458,9.80281835357054
2022-08-24,2022-08-24 09:43:50.660809,9.88,8.84196211597612,0.28,18.958,1605.33506677644,9.86700036520531
2022-08-24,2022-08-24 09:58:50.660809,9.92,8.81497238788742,0.29,19.092,1660.09340693694,9.91982221599139
2022-08-24,2022-08-24 10:13:50.660809,9.992,8.7863369824396,0.28,19.244,1709.15546064461,9.96679552124145
2022-08-24,2022-08-24 10:28:50.660809,10.04,8.75319548172462,0.29,19.395,1752.31105514013,10.0061987956497
2022-08-24,2022-08-24 10:43:50.660809,10.035,8.72359713097324,0.29,19.571,1789.37531961367,10.0319307871553
2022-08-24,2022-08-24 10:58:50.660809,10.083,8.69453208829072,0.29,19.722,1820.18947728567,10.0520318115692
2022-08-24,2022-08-24 11:13:50.660809,10.114,8.66224313144419,0.29,19.923,1844.6215254673,10.0655476799397
2022-08-24,2022-08-24 11:28:50.660809,10.114,8.62373380410632,0.29,20.132,1862.5668011374,10.070726261865
2022-08-24,2022-08-24 11:43:50.660809,10.09,8.58341724202092,0.29,20.384,1873.9484292487,10.0664428306943
2022-08-24,2022-08-24 11:58:50.660809,10.083,8.54198033788268,0.29,20.601,1878.71765208361,10.0527280206673
2022-08-24,2022-08-24 12:13:50.660809,10.072,8.49559620406519,0.3,20.852,1876.85403812482,10.022928974142
2022-08-24,2022-08-24 12:28:50.660809,10.024,8.44771267882466,0.3,21.12,1868.36556959495,9.97824877201029
2022-08-24,2022-08-24 12:43:50.660809,9.986,8.40417585088038,0.29,21.396,1853.28860827048,9.93353020527459
2022-08-24,2022-08-24 12:58:50.660809,9.948,8.36806355149612,0.29,21.622,1831.68773972674,9.8886240841508
2022-08-24,2022-08-24 13:13:50.660809,9.886,8.32223075272211,0.3,21.865,1803.65549667758,9.82936756025759
2022-08-24,2022-08-24 13:28:50.660809,9.843,8.2908940029354,0.29,22.09,1769.31196259488,9.76442705728797
2022-08-24,2022-08-24 13:43:50.660809,9.781,8.25261560386211,0.29,22.316,1728.80425731704,9.70065185047292
2022-08-24,2022-08-24 13:58:50.660809,9.726,8.21997912974059,0.29,22.517,1682.30590679603,9.630063587988
2022-08-24,2022-08-24 14:13:50.660809,9.655,8.18384130223374,0.29,22.743,1630.01609979936,9.55320930332508
2022-08-24,2022-08-24 14:28:50.660809,9.583,8.15773512047385,0.29,22.927,1572.15883460221,9.47125592045429
2022-08-24,2022-08-24 14:43:50.660809,9.492,8.12184444362303,0.29,23.137,1508.98195940718,9.38427373313613
2022-08-24,2022-08-24 14:58:50.660809,9.419,8.10105768073627,0.29,23.279,1440.7561107382,9.29320642619028
2022-08-24,2022-08-24 15:13:50.660809,9.36,8.07974955228157,0.29,23.422,1367.77355394903,9.20020089768459
2022-08-24,2022-08-24 15:28:50.660809,9.085,8.06945385042457,0.28,23.489,1290.34693128239,9.11004215326047
2022-08-24,2022-08-24 15:43:50.660809,8.72,8.07024819333828,0.28,23.489,1208.80792262445,9.02394556229606
2022-08-24,2022-08-24 15:58:50.660809,8.674,8.08678167194683,0.28,23.388,1123.50582462412,8.93976396235689
2022-08-24,2022-08-24 16:13:50.660809,8.623,8.08988979659637,0.28,23.371,1034.80605430887,8.85623866354838
2022-08-24,2022-08-24 16:28:50.660809,8.564,8.0854305697081,0.28,23.405,943.088583874275,8.7689242931281
2022-08-24,2022-08-24 16:43:50.660809,8.493,8.08323681534148,0.28,23.413,848.74631277502,8.6772467507508
2022-08-24,2022-08-24 16:58:50.660809,8.388,8.10461187064771,0.27,23.296,752.1833848173,8.58659597695929
2022-08-24,2022-08-24 17:13:50.660809,8.251,8.12343618435041,0.28,23.162,653.81345674272,8.49811540881498
2022-08-24,2022-08-24 17:28:50.660809,8.108,8.14242649298461,0.27,23.053,554.057926225925,8.40913051848004
2022-08-24,2022-08-24 17:43:50.660809,8.016,8.15327012925727,0.27,22.978,453.344126742828,8.31860480363432
2022-08-24,2022-08-24 17:58:50.660809,7.954,8.16411382736401,0.27,22.902,352.103496959,8.22497185442684
2022-08-24,2022-08-24 18:13:50.660809,7.905,8.18444977081515,0.27,22.802,250.769732475823,8.13018736931356
2022-08-24,2022-08-24 18:28:50.660809,7.833,8.19192229014679,0.27,22.743,149.776927962022,8.03403747684645
2022-08-24,2022-08-24 18:43:50.660809,7.786,8.20503115788584,0.27,22.668,49.5577176788046,7.93597003789403
2022-08-24,2022-08-24 18:58:50.660809,7.714,8.22043187615322,0.27,22.576,0,7.84539727061028
2022-08-24,2022-08-24 19:13:50.660809,7.653,8.23277970031994,0.27,22.484,0,7.77549236187033
2022-08-24,2022-08-24 19:28:50.660809,7.622,8.25032027239661,0.27,22.4,0,7.72846399047899
2022-08-24,2022-08-24 19:43:50.660809,7.63,8.26955626132026,0.27,22.291,0,7.69891141485472
2022-08-24,2022-08-24 19:58:50.660809,7.615,8.28501996616187,0.26,22.216,0,7.67841462000852
2022-08-24,2022-08-24 20:13:50.660809,7.611,8.30460285870765,0.27,22.107,0,7.6678612633266
2022-08-24,2022-08-24 20:28:50.660809,7.618,8.31938833333484,0.27,22.015,0,7.667750954175
2022-08-24,2022-08-24 20:43:50.660809,7.618,8.33577150692938,0.27,21.898,0,7.67143599585243
2022-08-24,2022-08-24 20:58:50.660809,7.61,8.35425122905053,0.26,21.806,0,7.67502236607493
2022-08-24,2022-08-24 21:13:50.660809,7.628,8.37300969215127,0.27,21.681,0,7.68217226398267
2022-08-24,2022-08-24 21:28:50.660809,7.642,8.3900535852324,0.27,21.58,0,7.69505660426265
2022-08-24,2022-08-24 21:43:50.660809,7.658,8.40813094890004,0.27,21.455,0,7.70868385040588
2022-08-24,2022-08-24 21:58:50.660809,7.664,8.43366505442782,0.26,21.354,0,7.72062392519659
2022-08-24,2022-08-24 22:13:50.660809,7.703,8.45134915062185,0.26,21.237,0,7.7312813678583
2022-08-24,2022-08-24 22:28:50.660809,7.702,8.46391454634457,0.26,21.154,0,7.74266313305569
2022-08-24,2022-08-24 22:43:50.660809,7.715,8.48109585237967,0.26,21.053,0,7.75454148877879
2022-08-24,2022-08-24 22:58:50.660809,7.745,8.49402514988556,0.26,20.978,0,7.76684997229807
2022-08-24,2022-08-24 23:13:50.660809,7.774,8.52048958401227,0.26,20.836,0,7.78059663450921
2022-08-24,2022-08-24 23:28:50.660809,7.811,8.54058299899788,0.26,20.727,0,7.79626058928278
2022-08-24,2022-08-24 23:43:50.660809,7.833,8.55941797606271,0.27,20.61,0,7.81574822260118
2022-08-24,2022-08-24 23:58:50.660809,7.859,8.57660873738617,0.26,20.518,0,7.83435005677516
2022-08-24,2022-08-25 00:13:50.660809,7.876,8.59769857079779,0.26,20.409,0,7.84924482951417
2022-08-24,2022-08-25 00:28:50.660809,7.906,8.6145061376505,0.26,20.308,0,7.86469508747139
2022-08-24,2022-08-25 00:43:50.660809,7.925,8.62896127050301,0.26,20.224,0,7.87974829752523
2022-08-24,2022-08-25 00:58:50.660809,7.934,8.64852414022098,0.26,20.107,0,7.89482559603371
2022-08-24,2022-08-25 01:13:50.660809,7.943,8.66457373649886,0.26,20.015,0,7.91010752977736
2022-08-24,2022-08-25 01:28:50.660809,7.965,8.68064840913062,0.26,19.923,0,7.92514704348673
2022-08-24,2022-08-25 01:43:50.660809,8.012,8.70066408545723,0.26,19.831,0,7.94051723145775
2022-08-24,2022-08-25 01:58:50.660809,8.029,8.72158516712323,0.26,19.713,0,7.95669103609423
2022-08-24,2022-08-25 02:13:50.660809,8.034,8.73450678537395,0.26,19.63,0,7.97256851653618
2022-08-24,2022-08-25 02:28:50.660809,8.063,8.75543874712463,0.26,19.529,0,7.9882653773025
2022-08-24,2022-08-25 02:43:50.660809,8.078,8.77606657091943,0.26,19.428,0,8.00477003090458
2022-08-24,2022-08-25 02:58:50.660809,8.09,8.78221809831133,0.26,19.378,0,8.02011015051868
2022-08-24,2022-08-25 03:13:50.660809,8.131,8.79808252759612,0.26,19.277,0,8.03397575174991
2022-08-24,2022-08-25 03:28:50.660809,8.16,8.8215408369833,0.26,19.185,0,8.04884603200135
2022-08-24,2022-08-25 03:43:50.660809,8.191,8.84136454407497,0.26,19.076,0,8.06494436609789
2022-08-24,2022-08-25 03:58:50.660809,8.191,8.8628352323122,0.25,18.975,0,8.07802387417857
2022-08-25,2022-08-25 04:13:50.660809,8.208,8.87648214817646,0.25,18.891,0,8.208
2022-08-25,2022-08-25 04:28:50.660809,8.222,8.89499929810933,0.25,18.79,0,8.17817469795089
2022-08-25,2022-08-25 04:43:50.660809,8.248,8.917150632004,0.25,18.672,0,8.1600544085623
2022-08-25,2022-08-25 04:58:50.660809,8.254,8.93043920385014,0.25,18.597,0,8.15018025651934
2022-08-25,2022-08-25 05:13:50.660809,8.312,8.95975855005874,0.25,18.454,0,8.14731945832409
2022-08-25,2022-08-25 05:28:50.660809,8.34,8.97658592269657,0.25,18.369,97.1956944142482,8.16756646610261
2022-08-25,2022-08-25 05:43:50.660809,8.394,8.99185105374496,0.25,18.294,198.040302129551,8.22188866897099
2022-08-25,2022-08-25 05:58:50.660809,8.441,9.01113245530818,0.25,18.192,299.40833717764,8.30313312309799
2022-08-25,2022-08-25 06:13:50.660809,8.505,9.02880754810174,0.25,18.117,400.86555590438,8.40529976689036
2022-08-25,2022-08-25 06:28:50.660809,8.573,9.03583847862793,0.26,18.066,501.977332381192,8.52233423412304
2022-08-25,2022-08-25 06:43:50.660809,8.704,9.04110505729647,0.25,18.041,602.310520456412,8.64885250685603
2022-08-25,2022-08-25 06:58:50.660809,8.833,9.04386863853482,0.25,18.041,701.435309149941,8.78153750163078
2022-08-25,2022-08-25 07:13:50.660809,8.958,9.0381890026105,0.26,18.041,798.927064000421,8.91567127029691
2022-08-25,2022-08-25 07:28:50.660809,9.065,9.03794432437088,0.26,18.058,894.368146051193,9.04922912549736
2022-08-25,2022-08-25 07:43:50.660809,9.203,9.0336425676073,0.26,18.083,987.349700928448,9.18280216578193
2022-08-25,2022-08-25 07:58:50.660809,9.325,9.02227136160307,0.26,18.15,1077.47341045857,9.3140638224004
2022-08-25,2022-08-25 08:13:50.660809,9.42,9.0084519402267,0.26,18.201,1164.35319882864,9.44128190000694
2022-08-25,2022-08-25 08:28:50.660809,9.536,8.99145099614394,0.26,18.285,1247.61688657715,9.56343077193939
2022-08-25,2022-08-25 08:43:50.660809,9.634,8.96388735822907,0.26,18.428,1326.90778495072,9.67846759172153
2022-08-25,2022-08-25 08:58:50.660809,9.834,8.93608222441313,0.27,18.555,1401.88622382466,9.77963000433
2022-08-25,2022-08-25 09:13:50.660809,9.983,8.90264535255355,0.27,18.748,1472.23100692759,9.8671977661373
2022-08-25,2022-08-25 09:28:50.660809,9.983,8.87497249537165,0.27,18.891,1537.64078771674,9.94762008462676
2022-08-25,2022-08-25 09:43:50.660809,10.02,8.84084127193334,0.27,19.076,1597.83536031288,10.0206467449296
2022-08-25,2022-08-25 09:58:50.660809,10.037,8.81406167126481,0.27,19.218,1652.5568599277,10.0862323088089
2022-08-25,2022-08-25 10:13:50.660809,10.117,8.78158627769501,0.27,19.378,1701.57086741593,10.1444461593496
2022-08-25,2022-08-25 10:28:50.660809,10.157,8.74333839703313,0.28,19.554,1744.6674135945,10.1863670980294
2022-08-25,2022-08-25 10:43:50.660809,10.207,8.71379421026751,0.27,19.747,1781.661878701,10.2211610383395
2022-08-25,2022-08-25 10:58:50.660809,10.235,8.67986909401094,0.27,19.931,1812.39578325613,10.2559668256293
2022-08-25,2022-08-25 11:13:50.660809,10.234,8.64347199724878,0.27,20.124,1836.73746700798,10.2806070879675
2022-08-25,2022-08-25 11:28:50.660809,10.261,8.60778745934496,0.27,20.333,1854.58265294592,10.295001322456
2022-08-25,2022-08-25 11:43:50.660809,10.273,8.57056599033508,0.28,20.534,1865.8548940027,10.2915113839395
2022-08-25,2022-08-25 11:58:50.660809,10.259,8.52986573700402,0.28,20.76,1870.50590057074,10.2716210028717
2022-08-25,2022-08-25 12:13:50.660809,10.225,8.4847997558109,0.28,21.036,1868.51574737093,10.243611339994
2022-08-25,2022-08-25 12:28:50.660809,10.189,8.4402007595954,0.28,21.279,1859.89295882353,10.2068012004144
2022-08-25,2022-08-25 12:43:50.660809,10.154,8.3929537804043,0.28,21.547,1844.67447253077,10.1610714340258
2022-08-25,2022-08-25 12:58:50.660809,10.124,8.34665882315737,0.28,21.806,1822.92548107323,10.1063224464714
2022-08-25,2022-08-25 13:13:50.660809,10.076,8.30444003174789,0.28,22.065,1794.73915272151,10.04355496101
2022-08-25,2022-08-25 13:28:50.660809,9.993,8.26144892166831,0.28,22.325,1760.23623234319,9.97331243981635
2022-08-25,2022-08-25 13:43:50.660809,9.952,8.22843598714481,0.28,22.534,1719.56452416881,9.89713255804147
2022-08-25,2022-08-25 13:58:50.660809,9.917,8.19110078971279,0.28,22.793,1672.89825859965,9.81551156319898
2022-08-25,2022-08-25 14:13:50.660809,9.845,8.15437611751914,0.28,23.011,1620.43734588486,9.72761434110344
2022-08-25,2022-08-25 14:28:50.660809,9.76,8.15430227636386,0.27,23.061,1562.40651971206,9.64536686569752
2022-08-25,2022-08-25 14:43:50.660809,9.652,8.13415055553401,0.28,23.162,1499.05437448385,9.56247678903928
2022-08-25,2022-08-25 14:58:50.660809,9.54,8.11849433206302,0.27,23.271,1430.65230045546,9.47444249416884
2022-08-25,2022-08-25 15:13:50.660809,9.444,8.06503321363138,0.28,23.564,1357.49332102564,9.37669268436341
2022-08-25,2022-08-25 15:28:50.660809,9.353,8.03432253338288,0.28,23.782,1279.89083760159,9.26290933263499
2022-08-25,2022-08-25 15:43:50.660809,9.163,8.02068742500806,0.28,23.866,1198.17728699119,9.14760169071255
2022-08-25,2022-08-25 15:58:50.660809,9.039,8.01788389881449,0.28,23.891,1112.70271723114,9.03456558785646
2022-08-25,2022-08-25 16:13:50.660809,8.932,8.01958939824109,0.27,23.908,1023.83328819231,8.92721676020455
2022-08-25,2022-08-25 16:28:50.660809,8.805,8.00728971133125,0.28,23.925,931.949702856215,8.81898137223078
2022-08-25,2022-08-25 16:43:50.660809,8.673,8.01185110803794,0.28,23.916,837.445576533027,8.70688825760421
2022-08-25,2022-08-25 16:58:50.660809,8.507,8.02624829152324,0.27,23.841,740.725750681869,8.59895606993298
2022-08-25,2022-08-25 17:13:50.660809,8.332,8.039688508294,0.27,23.74,642.204558553816,8.4941493772616
2022-08-25,2022-08-25 17:28:50.660809,8.171,8.05291449074702,0.27,23.665,542.30405035722,8.38911454939193
2022-08-25,2022-08-25 17:43:50.660809,8.04,8.07552270186411,0.27,23.522,441.452185178321,8.28465057307893
2022-08-25,2022-08-25 17:58:50.660809,7.974,8.09382205498988,0.27,23.422,340.08099766998,8.18091126877972
2022-08-25,2022-08-25 18:13:50.660809,7.897,8.10981804948716,0.27,23.313,238.624747357542,8.07651353774497
2022-08-25,2022-08-25 18:28:50.660809,7.829,8.12090070727602,0.27,23.246,137.518058280842,7.97057160179672
2022-08-25,2022-08-25 18:43:50.660809,7.755,8.13781315844182,0.27,23.128,37.194057047668,7.86364767023646
2022-08-25,2022-08-25 18:58:50.660809,7.666,8.15628835101393,0.27,23.036,0,7.76728353351662
2022-08-25,2022-08-25 19:13:50.660809,7.609,8.17563287560198,0.26,22.927,0,7.69182734028885
2022-08-25,2022-08-25 19:28:50.660809,7.576,8.193252997167,0.27,22.81,0,7.64095915447234
2022-08-25,2022-08-25 19:43:50.660809,7.552,8.21769831273023,0.26,22.685,0,7.60870517979111
2022-08-25,2022-08-25 19:58:50.660809,7.524,8.23869619203626,0.26,22.542,0,7.58703091117002
2022-08-25,2022-08-25 20:13:50.660809,7.527,8.25672102023946,0.26,22.434,0,7.57569362501975
2022-08-25,2022-08-25 20:28:50.660809,7.52,8.2706131115363,0.26,22.35,0,7.5711202490896
2022-08-25,2022-08-25 20:43:50.660809,7.523,8.29033502713756,0.26,22.233,0,7.57170966638747
2022-08-25,2022-08-25 20:58:50.660809,7.497,8.30184876671807,0.26,22.157,0,7.5758004766198
2022-08-25,2022-08-25 21:13:50.660809,7.512,8.31470051429727,0.25,22.082,0,7.57795559982559
2022-08-25,2022-08-25 21:28:50.660809,7.474,8.32492831595936,0.26,22.024,0,7.58225237704575
2022-08-25,2022-08-25 21:43:50.660809,7.484,8.33856267233848,0.26,21.931,0,7.59189282298009
2022-08-25,2022-08-25 21:58:50.660809,7.532,8.35050609918252,0.26,21.848,0,7.60194149269
2022-08-25,2022-08-25 22:13:50.660809,7.538,8.36485220987783,0.26,21.756,0,7.61238365821841
2022-08-25,2022-08-25 22:28:50.660809,7.58,8.39055283524738,0.26,21.614,0,7.62475261740972
2022-08-25,2022-08-25 22:43:50.660809,7.596,8.4049486403537,0.26,21.513,0,7.63852948487764
2022-08-25,2022-08-25 22:58:50.660809,7.627,8.42580411506632,0.25,21.404,0,7.64908077933637
2022-08-25,2022-08-25 23:13:50.660809,7.655,8.43596916355479,0.26,21.304,0,7.66040504270599
2022-08-25,2022-08-25 23:28:50.660809,7.672,8.45221411746982,0.26,21.195,0,7.67542122234232
2022-08-25,2022-08-25 23:43:50.660809,7.67,8.47170454761765,0.26,21.087,0,7.69064191568093
2022-08-25,2022-08-25 23:58:50.660809,7.692,8.4890639353772,0.25,20.986,0,7.70245590986577
2022-08-25,2022-08-26 00:13:50.660809,7.71,8.50293171516001,0.26,20.903,0,7.71478978179865
2022-08-25,2022-08-26 00:28:50.660809,7.731,8.52419801746866,0.25,20.785,0,7.72796041351482
2022-08-25,2022-08-26 00:43:50.660809,7.759,8.53741485961336,0.26,20.693,0,7.74164825039617
2022-08-25,2022-08-26 00:58:50.660809,7.783,8.5472062358797,0.26,20.626,0,7.75811399718045
2022-08-25,2022-08-26 01:13:50.660809,7.784,8.56163860411192,0.26,20.551,0,7.77313060524713
2022-08-25,2022-08-26 01:28:50.660809,7.823,8.58387307200297,0.25,20.425,0,7.784766135961
2022-08-25,2022-08-26 01:43:50.660809,7.821,8.5936744929334,0.26,20.358,0,7.79703222455204
2022-08-25,2022-08-26 01:58:50.660809,7.854,8.61677258134573,0.25,20.233,0,7.80987262181927
2022-08-25,2022-08-26 02:13:50.660809,7.868,8.63091091372148,0.25,20.149,0,7.81991615428297
2022-08-25,2022-08-26 02:28:50.660809,7.889,8.64302954807411,0.26,20.04,0,7.83397810507358
2022-08-25,2022-08-26 02:43:50.660809,7.909,8.68340981711248,0.24,19.931,0,7.84648837987794
2022-08-25,2022-08-26 02:58:50.660809,7.929,8.68932205744714,0.25,19.831,0,7.85738869259476
2022-08-25,2022-08-26 03:13:50.660809,7.96,8.70810509352976,0.25,19.705,0,7.87210892954784
2022-08-25,2022-08-26 03:28:50.660809,7.977,8.72149482072333,0.25,19.63,0,7.88665210314374
2022-08-25,2022-08-26 03:43:50.660809,8.007,8.73627277332349,0.25,19.537,0,7.90064955689052
2022-08-25,2022-08-26 03:58:50.660809,8.01,8.75425376376459,0.25,19.437,0,7.91473829141137
2022-08-26,2022-08-26 04:13:50.660809,8.034,8.77402924932399,0.25,19.336,0,8.034
2022-08-26,2022-08-26 04:28:50.660809,8.063,8.79375491164569,0.25,19.218,0,8.01896352808219
2022-08-26,2022-08-26 04:43:50.660809,8.099,8.81149210079313,0.25,19.134,0,8.01117476263424
2022-08-26,2022-08-26 04:58:50.660809,8.117,8.82587029410179,0.25,19.042,0,8.00840570209027
2022-08-26,2022-08-26 05:13:50.660809,8.141,8.84561187093763,0.25,18.933,0,8.00966487253171
2022-08-26,2022-08-26 05:28:50.660809,8.174,8.85485468070329,0.25,18.882,88.6025292133325,8.02863251666105
2022-08-26,2022-08-26 05:43:50.660809,8.228,8.87067135187216,0.25,18.798,189.582562171816,8.07812325400526
2022-08-26,2022-08-26 05:58:50.660809,8.265,8.88024960689018,0.25,18.748,291.078375155275,8.15350704240893
2022-08-26,2022-08-26 06:13:50.660809,8.301,8.88925244695322,0.25,18.698,392.655172538739,8.24839522815525
2022-08-26,2022-08-26 06:28:50.660809,8.38,8.89328206286561,0.25,18.672,493.87781162639,8.35780978092761
2022-08-26,2022-08-26 06:43:50.660809,8.506,8.89555161135105,0.25,18.647,594.312666805915,8.47761143745849
2022-08-26,2022-08-26 06:58:50.660809,8.639,8.89972467010169,0.25,18.639,693.529487146312,8.60518758567439
2022-08-26,2022-08-26 07:13:50.660809,8.785,8.89818157997748,0.25,18.63,791.103239464622,8.73791135887109
2022-08-26,2022-08-26 07:28:50.660809,8.931,8.88860084040802,0.26,18.664,886.615929173695,8.87023514885032
2022-08-26,2022-08-26 07:43:50.660809,9.028,8.88089825992956,0.26,18.706,979.658390997646,9.00015462557753
2022-08-26,2022-08-26 07:58:50.660809,9.155,8.87075769509179,0.26,18.756,1069.83204163934,9.12880645462964
2022-08-26,2022-08-26 08:13:50.660809,9.289,8.85690227935266,0.26,18.815,1156.75058736879,9.25469144939094
2022-08-26,2022-08-26 08:28:50.660809,9.392,8.841287869704,0.25,18.908,1240.04167881926,9.38108311843354
2022-08-26,2022-08-26 08:43:50.660809,9.494,8.82096396797628,0.26,19,1319.3485061585,9.50117567197196
2022-08-26,2022-08-26 08:58:50.660809,9.585,8.79670237785463,0.26,19.143,1394.33132755858,9.60925311635861
2022-08-26,2022-08-26 09:13:50.660809,9.673,8.76756736567285,0.26,19.294,1464.66892462194,9.70979474050794
2022-08-26,2022-08-26 09:28:50.660809,9.746,8.73293180111278,0.26,19.479,1530.05997850746,9.80142302462214
2022-08-26,2022-08-26 09:43:50.660809,9.821,8.69858799169926,0.26,19.646,1590.22436067807,9.88363504385095
2022-08-26,2022-08-26 09:58:50.660809,9.881,8.66456558046536,0.26,19.847,1644.90433300357,9.95660895606975
2022-08-26,2022-08-26 10:13:50.660809,9.929,8.62781716147703,0.27,20.023,1693.86565188124,10.0131749602648
2022-08-26,2022-08-26 10:28:50.660809,9.985,8.59090257792661,0.27,20.216,1736.89857167889,10.0544557093775
2022-08-26,2022-08-26 10:43:50.660809,10.007,8.56694547693935,0.27,20.384,1773.81874331224,10.0901054780343
2022-08-26,2022-08-26 10:58:50.660809,10.055,8.52978363444056,0.27,20.584,1804.46800397023,10.1192804511296
2022-08-26,2022-08-26 11:13:50.660809,10.09,8.49716983139917,0.27,20.769,1828.71505467071,10.1402912473511
2022-08-26,2022-08-26 11:28:50.660809,10.115,8.46306139719571,0.27,20.961,1846.45602276452,10.1532998320196
2022-08-26,2022-08-26 11:43:50.660809,10.127,8.42417003137759,0.28,21.162,1857.61490688589,10.1498797613964
2022-08-26,2022-08-26 11:58:50.660809,10.16,8.38989437533986,0.27,21.371,1862.1439025713,10.1390033151748
2022-08-26,2022-08-26 12:13:50.660809,10.152,8.35141239008931,0.28,21.58,1860.02360705756,10.1202935857911
2022-08-26,2022-08-26 12:28:50.660809,10.189,8.30335224858321,0.28,21.831,1851.26310239961,10.0843498390766
2022-08-26,2022-08-26 12:43:50.660809,10.22,8.26084055028632,0.28,22.099,1835.89991659167,10.0398460331327
2022-08-26,2022-08-26 12:58:50.660809,10.146,8.22238418763628,0.28,22.35,1813.99986278875,9.98802633229181
2022-08-26,2022-08-26 13:13:50.660809,10.089,8.16800469667306,0.29,22.651,1785.65675739602,9.92068783527472
2022-08-26,2022-08-26 13:28:50.660809,9.958,8.13712041250346,0.28,22.902,1750.99201819734,9.84712419028884
2022-08-26,2022-08-26 13:43:50.660809,9.843,8.10327079906084,0.27,23.112,1710.15414417091,9.78294467872109
2022-08-26,2022-08-26 13:58:50.660809,9.798,8.07524900485049,0.27,23.304,1663.31807941905,9.71805905659812
2022-08-26,2022-08-26 14:13:50.660809,9.69,8.05028601055039,0.27,23.489,1610.68446364992,9.64541373303829
2022-08-26,2022-08-26 14:28:50.660809,9.603,8.01813930838221,0.27,23.673,1552.47877275046,9.56478795703679
2022-08-26,2022-08-26 14:43:50.660809,9.527,7.99099665215436,0.27,23.849,1488.95035285092,9.47635968015948
2022-08-26,2022-08-26 14:58:50.660809,9.414,7.97383670099135,0.27,23.975,1420.37135212214,9.38272410588679
2022-08-26,2022-08-26 15:13:50.660809,9.328,7.95695031250147,0.27,24.051,1347.0355549774,9.28548748491168
2022-08-26,2022-08-26 15:28:50.660809,9.25,7.94410219489172,0.27,24.143,1269.25712352403,9.18490510285902
2022-08-26,2022-08-26 15:43:50.660809,9.105,7.93740532215176,0.27,24.21,1187.36925175547,9.08189371281248
2022-08-26,2022-08-26 15:58:50.660809,8.967,7.93743091048261,0.27,24.21,1101.72273814839,8.97785479559367
2022-08-26,2022-08-26 16:13:50.660809,8.854,7.93725241732866,0.27,24.235,1012.68448287997,8.87294003366438
2022-08-26,2022-08-26 16:28:50.660809,8.675,7.95284390865944,0.26,24.135,920.635916165293,8.77083191200582
2022-08-26,2022-08-26 16:43:50.660809,8.509,7.97112184159699,0.26,24.017,825.971364064269,8.67200482692112
2022-08-26,2022-08-26 16:58:50.660809,8.464,7.99225480772965,0.26,23.883,729.096359502209,8.57267775667922
2022-08-26,2022-08-26 17:13:50.660809,8.348,8.01655036552282,0.26,23.732,630.425904764456,8.47295770376383
2022-08-26,2022-08-26 17:28:50.660809,8.146,8.03772081530976,0.26,23.614,530.382693797482,8.37222130106413
2022-08-26,2022-08-26 17:43:50.660809,8.007,8.05314826492219,0.26,23.505,429.395301380093,8.26900706311496
2022-08-26,2022-08-26 17:58:50.660809,7.945,8.07350369956514,0.26,23.371,327.896347289292,8.16343394493664
2022-08-26,2022-08-26 18:13:50.660809,7.879,8.09270812097348,0.26,23.262,226.320642733874,8.05629799359263
2022-08-26,2022-08-26 18:28:50.660809,7.766,8.11758144213952,0.26,23.12,125.103327961758,7.94839778580715
2022-08-26,2022-08-26 18:43:50.660809,7.693,8.13403856032229,0.26,22.994,24.6780079482227,7.83957850631722
2022-08-26,2022-08-26 18:58:50.660809,7.629,8.16460282098925,0.26,22.827,0,7.74291623209343
2022-08-26,2022-08-26 19:13:50.660809,7.594,8.1974233608578,0.25,22.643,0,7.66987039453902
2022-08-26,2022-08-26 19:28:50.660809,7.565,8.22549419686893,0.26,22.467,0,7.62165273980926
2022-08-26,2022-08-26 19:43:50.660809,7.543,8.2437041435547,0.26,22.341,0,7.59389445435311
2022-08-26,2022-08-26 19:58:50.660809,7.521,8.26216477349661,0.25,22.224,0,7.57336054386151
2022-08-26,2022-08-26 20:13:50.660809,7.506,8.28156161021756,0.25,22.124,0,7.5584358874254
2022-08-26,2022-08-26 20:28:50.660809,7.49,8.30202733055406,0.25,22.015,0,7.55152345201628
2022-08-26,2022-08-26 20:43:50.660809,7.496,8.32778662397522,0.25,21.856,0,7.55128588811484
2022-08-26,2022-08-26 20:58:50.660809,7.494,8.34500791563073,0.25,21.747,0,7.55569009805806
2022-08-26,2022-08-26 21:13:50.660809,7.497,8.36053527778934,0.25,21.639,0,7.56247790812495
2022-08-26,2022-08-26 21:28:50.660809,7.506,8.38062743234405,0.25,21.522,0,7.57138924545634
2022-08-26,2022-08-26 21:43:50.660809,7.504,8.40186213320977,0.25,21.413,0,7.58258473793218
2022-08-26,2022-08-26 21:58:50.660809,7.525,8.41307088798084,0.25,21.321,0,7.59450747672088
2022-08-26,2022-08-26 22:13:50.660809,7.537,8.43526349231679,0.25,21.187,0,7.60703034579585
2022-08-26,2022-08-26 22:28:50.660809,7.542,8.44816157560516,0.26,21.078,0,7.62372749613759
2022-08-26,2022-08-26 22:43:50.660809,7.583,8.47335635878484,0.25,20.944,0,7.64039904679966
2022-08-26,2022-08-26 22:58:50.660809,7.612,8.49445597131181,0.24,20.844,0,7.65062382063537
2022-08-26,2022-08-26 23:13:50.660809,7.633,8.50627915098411,0.25,20.744,0,7.66183654747193
2022-08-26,2022-08-26 23:28:50.660809,7.637,8.5255765256216,0.25,20.626,0,7.67740000685696
2022-08-26,2022-08-26 23:43:50.660809,7.667,8.55606740477657,0.24,20.501,0,7.69069669603233
2022-08-26,2022-08-26 23:58:50.660809,7.69,8.56947187723149,0.25,20.384,0,7.70542375871382
2022-08-26,2022-08-27 00:13:50.660809,7.714,8.59430216498531,0.24,20.258,0,7.7205692630605
2022-08-26,2022-08-27 00:28:50.660809,7.747,8.61501850979298,0.24,20.149,0,7.73303933040011
2022-08-26,2022-08-27 00:43:50.660809,7.792,8.62426788168963,0.25,20.032,0,7.7493917229265
2022-08-26,2022-08-27 00:58:50.660809,7.795,8.64769920195518,0.24,19.94,0,7.76521292085827
2022-08-26,2022-08-27 01:13:50.660809,7.829,8.67464598184809,0.24,19.797,0,7.77873657131387
2022-08-26,2022-08-27 01:28:50.660809,7.855,8.69977138700985,0.24,19.646,0,7.79439352377538
2022-08-26,2022-08-27 01:43:50.660809,7.873,8.71008948144169,0.24,19.571,0,7.8099452989752
2022-08-26,2022-08-27 01:58:50.660809,7.911,8.73660079741054,0.24,19.437,0,7.82561154914684
2022-08-26,2022-08-27 02:13:50.660809,7.923,8.75131460064014,0.24,19.344,0,7.84182376608522
2022-08-26,2022-08-27 02:28:50.660809,7.926,8.76817328590423,0.25,19.235,0,7.861289258515
2022-08-26,2022-08-27 02:43:50.660809,7.947,8.7897124058212,0.23,19.143,0,7.87595988449618
2022-08-26,2022-08-27 02:58:50.660809,7.965,8.80576754714371,0.24,19.042,0,7.88719057825698
2022-08-26,2022-08-27 03:13:50.660809,7.975,8.82575830817368,0.24,18.933,0,7.90362756532987
2022-08-26,2022-08-27 03:28:50.660809,8.032,8.84411957798222,0.24,18.824,0,7.92011325752038
2022-08-26,2022-08-27 03:43:50.660809,8.086,8.86477970110047,0.24,18.706,0,7.93668509928304
2022-08-26,2022-08-27 03:58:50.660809,8.104,8.88205235547756,0.25,18.605,0,7.95710232340645
2022-08-27,2022-08-27 04:13:50.660809,8.12,8.90776164826499,0.24,18.487,0,8.12
2022-08-27,2022-08-27 04:28:50.660809,8.125,8.93442075962179,0.24,18.361,0,8.21523553715755
2022-08-27,2022-08-27 04:43:50.660809,8.145,8.95544081797,0.24,18.235,0,8.30120249734593
2022-08-27,2022-08-27 04:58:50.660809,8.161,8.97049680133787,0.24,18.159,0,8.37843608826548
2022-08-27,2022-08-27 05:13:50.660809,8.2,8.98479515496677,0.24,18.083,0,8.44769604788654
2022-08-27,2022-08-27 05:28:50.660809,8.272,8.99810777971402,0.24,17.999,79.9672338922021,8.51469106423267
2022-08-27,2022-08-27 05:43:50.660809,8.35,9.01454043786176,0.24,17.923,181.079993198008,8.58593292980951
2022-08-27,2022-08-27 05:58:50.660809,8.418,9.02091141235445,0.24,17.889,282.700635807829,8.6618197921457
2022-08-27,2022-08-27 06:13:50.660809,8.495,9.03126257643538,0.24,17.838,384.393826908693,8.74146857486295
2022-08-27,2022-08-27 06:28:50.660809,8.606,9.04330690849662,0.24,17.805,485.723920864674,8.82476422935439
2022-08-27,2022-08-27 06:43:50.660809,8.65,9.03752028719181,0.25,17.788,586.256827381614,8.90891781119786
2022-08-27,2022-08-27 06:58:50.660809,8.693,9.06339183944584,0.24,17.678,685.561871141841,8.99585880866174
2022-08-27,2022-08-27 07:13:50.660809,8.711,9.08128206131984,0.25,17.568,783.213636762488,9.08608334630155
2022-08-27,2022-08-27 07:28:50.660809,8.736,9.09968803494901,0.24,17.484,878.79379132027,9.17901863941838
2022-08-27,2022-08-27 07:43:50.660809,8.799,9.11839038356328,0.25,17.382,971.892876357763,9.27370036636761
2022-08-27,2022-08-27 07:58:50.660809,8.875,9.14262938024603,0.24,17.297,1062.11206205378,9.37044554265969
2022-08-27,2022-08-27 08:13:50.660809,8.982,9.15315941194073,0.24,17.213,1149.06485577961,9.47039275369792
2022-08-27,2022-08-27 08:28:50.660809,9.044,9.17570676067176,0.24,17.111,1232.37875774013,9.57046118057779
2022-08-27,2022-08-27 08:43:50.660809,9.156,9.17981228532999,0.24,17.086,1311.69685679112,9.66978853957458
2022-08-27,2022-08-27 08:58:50.660809,9.354,9.2095270965288,0.23,17.001,1386.67935948369,9.77192935861594
2022-08-27,2022-08-27 09:13:50.660809,9.476,9.19969216984891,0.24,17.009,1457.00504559558,9.87163985348373
2022-08-27,2022-08-27 09:28:50.660809,9.703,9.2117504552989,0.24,16.959,1522.37264430598,9.96405480025133
2022-08-27,2022-08-27 09:43:50.660809,9.877,9.20092030224423,0.25,16.975,1582.50212478908,10.0491913301263
2022-08-27,2022-08-27 09:58:50.660809,10.021,9.19883074469181,0.25,17.001,1637.13589590128,10.1262048770222
2022-08-27,2022-08-27 10:13:50.660809,10.163,9.18724333777293,0.25,17.052,1686.0399096406,10.1988713487999
2022-08-27,2022-08-27 10:28:50.660809,10.288,9.1751361916885,0.25,17.12,1729.00466380678,10.2663482464525
2022-08-27,2022-08-27 10:43:50.660809,10.368,9.1703665247104,0.24,17.153,1765.84609952964,10.3331260749054
2022-08-27,2022-08-27 10:58:50.660809,10.596,9.15340954832506,0.25,17.23,1796.4063897642,10.3941001064762
2022-08-27,2022-08-27 11:13:50.660809,10.662,9.13965925976175,0.25,17.306,1820.55461540157,10.4444592291802
2022-08-27,2022-08-27 11:28:50.660809,10.734,9.12690990422432,0.25,17.357,1838.1873261308,10.4891701589393
2022-08-27,2022-08-27 11:43:50.660809,10.806,9.09273164975829,0.25,17.534,1849.22898365059,10.5266588690327
2022-08-27,2022-08-27 11:58:50.660809,10.873,9.0893699311483,0.25,17.568,1853.63228525336,10.5576417027501
2022-08-27,2022-08-27 12:13:50.660809,10.932,9.06941410285573,0.25,17.661,1851.37836648089,10.5831865509841
2022-08-27,2022-08-27 12:28:50.660809,10.967,9.05753337470722,0.25,17.729,1842.47688195244,10.6025777495704
2022-08-27,2022-08-27 12:43:50.660809,10.942,9.03565824260794,0.25,17.813,1826.9659640199,10.6156952782224
2022-08-27,2022-08-27 12:58:50.660809,10.788,9.04043442053544,0.25,17.813,1804.91205940937,10.623752404178
2022-08-27,2022-08-27 13:13:50.660809,10.715,9.03816571080391,0.25,17.821,1776.40964459382,10.628030809871
2022-08-27,2022-08-27 13:28:50.660809,10.808,9.04368469542318,0.25,17.771,1741.58082104904,10.628434964422
2022-08-27,2022-08-27 13:43:50.660809,10.834,9.03519900404804,0.25,17.821,1700.57479220683,10.62423373829
2022-08-27,2022-08-27 13:58:50.660809,10.914,9.0161259422703,0.25,17.923,1653.56722430882,10.6133863031064
2022-08-27,2022-08-27 14:13:50.660809,10.887,8.99866210647741,0.25,18.015,1600.75949379909,10.5953726333145
2022-08-27,2022-08-27 14:28:50.660809,10.843,8.97411936956854,0.24,18.159,1542.37782471723,10.5735693608868
2022-08-27,2022-08-27 14:43:50.660809,10.749,8.94781921792038,0.25,18.285,1478.67231959213,10.5435945780683
2022-08-27,2022-08-27 14:58:50.660809,10.663,8.94332152070917,0.25,18.31,1409.91588792784,10.5038493745318
2022-08-27,2022-08-27 15:13:50.660809,10.55,8.92046899212142,0.25,18.428,1336.40307721844,10.458832130029
2022-08-27,2022-08-27 15:28:50.660809,10.396,8.91253325457307,0.25,18.487,1258.44881098774,10.4083901319508
2022-08-27,2022-08-27 15:43:50.660809,10.287,8.91666936179593,0.25,18.47,1176.38703983875,10.3547521054067
2022-08-27,2022-08-27 15:58:50.660809,10.235,8.91716531266124,0.25,18.454,1090.56931069511,10.2985787030518
2022-08-27,2022-08-27 16:13:50.660809,10.114,8.91945164974904,0.25,18.437,1001.36326090794,10.239655288212
2022-08-27,2022-08-27 16:28:50.660809,9.955,8.91577346872029,0.25,18.462,909.151043234219,10.1776086223216
2022-08-27,2022-08-27 16:43:50.660809,9.713,8.9266211497423,0.25,18.42,814.327688791231,10.1130930947443
2022-08-27,2022-08-27 16:58:50.660809,9.608,8.93817144298047,0.25,18.361,717.299414776244,10.0472542764976
2022-08-27,2022-08-27 17:13:50.660809,9.5,8.9526449352784,0.25,18.277,618.481884207844,9.98030244880363
2022-08-27,2022-08-27 17:28:50.660809,9.423,8.96648565771024,0.25,18.218,518.298425252647,9.91230618645935
2022-08-27,2022-08-27 17:43:50.660809,9.296,8.98583143275483,0.25,18.108,417.178217820212,9.84356308017307
2022-08-27,2022-08-27 17:58:50.660809,9.161,9.00363940285268,0.25,17.999,315.554454797419,9.7743540961663
2022-08-27,2022-08-27 18:13:50.660809,9.065,9.02207742566912,0.26,17.889,213.862486464116,9.70421686631349
2022-08-27,2022-08-27 18:28:50.660809,8.977,9.03977200348825,0.26,17.762,112.537955396226,9.63345735692782
2022-08-27,2022-08-27 18:43:50.660809,8.908,9.07586276325295,0.25,17.644,12.0149301194002,9.56376717063217
2022-08-27,2022-08-27 18:58:50.660809,8.842,9.09864538279372,0.24,17.551,0,9.50004466460685
2022-08-27,2022-08-27 19:13:50.660809,8.791,9.11828116325277,0.4,17.45,0,9.44725220647252
2022-08-27,2022-08-27 19:28:50.660809,8.948,9.16013901883082,0.41,17.238,0,9.40606316752597
2022-08-27,2022-08-27 19:43:50.660809,9.058,9.222313237661,0.41,16.942,0,9.37650815691542
2022-08-27,2022-08-27 19:58:50.660809,9.126,9.26294377957323,0.42,16.704,0,9.35698280104805
2022-08-27,2022-08-27 20:13:50.660809,9.232,9.3314997599595,0.43,16.338,0,9.34655816300076
2022-08-27,2022-08-27 20:28:50.660809,9.297,9.38578004360369,0.43,16.083,0,9.34481367601532
2022-08-27,2022-08-27 20:43:50.660809,9.304,9.39153674183132,0.43,16.048,0,9.34685333789193
2022-08-27,2022-08-27 20:58:50.660809,9.308,9.38962091922848,0.43,16.057,0,9.34887716128871
2022-08-27,2022-08-27 21:13:50.660809,9.342,9.40476035848918,0.43,15.972,0,9.35144030241587
2022-08-27,2022-08-27 21:28:50.660809,9.372,9.43298207068232,0.44,15.843,0,9.3562880565772
2022-08-27,2022-08-27 21:43:50.660809,9.419,9.47482531746752,0.44,15.647,0,9.36469937676838
2022-08-27,2022-08-27 21:58:50.660809,9.485,9.52070944245191,0.44,15.424,0,9.37721256225798
2022-08-27,2022-08-27 22:13:50.660809,9.532,9.5599165772267,0.45,15.235,0,9.39319067097905
2022-08-27,2022-08-27 22:28:50.660809,9.543,9.57635329996675,0.46,15.166,0,9.41055740757999
2022-08-27,2022-08-27 22:43:50.660809,9.567,9.58223325790392,0.46,15.124,0,9.42720709486306
2022-08-27,2022-08-27 22:58:50.660809,9.579,9.59281519557975,0.46,15.089,0,9.44285947204173
2022-08-27,2022-08-27 23:13:50.660809,9.596,9.59902569515955,0.47,15.046,0,9.45768314163067
2022-08-27,2022-08-27 23:28:50.660809,9.609,9.60808244061396,0.48,14.986,0,9.47171221061312
2022-08-27,2022-08-27 23:43:50.660809,9.624,9.62367097943275,0.47,14.943,0,9.48552149037277
2022-08-27,2022-08-27 23:58:50.660809,9.633,9.63451895986666,0.47,14.9,0,9.49921414577415
2022-08-27,2022-08-28 00:13:50.660809,9.659,9.64811692125125,0.47,14.839,0,9.51271517048766
2022-08-27,2022-08-28 00:28:50.660809,9.673,9.65895748829673,0.48,14.788,0,9.52607558432533
2022-08-27,2022-08-28 00:43:50.660809,9.666,9.65735121837329,0.48,14.788,0,9.53844799063369
2022-08-27,2022-08-28 00:58:50.660809,9.695,9.67318409854362,0.49,14.727,0,9.5502318450245
2022-08-27,2022-08-28 01:13:50.660809,9.708,9.68255061847772,0.48,14.684,0,9.56209058421247
2022-08-27,2022-08-28 01:28:50.660809,9.712,9.69200418760004,0.48,14.641,0,9.57362286040808
2022-08-27,2022-08-28 01:43:50.660809,9.721,9.6952591893889,0.49,14.615,0,9.58457729843001
2022-08-27,2022-08-28 01:58:50.660809,9.732,9.71356988309561,0.5,14.546,0,9.5955519652799
2022-08-27,2022-08-28 02:13:50.660809,9.757,9.73034576239115,0.47,14.486,0,9.60719680890115
2022-08-27,2022-08-28 02:28:50.660809,9.769,9.73681247284458,0.49,14.442,0,9.61879231315533
2022-08-27,2022-08-28 02:43:50.660809,9.79,9.75557785119908,0.49,14.356,0,9.63053927841862
2022-08-27,2022-08-28 02:58:50.660809,9.8,9.76084273311703,0.49,14.33,0,9.64229668982693
2022-08-27,2022-08-28 03:13:50.660809,9.807,9.77519334579159,0.49,14.261,0,9.65381427935771
2022-08-27,2022-08-28 03:28:50.660809,9.821,9.79346275132819,0.49,14.2,0,9.66585275507379
2022-08-27,2022-08-28 03:43:50.660809,9.836,9.80402805364408,0.5,14.139,0,9.67816648397771
2022-08-27,2022-08-28 03:58:50.660809,9.857,9.8186388216353,0.49,14.087,0,9.69048941778196
2022-08-28,2022-08-28 04:13:50.660809,9.871,9.82920565674362,0.5,14.026,0,9.871
2022-08-28,2022-08-28 04:28:50.660809,9.881,9.84454406111155,0.5,13.965,0,9.88431537052282
2022-08-28,2022-08-28 04:43:50.660809,9.904,9.85501282790825,0.49,13.913,0,9.8977667568856
2022-08-28,2022-08-28 04:58:50.660809,9.914,9.87225140988973,0.49,13.852,0,9.91152361151592
2022-08-28,2022-08-28 05:13:50.660809,9.924,9.87740217649786,0.49,13.818,0,9.92475740308032
2022-08-28,2022-08-28 05:28:50.660809,9.945,9.8960147494505,0.5,13.748,71.2914418223379,9.93821295745723
2022-08-28,2022-08-28 05:43:50.660809,9.973,9.91080342485403,0.49,13.696,172.534058044791,9.95409058316233
2022-08-28,2022-08-28 05:58:50.660809,9.971,9.91495752431906,0.5,13.67,274.276418689301,9.97064186070126
2022-08-28,2022-08-28 06:13:50.660809,9.98,9.9223844741911,0.48,13.635,376.082663353237,9.98730473638744
2022-08-28,2022-08-28 06:28:50.660809,10.016,9.93632632266273,0.49,13.591,477.51665784989,10.0050434620037
2022-08-28,2022-08-28 06:43:50.660809,10.03,9.94336988898965,0.5,13.565,578.143862591325,10.0226991026113
2022-08-28,2022-08-28 06:58:50.660809,10.04,9.94646046987354,0.5,13.556,677.533194140589,10.0394146267886
2022-08-28,2022-08-28 07:13:50.660809,10.038,9.94691942258232,0.48,13.556,775.258871959811,10.0557187474377
2022-08-28,2022-08-28 07:28:50.660809,10.049,9.94097902695692,0.49,13.574,870.902242415038,10.0703547739557
2022-08-28,2022-08-28 07:43:50.660809,10.072,9.93025042120633,0.51,13.582,964.053572328346,10.0809442978127
2022-08-28,2022-08-28 07:58:50.660809,10.08,9.93287752605505,0.5,13.582,1054.31380426175,10.0899145478781
2022-08-28,2022-08-28 08:13:50.660809,10.097,9.9334168019283,0.5,13.608,1141.29626601804,10.0994706913842
2022-08-28,2022-08-28 08:28:50.660809,10.081,9.91715664291396,0.5,13.687,1224.62832712003,10.1070340499674
2022-08-28,2022-08-28 08:43:50.660809,10.091,9.89684542913519,0.51,13.765,1303.95299528431,10.1102866570662
2022-08-28,2022-08-28 08:58:50.660809,10.075,9.87732557555427,0.49,13.87,1378.93044561444,10.1106054375608
2022-08-28,2022-08-28 09:13:50.660809,10.071,9.85219986282975,0.49,13.983,1449.23947649339,10.1084311414522
2022-08-28,2022-08-28 09:28:50.660809,10.074,9.83928627617208,0.49,14.052,1514.57888558639,10.1039640118171
2022-08-28,2022-08-28 09:43:50.660809,10.063,9.8102312965923,0.5,14.183,1574.66876018809,10.0966100117011
2022-08-28,2022-08-28 09:58:50.660809,10.068,9.78783495093009,0.49,14.261,1629.25167635426,10.0863763490018
2022-08-28,2022-08-28 10:13:50.660809,10.051,9.76273156707306,0.51,14.364,1678.09380174937,10.0736321237307
2022-08-28,2022-08-28 10:28:50.660809,10.036,9.7383045768675,0.49,14.486,1720.98589733837,10.0590691871526
2022-08-28,2022-08-28 10:43:50.660809,10.026,9.71089820985983,0.49,14.607,1757.74421377711,10.0437441608461
2022-08-28,2022-08-28 10:58:50.660809,10.031,9.69382256491991,0.5,14.702,1788.21127862713,10.0268563594078
2022-08-28,2022-08-28 11:13:50.660809,10.013,9.66689792171833,0.5,14.814,1812.25657093392,10.0086559307746
2022-08-28,2022-08-28 11:28:50.660809,9.982,9.6281222669877,0.49,14.977,1829.77708041611,9.98803589804995
2022-08-28,2022-08-28 11:43:50.660809,9.975,9.60492078847679,0.49,15.098,1840.6977487405,9.96576530225725
2022-08-28,2022-08-28 11:58:50.660809,9.957,9.57945813112303,0.49,15.209,1844.97179110764,9.94296462293322
2022-08-28,2022-08-28 12:13:50.660809,9.917,9.54790718002396,0.49,15.355,1842.58089666163,9.91868414044808
2022-08-28,2022-08-28 12:28:50.660809,9.915,9.53059389014682,0.51,15.424,1833.53530695975,9.89290811822262
2022-08-28,2022-08-28 12:43:50.660809,9.884,9.49512004122474,0.5,15.587,1817.87377209235,9.86593481445537
2022-08-28,2022-08-28 12:58:50.660809,9.869,9.48075923060673,0.5,15.647,1795.66338470949,9.8393593608157
2022-08-28,2022-08-28 13:13:50.660809,9.858,9.46224550414929,0.51,15.741,1766.99929258271,9.81379811333689
2022-08-28,2022-08-28 13:28:50.660809,9.836,9.44424811901593,0.5,15.818,1732.00429102871,9.78903685812407
2022-08-28,2022-08-28 13:43:50.660809,9.802,9.43128381108203,0.49,15.895,1690.82829683662,9.76649240061517
2022-08-28,2022-08-28 13:58:50.660809,9.792,9.41828400451883,0.5,15.954,1643.64770607431,9.74504820873008
2022-08-28,2022-08-28 14:13:50.660809,9.771,9.41389793733429,0.49,15.989,1590.66463837705,9.72531507836735
2022-08-28,2022-08-28 14:28:50.660809,9.733,9.39479273637957,0.5,16.057,1532.10607113063,9.70615254500009
2022-08-28,2022-08-28 14:43:50.660809,9.717,9.38535297951473,0.5,16.091,1468.22286707568,9.68625469657949
2022-08-28,2022-08-28 14:58:50.660809,9.684,9.38086344908321,0.5,16.117,1399.28869963686,9.66785455319993
2022-08-28,2022-08-28 15:13:50.660809,9.671,9.37898290003353,0.5,16.125,1325.59888049955,9.65138387325001
2022-08-28,2022-08-28 15:28:50.660809,9.64,9.37722179337275,0.5,16.117,1247.46909458797,9.63665714961888
2022-08-28,2022-08-28 15:43:50.660809,9.625,9.38306674796754,0.49,16.083,1165.2340475677,9.62452724517803
2022-08-28,2022-08-28 15:58:50.660809,9.604,9.39295379776501,0.5,16.048,1079.24603205623,9.61520263676927
2022-08-28,2022-08-28 16:13:50.660809,9.585,9.39572836959715,0.5,16.023,989.873418420623,9.60720734416613
2022-08-28,2022-08-28 16:28:50.660809,9.567,9.40182382584878,0.5,15.989,897.499076620487,9.600203832312
2022-08-28,2022-08-28 16:43:50.660809,9.552,9.41329504175657,0.5,15.92,802.518736074316,9.59489332666286
2022-08-28,2022-08-28 16:58:50.660809,9.551,9.42751046897063,0.52,15.861,705.339290396844,9.59109577760898
2022-08-28,2022-08-28 17:13:50.660809,9.546,9.43635351878173,0.49,15.818,606.377054098007,9.58911522964002
2022-08-28,2022-08-28 17:28:50.660809,9.547,9.45316209032426,0.5,15.741,506.05597938508,9.58913214419903
2022-08-28,2022-08-28 17:43:50.660809,9.537,9.45619892356489,0.5,15.724,404.805839676524,9.58905262645849
2022-08-28,2022-08-28 17:58:50.660809,9.546,9.46668491728698,0.51,15.664,303.06038867151,9.58825128585384
2022-08-28,2022-08-28 18:13:50.660809,9.548,9.47676541564617,0.5,15.63,201.255502078969,9.58790893211385
2022-08-28,2022-08-28 18:28:50.660809,9.542,9.49427041979259,0.5,15.578,99.8273102536708,9.58894087788385
2022-08-28,2022-08-28 18:43:50.660809,9.547,9.49249357926365,0.51,15.544,0,9.58931662916753
2022-08-28,2022-08-28 18:58:50.660809,9.545,9.50334745177576,0.51,15.518,0,9.58943643526964
2022-08-28,2022-08-28 19:13:50.660809,9.557,9.51357454346076,0.49,15.467,0,9.59224574053008
2022-08-28,2022-08-28 19:28:50.660809,9.575,9.52528244196497,0.51,15.407,0,9.59684952644817
2022-08-28,2022-08-28 19:43:50.660809,9.575,9.53507021493553,0.5,15.39,0,9.60259297462556
2022-08-28,2022-08-28 19:58:50.660809,9.598,9.54593115920771,0.51,15.338,0,9.609341196686
2022-08-28,2022-08-28 20:13:50.660809,9.593,9.54973583701723,0.51,15.321,0,9.61602921141893
2022-08-28,2022-08-28 20:28:50.660809,9.608,9.5620537470928,0.51,15.278,0,9.62302464618003
2022-08-28,2022-08-28 20:43:50.660809,9.615,9.56291642790226,0.51,15.27,0,9.62994224481769
2022-08-28,2022-08-28 20:58:50.660809,9.616,9.57901017935169,0.5,15.218,0,9.63740675442221
2022-08-28,2022-08-28 21:13:50.660809,9.626,9.58204838938054,0.51,15.201,0,9.6453374478356
2022-08-28,2022-08-28 21:28:50.660809,9.647,9.59501660089134,0.52,15.141,0,9.65290428992213
2022-08-28,2022-08-28 21:43:50.660809,9.663,9.60535516742682,0.52,15.098,0,9.66117616083981
2022-08-28,2022-08-28 21:58:50.660809,9.672,9.62426666734491,0.52,15.02,0,9.6708316419746
2022-08-28,2022-08-28 22:13:50.660809,9.694,9.64108416159865,0.51,14.926,0,9.68246494343241
2022-08-28,2022-08-28 22:28:50.660809,9.716,9.66047509885197,0.52,14.822,0,9.69550688901457
2022-08-28,2022-08-28 22:43:50.660809,9.747,9.68469119998422,0.52,14.719,0,9.710247891657
2022-08-28,2022-08-28 22:58:50.660809,9.769,9.70255248210313,0.52,14.632,0,9.72634715143556
2022-08-28,2022-08-28 23:13:50.660809,9.775,9.71544801229363,0.52,14.572,0,9.74230394517766
2022-08-28,2022-08-28 23:28:50.660809,9.784,9.72228744379392,0.52,14.563,0,9.75697241478603
2022-08-28,2022-08-28 23:43:50.660809,9.803,9.73173597525219,0.51,14.52,0,9.77045350428488
2022-08-28,2022-08-28 23:58:50.660809,9.796,9.73526278647956,0.51,14.52,0,9.78264801383617
2022-08-28,2022-08-29 00:13:50.660809,9.807,9.74590852677535,0.52,14.468,0,9.79357335352427
2022-08-28,2022-08-29 00:28:50.660809,9.829,9.7559988754035,0.52,14.425,0,9.80420077714837
2022-08-28,2022-08-29 00:43:50.660809,9.823,9.76182107663856,0.51,14.399,0,9.81446520639059
2022-08-28,2022-08-29 00:58:50.660809,9.846,9.77172308198494,0.53,14.356,0,9.82404598454764
2022-08-28,2022-08-29 01:13:50.660809,9.853,9.78133091396067,0.52,14.304,0,9.83348486124634
2022-08-28,2022-08-29 01:28:50.660809,9.86,9.78719192556646,0.52,14.287,0,9.84275984579737
2022-08-28,2022-08-29 01:43:50.660809,9.872,9.79506931672619,0.51,14.243,0,9.85172961562492
2022-08-28,2022-08-29 01:58:50.660809,9.872,9.81087476633487,0.51,14.2,0,9.86151028115532
2022-08-28,2022-08-29 02:13:50.660809,9.884,9.81986512293775,0.54,14.139,0,9.87130057926289
2022-08-28,2022-08-29 02:28:50.660809,9.889,9.826181030335,0.52,14.122,0,9.88046009426793
2022-08-28,2022-08-29 02:43:50.660809,9.915,9.83397289640069,0.52,14.078,0,9.88955077322282
2022-08-28,2022-08-29 02:58:50.660809,9.914,9.84457145654061,0.51,14.052,0,9.89886692763879
2022-08-28,2022-08-29 03:13:50.660809,9.926,9.85397083518465,0.52,14.009,0,9.90833692288434
2022-08-28,2022-08-29 03:28:50.660809,9.937,9.86046988266746,0.52,13.983,0,9.91730603908528
2022-08-28,2022-08-29 03:43:50.660809,9.945,9.87220302760043,0.51,13.939,0,9.92650951240866
2022-08-28,2022-08-29 03:58:50.660809,9.951,9.87679489180023,0.51,13.913,0,9.93569946401565
2022-08-29,2022-08-29 04:13:50.660809,9.972,9.89262049283317,0.51,13.852,0,9.972
2022-08-29,2022-08-29 04:28:50.660809,9.976,9.89173885055556,0.52,13.835,0,9.94646821595836
2022-08-29,2022-08-29 04:43:50.660809,9.978,9.90624936339374,0.52,13.783,0,9.92650292876376
2022-08-29,2022-08-29 04:58:50.660809,9.984,9.90685146013515,0.53,13.783,0,9.91128285470569
2022-08-29,2022-08-29 05:13:50.660809,9.998,9.91984431662168,0.51,13.731,0,9.89964363713959
2022-08-29,2022-08-29 05:28:50.660809,10.006,9.92297258646404,0.52,13.713,62.5767405750612,9.89241318126096
2022-08-29,2022-08-29 05:43:50.660809,10.018,9.93394737099212,0.52,13.678,163.946176967475,9.89087733742851
2022-08-29,2022-08-29 05:58:50.660809,10.02,9.93701653276962,0.52,13.678,265.806984509226,9.8947222435833
2022-08-29,2022-08-29 06:13:50.660809,10.037,9.94794656555716,0.52,13.643,367.72279136199,9.90305158138969
2022-08-29,2022-08-29 06:28:50.660809,10.047,9.95280192859913,0.53,13.635,469.256989913111,9.9151978566072
2022-08-29,2022-08-29 06:43:50.660809,10.06,9.95601510685833,0.51,13.626,569.974607339555,9.93001382629534
2022-08-29,2022-08-29 06:58:50.660809,10.066,9.95302060937372,0.52,13.635,669.444168845456,9.94631563755407
2022-08-29,2022-08-29 07:13:50.660809,10.078,9.94945719593876,0.51,13.661,767.239546289003,9.96324614214596
2022-08-29,2022-08-29 07:28:50.660809,10.089,9.95065407742665,0.52,13.661,862.941783589049,9.98090116771469
2022-08-29,2022-08-29 07:43:50.660809,10.093,9.93803965659927,0.53,13.704,956.140891638569,9.99789316992591
2022-08-29,2022-08-29 07:58:50.660809,10.098,9.92559085193564,0.52,13.765,1046.43760460294,10.0134823805509
2022-08-29,2022-08-29 08:13:50.660809,10.095,9.90699805926704,0.52,13.852,1133.44509045695,10.0274946316457
2022-08-29,2022-08-29 08:28:50.660809,10.11,9.89389837955636,0.53,13.896,1216.79060815227,10.0394236566008
2022-08-29,2022-08-29 08:43:50.660809,10.103,9.87683418442132,0.53,13.983,1296.11710444897,10.0495512135104
2022-08-29,2022-08-29 08:58:50.660809,10.101,9.85036011213429,0.52,14.104,1371.08474353751,10.0575343384233
2022-08-29,2022-08-29 09:13:50.660809,10.093,9.82524615576229,0.53,14.209,1441.37236290422,10.0624578299837
2022-08-29,2022-08-29 09:28:50.660809,10.076,9.80061183390416,0.52,14.33,1506.67884920049,10.064829765905
2022-08-29,2022-08-29 09:43:50.660809,10.066,9.76934359261386,0.54,14.468,1566.72442820491,10.0638210842212
2022-08-29,2022-08-29 09:58:50.660809,10.052,9.7361205421869,0.53,14.615,1621.25186343521,10.0590238929202
2022-08-29,2022-08-29 10:13:50.660809,10.037,9.70780137784831,0.53,14.745,1670.02755810641,10.0519787887352
2022-08-29,2022-08-29 10:28:50.660809,10.045,9.68366978275278,0.53,14.848,1712.84255587802,10.0431944151936
2022-08-29,2022-08-29 10:43:50.660809,10.036,9.65463445258217,0.53,14.977,1749.51343605793,10.0326580026507
2022-08-29,2022-08-29 10:58:50.660809,10.016,9.62535528138497,0.52,15.124,1779.88309937966,10.020471874182
2022-08-29,2022-08-29 11:13:50.660809,9.984,9.5970014117806,0.51,15.27,1803.82144099495,10.0072785785743
2022-08-29,2022-08-29 11:28:50.660809,9.984,9.56556948434744,0.52,15.398,1821.22590790518,9.9917171346927
2022-08-29,2022-08-29 11:43:50.660809,9.96,9.53242523525988,0.51,15.561,1832.02193825988,9.97350138586151
2022-08-29,2022-08-29 11:58:50.660809,9.95,9.50433153400322,0.51,15.681,1836.16328081702,9.95369261072742
2022-08-29,2022-08-29 12:13:50.660809,9.927,9.47430856924462,0.5,15.826,1833.63219308728,9.93261310531889
2022-08-29,2022-08-29 12:28:50.660809,9.906,9.43901013030908,0.5,15.972,1824.43951734792,9.90954478140053
2022-08-29,2022-08-29 12:43:50.660809,9.873,9.40175939486005,0.49,16.125,1808.62463421794,9.883922256542
2022-08-29,2022-08-29 12:58:50.660809,9.86,9.37448215410877,0.49,16.262,1786.25529392896,9.85663637373668
2022-08-29,2022-08-29 13:13:50.660809,9.838,9.34886581738403,0.48,16.406,1757.42732613348,9.82875505575933
2022-08-29,2022-08-29 13:28:50.660809,9.817,9.31780708774692,0.47,16.542,1722.26422934955,9.8003988507001
2022-08-29,2022-08-29 13:43:50.660809,9.785,9.29376834715257,0.47,16.678,1680.91664189553,9.77089468676603
2022-08-29,2022-08-29 13:58:50.660809,9.746,9.26898300889785,0.46,16.814,1633.561696594,9.74072624084769
2022-08-29,2022-08-29 14:13:50.660809,9.719,9.24707387043314,0.45,16.908,1580.40226191199,9.7105986991454
2022-08-29,2022-08-29 14:28:50.660809,9.705,9.22528470198791,0.45,17.018,1521.66607288625,9.6798985742057
2022-08-29,2022-08-29 14:43:50.660809,9.677,9.20755754115947,0.44,17.103,1457.60475551035,9.64882487551294
2022-08-29,2022-08-29 14:58:50.660809,9.644,9.19258647524882,0.43,17.196,1388.49274879191,9.61840056781297
2022-08-29,2022-08-29 15:13:50.660809,9.62,9.18089065386277,0.43,17.238,1314.62612898415,9.58823416922693
2022-08-29,2022-08-29 15:28:50.660809,9.579,9.17089800978524,0.42,17.297,1236.32134132818,9.55846925643631
2022-08-29,2022-08-29 15:43:50.660809,9.539,9.16137892530388,0.42,17.34,1153.91384426932,9.52899411678283
2022-08-29,2022-08-29 15:58:50.660809,9.504,9.15840527149492,0.41,17.374,1067.75667245288,9.5001255937639
2022-08-29,2022-08-29 16:13:50.660809,9.47,9.15769056579004,0.41,17.348,978.218924236657,9.47239693588983
2022-08-29,2022-08-29 16:28:50.660809,9.439,9.16395091928821,0.41,17.314,885.684180562546,9.44584741483677
2022-08-29,2022-08-29 16:43:50.660809,9.387,9.16455326113698,0.39,17.323,790.548861598971,9.42082073063297
2022-08-29,2022-08-29 16:58:50.660809,9.35,9.1744752264275,0.39,17.272,693.220528595873,9.39713637049058
2022-08-29,2022-08-29 17:13:50.660809,9.314,9.18141508111456,0.39,17.23,594.116137712496,9.37432459857987
2022-08-29,2022-08-29 17:28:50.660809,9.276,9.18546411112682,0.38,17.213,493.660253947429,9.35170745917635
2022-08-29,2022-08-29 17:43:50.660809,9.252,9.1953990951609,0.38,17.153,392.283232223243,9.32939151391075
2022-08-29,2022-08-29 17:58:50.660809,9.22,9.20695043875704,0.37,17.111,290.419373681654,9.30776082428969
2022-08-29,2022-08-29 18:13:50.660809,9.217,9.21700329192491,0.37,17.043,188.505065210452,9.28659901324228
2022-08-29,2022-08-29 18:28:50.660809,9.194,9.23570256502137,0.36,16.984,86.9769099265297,9.26623887815047
2022-08-29,2022-08-29 18:43:50.660809,9.183,9.24700422636939,0.36,16.916,0,9.24696712509264
2022-08-29,2022-08-29 18:58:50.660809,9.172,9.26495695846272,0.35,16.848,0,9.23117052210854
2022-08-29,2022-08-29 19:13:50.660809,9.167,9.27929017910751,0.35,16.772,0,9.22089755126984
2022-08-29,2022-08-29 19:28:50.660809,9.162,9.27953057315549,0.36,16.721,0,9.21402802569536
2022-08-29,2022-08-29 19:43:50.660809,9.162,9.30530659329551,0.34,16.653,0,9.21046261896156
2022-08-29,2022-08-29 19:58:50.660809,9.167,9.31966458229248,0.35,16.568,0,9.21087630939559
2022-08-29,2022-08-29 20:13:50.660809,9.18,9.33685351098275,0.34,16.508,0,9.21401502035344
2022-08-29,2022-08-29 20:28:50.660809,9.187,9.34590211926128,0.34,16.449,0,9.21865233797184
2022-08-29,2022-08-29 20:43:50.660809,9.198,9.35996234936508,0.34,16.398,0,9.22449655624985
2022-08-29,2022-08-29 20:58:50.660809,9.194,9.37199138925589,0.33,16.355,0,9.23132475119137
2022-08-29,2022-08-29 21:13:50.660809,9.2,9.38179422644954,0.33,16.304,0,9.23857750578076
2022-08-29,2022-08-29 21:28:50.660809,9.228,9.40336234751337,0.32,16.219,0,9.24699577822435
2022-08-29,2022-08-29 21:43:50.660809,9.222,9.3977322980723,0.33,16.202,0,9.25529999512871
2022-08-29,2022-08-29 21:58:50.660809,9.227,9.41430109209166,0.33,16.142,0,9.26336510756299
2022-08-29,2022-08-29 22:13:50.660809,9.233,9.42383827230888,0.32,16.1,0,9.27198977042049
2022-08-29,2022-08-29 22:28:50.660809,9.236,9.43166917974423,0.32,16.057,0,9.28030175252134
2022-08-29,2022-08-29 22:43:50.660809,9.242,9.44303624887715,0.32,15.997,0,9.28880565101623
2022-08-29,2022-08-29 22:58:50.660809,9.261,9.45543436158165,0.32,15.929,0,9.29786278474636
2022-08-29,2022-08-29 23:13:50.660809,9.261,9.46254095957212,0.32,15.886,0,9.30700317571732
2022-08-29,2022-08-29 23:28:50.660809,9.267,9.47377326865084,0.32,15.835,0,9.31611437167406
2022-08-29,2022-08-29 23:43:50.660809,9.278,9.48750812417468,0.31,15.784,0,9.32547128854115
2022-08-29,2022-08-29 23:58:50.660809,9.291,9.50165273490918,0.31,15.707,0,9.33527598423186
2022-08-29,2022-08-30 00:13:50.660809,9.304,9.51212268535259,0.31,15.664,0,9.3454759793337
2022-08-29,2022-08-30 00:28:50.660809,9.294,9.51483945158019,0.31,15.63,0,9.35501235173476
2022-08-29,2022-08-30 00:43:50.660809,9.302,9.52789541141893,0.31,15.57,0,9.36422289490881
2022-08-29,2022-08-30 00:58:50.660809,9.316,9.54089691140665,0.31,15.518,0,9.3740614902929
2022-08-29,2022-08-30 01:13:50.660809,9.316,9.55114279068477,0.3,15.467,0,9.38384012643818
2022-08-29,2022-08-30 01:28:50.660809,9.339,9.5656498065218,0.3,15.398,0,9.39369304008898
2022-08-29,2022-08-30 01:43:50.660809,9.321,9.57713957637553,0.3,15.347,0,9.40404887476457
2022-08-29,2022-08-30 01:58:50.660809,9.352,9.58931265287143,0.3,15.287,0,9.41461801498259
2022-08-29,2022-08-30 02:13:50.660809,9.358,9.6007162704405,0.3,15.244,0,9.42535846485404
2022-08-29,2022-08-30 02:28:50.660809,9.364,9.61393920553265,0.3,15.184,0,9.43633106680906
2022-08-29,2022-08-30 02:43:50.660809,9.368,9.62045320608683,0.3,15.158,0,9.44707709855743
2022-08-29,2022-08-30 02:58:50.660809,9.391,9.63545509956002,0.3,15.072,0,9.45777950933893
2022-08-29,2022-08-30 03:13:50.660809,9.386,9.6387074807787,0.3,15.046,0,9.46816428749111
2022-08-29,2022-08-30 03:28:50.660809,9.418,9.66275554606093,0.29,14.951,0,9.47870741472424
2022-08-29,2022-08-30 03:43:50.660809,9.443,9.68106265211964,0.29,14.874,0,9.49066184183522
2022-08-29,2022-08-30 03:58:50.660809,9.439,9.68780062300581,0.3,14.831,0,9.50302081476652
2022-08-30,2022-08-30 04:13:50.660809,9.473,9.70959848706104,0.29,14.736,0,NA
2022-08-30,2022-08-30 04:28:50.660809,9.461,9.71460922921574,0.29,14.71,0,NA
2022-08-30,2022-08-30 04:43:50.660809,9.485,9.73456974927172,0.29,14.615,0,NA
2022-08-30,2022-08-30 04:58:50.660809,9.501,9.75341341002367,0.29,14.555,0,NA
2022-08-30,2022-08-30 05:13:50.660809,9.51,9.76463938542432,0.28,14.512,0,NA
2022-08-30,2022-08-30 05:28:50.660809,9.53,9.77620255283323,0.29,14.442,53.824672219599,NA
2022-08-30,2022-08-30 05:43:50.660809,9.562,9.79178729176053,0.29,14.382,155.317728156999,NA
2022-08-30,2022-08-30 05:58:50.660809,9.595,9.80136821238508,0.28,14.347,257.293555752792,NA
2022-08-30,2022-08-30 06:13:50.660809,9.666,9.81168078077258,0.29,14.287,359.315286561121,NA
2022-08-30,2022-08-30 06:28:50.660809,9.755,9.81908952103269,0.28,14.261,460.945855332507,NA
2022-08-30,2022-08-30 06:43:50.660809,9.848,9.82092324309975,0.29,14.252,561.749872526787,NA
2022-08-30,2022-08-30 06:58:50.660809,9.943,9.82224478345344,0.28,14.261,661.29548940875,NA
2022-08-30,2022-08-30 07:13:50.660809,10.007,9.81133152696511,0.29,14.287,759.156248291171,NA
2022-08-30,2022-08-30 07:28:50.660809,10.099,9.81462152288607,0.28,14.304,854.912909314258,NA
2022-08-30,2022-08-30 07:43:50.660809,10.143,9.80123484057285,0.29,14.347,948.155246596552,NA
2022-08-30,2022-08-30 07:58:50.660809,10.206,9.79768214459905,0.28,14.382,1038.48380563463,NA
2022-08-30,2022-08-30 08:13:50.660809,10.329,9.76930696032589,0.29,14.477,1125.51161458788,NA
2022-08-30,2022-08-30 08:28:50.660809,10.381,9.74036019828269,0.29,14.589,1208.86584206506,NA
2022-08-30,2022-08-30 08:43:50.660809,10.4,9.70913433799172,0.29,14.745,1288.18939442066,NA
2022-08-30,2022-08-30 08:58:50.660809,10.432,9.68085968596229,0.29,14.874,1363.14244549767,NA
2022-08-30,2022-08-30 09:13:50.660809,10.451,9.64765711897262,0.29,15.046,1433.40389246769,NA
2022-08-30,2022-08-30 09:28:50.660809,10.507,9.61476691844032,0.29,15.175,1498.67273149577,NA
2022-08-30,2022-08-30 09:43:50.660809,10.533,9.57829023174254,0.29,15.338,1558.66934725549,NA
2022-08-30,2022-08-30 09:58:50.660809,10.552,9.53993538883408,0.29,15.518,1613.13671075706,NA
2022-08-30,2022-08-30 10:13:50.660809,10.542,9.50190217634098,0.29,15.707,1661.84148058717,NA
2022-08-30,2022-08-30 10:28:50.660809,10.567,9.45365864315701,0.3,15.895,1704.57500245589,NA
2022-08-30,2022-08-30 10:43:50.660809,10.567,9.41890730991339,0.29,16.091,1741.15420314968,NA
2022-08-30,2022-08-30 10:58:50.660809,10.546,9.36883921500153,0.3,16.33,1771.4223748107,NA
2022-08-30,2022-08-30 11:13:50.660809,10.508,9.31002930248287,0.3,16.619,1795.24984631375,NA
2022-08-30,2022-08-30 11:28:50.660809,10.491,9.26161492399586,0.3,16.865,1812.53453876427,NA
